,dataset_id,mean_fit_time,std_fit_time,mean_score_time,std_score_time,mean_test_accuracy,hidden_dims,type
0,40996,24.80601326624552,1.9463571136854383,0.13936630884806314,0.007230970923425747,0.8312714217679632,0.05,PCA
1,40996,35.934472322463996,0.5280528141151609,0.14869292577107748,0.003383329053963119,0.8469714317742283,0.1,PCA
2,40996,37.455692370732635,0.2859975754630638,0.13531255722045898,0.02611914606337491,0.8522000007559892,0.15000000000000002,PCA
3,40996,38.5824457804362,0.4417682794706992,0.16785836219787598,0.0004041848697122484,0.8540571230019397,0.2,PCA
4,40996,40.641659736633294,0.448353781495813,0.1627229849497477,0.0014001185996192,0.8535000046340154,0.25,PCA
5,40996,41.85541987419128,0.42135044895715373,0.1598653793334961,0.02860173952244637,0.8523142795316452,0.3,PCA
6,40996,41.91461372375488,0.41647843335849816,0.18896015485127768,0.005424668669512873,0.8529999981032924,0.35000000000000003,PCA
7,40996,44.4199481010437,1.1377967624556409,0.20642550786336264,0.008782683407145548,0.8516142781028084,0.4,PCA
8,40996,45.589070240656525,1.1947250412944341,0.2039611339569092,0.007936185665579878,0.8510142903472865,0.45,PCA
9,40996,48.1210777759552,0.6540486556043875,0.20955443382263186,0.004059940482811959,0.8501000074897297,0.5,PCA
10,40996,51.07728751500447,0.8767246318794432,0.19232916831970212,0.001454598935031413,0.8494000072853654,0.55,PCA
11,40996,53.23376297950745,0.6797049373094405,0.2005945841471354,0.005805839937884083,0.8485000066727619,0.6000000000000001,PCA
12,40996,56.913115421930954,1.3950922964263346,0.1950975259145101,0.0058549942653114825,0.8475428697335111,0.6500000000000001,PCA
13,40996,55.76502799987793,1.8408055334087647,0.21710856755574545,0.018436841791465212,0.8457571507532574,0.7000000000000001,PCA
14,40996,56.38152289390564,1.229314286669407,0.2200031280517578,0.010071173621344921,0.845157132385928,0.7500000000000001,PCA
15,40996,61.50164103507996,1.3717030512305686,0.20972013473510745,0.01777132587272774,0.8438857334053944,0.8,PCA
16,40996,44.676262696584075,1.1047547531958049,0.23209238052368164,0.01006570391711535,0.8430714329971088,0.8500000000000001,PCA
17,40996,44.051927646001175,0.7748201007211399,0.2088624636332194,0.02700561512818195,0.8412714372820272,0.9000000000000001,PCA
18,40996,46.06133397420248,0.5683073560263462,0.2277291615804037,0.008729542416189359,0.8415285660578435,0.9500000000000001,PCA
19,40996,47.95877544085185,0.3271523559732518,0.2470037142435709,0.030298274796307062,0.8422142944252693,1.0,PCA
20,40668,0.4904278914133708,0.011203062262843136,0.009828488032023113,0.000128713258252903,0.659398729961366,0.05,PCA
21,40668,0.6488709449768066,0.006559494284811492,0.010561466217041016,7.006667334284214e-05,0.6717586630549018,0.1,PCA
22,40668,0.6921327114105225,0.02647618492924739,0.01393453280131022,0.004296679178322687,0.6747043237562355,0.15000000000000002,PCA
23,40668,0.7806084950764974,0.0475802464149736,0.011701424916585287,0.00029326753752580896,0.69396213567802,0.2,PCA
24,40668,0.9095468521118164,0.03145955858537723,0.011743863423665363,0.00024482800819183083,0.7018369673016861,0.25,PCA
25,40668,1.0325779120127359,0.03157578039022785,0.011976877848307293,0.00013195965207011436,0.7152330624509674,0.3,PCA
26,40668,1.1562256813049316,0.012397938360338158,0.012098153432210287,0.00013960520223750802,0.7234631496366032,0.35000000000000003,PCA
27,40668,1.304300308227539,0.01916138139290697,0.012569268544514976,0.00016221650799037548,0.7305830631910831,0.4,PCA
28,40668,1.3489558696746826,0.03549758805195445,0.013316631317138672,0.000963112519986726,0.7347869206743934,0.45,PCA
29,40668,1.5987786451975503,0.06634264939552828,0.01622883478800456,0.0026445130379309147,0.7412259277350978,0.5,PCA
30,40668,1.7399011452992756,0.037267406645403976,0.014598766962687176,0.0010119244054824417,0.7467619935757952,0.55,PCA
31,40668,1.8166029453277588,0.10648249657235576,0.014960289001464844,0.0013394340071731766,0.7484494574951522,0.6000000000000001,PCA
32,40668,2.0551331837972007,0.09304310425741336,0.014452695846557615,5.8826130702335594e-05,0.7516467575528812,0.6500000000000001,PCA
33,40668,2.3026345570882163,0.17678385025124604,0.01479204495747884,6.593479586944557e-05,0.7516911644981276,0.7000000000000001,PCA
34,40668,2.8140326340993247,0.10428020610494246,0.015229940414428713,5.985810114969423e-05,0.7540299302810961,0.7500000000000001,PCA
35,40668,3.3036330540974936,0.12974008914807286,0.01798081398010254,0.002387930916777209,0.755924626611602,0.8,PCA
36,40668,2.8789328734079995,0.1369419861537501,0.018264055252075195,0.001978773560703018,0.7559986381870125,0.8500000000000001,PCA
37,40668,3.9706493218739833,0.2899569945580527,0.02384797732035319,0.010130509034487829,0.7565315215299674,0.9000000000000001,PCA
38,40668,8.105989456176758,4.1297398661421285,0.017208019892374676,0.00043389702529340917,0.7572568349689893,0.9500000000000001,PCA
39,40668,7.181456406911213,2.526098512261249,0.017300526301066082,0.000128919039757785,0.7575676835857128,1.0,PCA
40,1492,4.464200655619304,0.2989517454572158,0.0013758341471354167,0.0003245293079576951,0.37187450958347096,0.05,PCA
41,1492,2.4920233885447183,0.023220144101804324,0.0010759830474853516,0.00022190618465097665,0.5399945658920721,0.1,PCA
42,1492,2.5208326180775957,0.035417886908174316,0.0009796619415283203,8.918915814713158e-05,0.5918785851644169,0.15000000000000002,PCA
43,1492,2.8991914590199785,0.5024514323223134,0.0009185473124186198,1.5192001594448919e-05,0.5762555248715839,0.2,PCA
44,1492,2.915771961212158,0.4694080119935436,0.0010947386423746746,0.00025196729482773267,0.5849864030187407,0.25,PCA
45,1492,3.1233615875244136,0.6867912326610361,0.0010695457458496094,0.0001475155432620817,0.5906125785544805,0.3,PCA
46,1492,2.7969110806783046,0.1257748628984138,0.0010932286580403645,0.0002012045954115789,0.5899977279807371,0.35000000000000003,PCA
47,1492,2.7304130395253505,0.510744807819252,0.0009725093841552734,3.7394999660227983e-05,0.5699746798678013,0.4,PCA
48,1492,3.4881066481272383,0.5692462030527345,0.0009564558664957682,1.0891551736418339e-05,0.5812364000908808,0.45,PCA
49,1492,2.8318660259246826,0.2190673893884316,0.0009301503499348961,3.8775752170032795e-05,0.5731051476461179,0.5,PCA
50,1492,2.7112916310628257,0.1293469386124492,0.0009674231211344401,3.8228510763168075e-05,0.5680973361159715,0.55,PCA
51,1492,2.8970128695170083,0.18154868641194588,0.0009685357411702474,5.649844038383555e-06,0.5843598410054973,0.6000000000000001,PCA
52,1492,2.7267616589864097,0.2298232738540735,0.00103759765625,3.154762230386944e-05,0.5812246886513809,0.6500000000000001,PCA
53,1492,2.701297839482625,0.18499269876697708,0.0010437965393066406,1.636600713894893e-05,0.5862325001815273,0.7000000000000001,PCA
54,1492,2.7858031590779624,0.11209401917528196,0.0010708967844645183,3.580320687863941e-05,0.5881098439333572,0.7500000000000001,PCA
55,1492,2.8968361218770347,0.4312443712919862,0.0012811819712320964,0.00024143695202941132,0.5799762492006942,0.8,PCA
56,1492,2.9946079254150386,0.6183427356322091,0.001226663589477539,0.0003034875286251393,0.5799926452159941,0.8500000000000001,PCA
57,1492,2.2238200505574546,0.14599712082391686,0.0011699199676513672,0.00018273017507188595,0.5799903029280941,0.9000000000000001,PCA
58,1492,2.289067029953003,0.19020664450220706,0.0010346571604410806,1.8704676611822088e-05,0.5762239039849344,0.9500000000000001,PCA
59,1492,2.7430044015248622,0.3104189790778217,0.0010567506154378254,8.490052534545639e-05,0.5856129650319839,1.0,PCA
60,44,0.027143557866414387,0.003067741170398823,0.0011754830678304036,0.0002071530786175343,0.8026529490425474,0.05,PCA
61,44,0.05831599235534667,0.016454213141444792,0.0011074542999267578,3.936915739854444e-06,0.804825775571074,0.1,PCA
62,44,0.0628372033437093,0.011439463198173041,0.0012294451395670574,8.611110808383285e-05,0.8598146300723499,0.15000000000000002,PCA
63,44,0.06991918881734213,0.001403519453551283,0.001278241475423177,2.0433027078658854e-05,0.8724189800344897,0.2,PCA
64,44,0.09488073984781903,0.01809931638721048,0.00633700688680013,0.0071248041497022924,0.88437314046787,0.25,PCA
65,44,0.11686984697977702,0.022189383762686463,0.001300493876139323,2.6113335377257167e-05,0.8848078758689392,0.3,PCA
66,44,0.17846465110778809,0.030081707513307968,0.0013318856557210286,3.5360153748721044e-05,0.8917627918092279,0.35000000000000003,PCA
67,44,0.30716904004414874,0.017810391884078892,0.002190113067626953,0.0011928236311170431,0.9006755053887628,0.4,PCA
68,44,0.2617340882619222,0.039336142139632366,0.00131988525390625,2.774137884370913e-05,0.9028491823941092,0.45,PCA
69,44,0.32848318417867023,0.05734701701203965,0.0027674833933512373,0.0020396351307937115,0.908716905466383,0.5,PCA
70,44,0.8039351304372152,0.3104806123087928,0.0018850962320963547,0.0007228067381286115,0.9178442226967884,0.55,PCA
71,44,0.6971797943115234,0.2168176633636517,0.0013565222422281902,8.385136195667513e-05,0.9165411504626736,0.6000000000000001,PCA
72,44,1.0621723333994548,0.2229425154496404,0.002535581588745117,0.0012962857830961408,0.9202368974832408,0.6500000000000001,PCA
73,44,1.1313815116882324,0.22990282309914384,0.004031181335449219,0.003581235063098682,0.9180635039701676,0.7000000000000001,PCA
74,44,1.0331676801045735,0.30909532317309196,0.003079017003377279,0.0012829592450704654,0.9200196006557744,0.7500000000000001,PCA
75,44,0.7072591781616211,0.11060504061982644,0.0017635027567545574,0.00027697695172510385,0.921106084793106,0.8,PCA
76,44,0.8223570187886556,0.1191626997642069,0.003679037094116211,0.002996443089673527,0.924148382123771,0.8500000000000001,PCA
77,44,1.0113120873769124,0.015371895460496391,0.0030096371968587237,0.0010540420457772846,0.9237137884688384,0.9000000000000001,PCA
78,44,1.0734787782033284,0.2635661284289576,0.0026929378509521484,0.0005164017636074877,0.9230620397325762,0.9500000000000001,PCA
79,44,0.8500643571217855,0.13195904250327686,0.003650665283203125,0.002537606867044728,0.9237137884688384,1.0,PCA
0,44,20.99646155039469,3.613848220498996,0.009123484293619793,0.0015368282878161401,0.8843765423751493,0.05,AE
1,44,17.489192406336468,2.2444151855095047,0.009827613830566406,0.0007637628443404237,0.8787224307307892,0.05,DAE
2,44,23.25211477279663,0.8554332046128584,0.010712782541910808,0.0007523114396625593,0.8835060793500542,0.05,SAE
3,44,19.29721315701802,4.110946426648368,0.011412541071573893,0.002694067000138621,0.8904590108444298,0.1,AE
4,44,17.133464177449547,3.1406804812913043,0.01319559415181478,0.0019063612680403914,0.8950229529519058,0.1,DAE
5,44,22.27257601420085,2.975784316942933,0.01274418830871582,0.0016627743935735545,0.8954596727988879,0.1,SAE
6,44,21.828055381774906,1.2293931184125657,0.01153890291849772,0.0007825004391070013,0.9076263106910888,0.15000000000000002,AE
7,44,19.036074161529537,3.2336917293816487,0.011335293451944986,0.001897798883743918,0.9006739461812598,0.15000000000000002,DAE
8,44,24.902097145716358,0.5103050781022179,0.01411302884419759,0.003757229758613932,0.9041512624052674,0.15000000000000002,SAE
9,44,23.73394091924032,0.1828725026566503,0.014453172683715819,0.002839361229373343,0.902193181273748,0.2,AE
10,44,17.041535933812455,2.7249864231974192,0.015307426452636719,0.00034270346604200813,0.9032819333492657,0.2,DAE
11,44,25.08290298779805,0.5242280091699805,0.017102638880411785,0.0034452351354267072,0.8987195504492927,0.2,SAE
12,44,22.769593636194863,0.9788938122361782,0.02180814743041992,0.0074577487058591204,0.9063259316335702,0.25,AE
13,44,19.02950636545817,1.4239472683838783,0.012248357137044271,0.0016236259762561346,0.9089320761018,0.25,DAE
14,44,23.524124463399247,2.6980043554953186,0.01645827293395996,0.0023959551790183825,0.9098023973807582,0.25,SAE
15,44,19.08859697977702,0.4264102849027484,0.015266974767049152,0.0010043096436089703,0.9091500816599494,0.3,AE
16,44,15.054918845494587,2.1765151147730077,0.015713612238566082,0.000377869521692952,0.9128449782036966,0.3,DAE
17,44,25.29994773864746,0.28813758465899064,0.01325662930806478,0.0014110259087820375,0.9134977191629154,0.3,SAE
18,44,19.55782151222229,3.1766678268118067,0.013100147247314451,0.0029533420954914393,0.9121937964519808,0.35000000000000003,AE
19,44,17.595272620518998,2.4462825134457167,0.024583816528320312,0.009706753521765624,0.9108877475489968,0.35000000000000003,DAE
20,44,23.70415425300598,3.2057530062922366,0.01950303713480632,0.00480683602697672,0.911540205015942,0.35000000000000003,SAE
21,44,23.655703783035282,1.4014399927448475,0.012989838918050127,0.0024752017830470077,0.9121953556594838,0.4,AE
22,44,14.005689859390259,0.7764367880661349,0.01366424560546875,0.002567899308649505,0.9080634557764812,0.4,DAE
23,44,23.99852967262268,0.4224308207575761,0.023902177810668945,0.0037927113843995264,0.9167550453828603,0.4,SAE
24,44,23.63119721412659,1.3412325706975872,0.014294385910034181,0.0037715580996814414,0.9213196962210196,0.45,AE
25,44,16.043786764144894,0.803318005435994,0.0345762570699056,0.005735823780448751,0.9137143072596984,0.45,DAE
26,44,25.10385950406393,1.483349270212874,0.029445648193359375,0.01735912211917424,0.9150196474319996,0.45,SAE
27,44,18.35759377479553,1.8038893384550991,0.0197134017944336,0.009950066171816202,0.9121935129597076,0.5,AE
28,44,15.503382682800293,0.9021311545552996,0.015902121861775715,0.004244178040223732,0.9128449782036966,0.5,DAE
29,44,23.815162897109985,2.134100558734357,0.019477685292561848,0.006320544643643465,0.9182773988903546,0.5,SAE
30,44,19.513017654418945,1.3183750017006892,0.015401601791381838,0.003032430645941049,0.9180625117472112,0.55,AE
31,44,13.942218621571861,1.7070441535280019,0.02793264389038086,0.011903991627555751,0.915670120453032,0.55,DAE
32,44,23.62871654828389,1.9059525493681515,0.015912294387817383,0.003591486464663376,0.9171923322143892,0.55,SAE
33,44,19.902586698532104,2.862777653743361,0.018944501876831055,0.01046983081891088,0.9167597230053696,0.6000000000000001,AE
34,44,16.139958302179977,0.3906312045624011,0.016118526458740234,0.0064327611009786356,0.9163228614122508,0.6000000000000001,DAE
35,44,23.25342845916748,3.0837810750264016,0.022329648335774745,0.006883995132553006,0.9247991386370767,0.6000000000000001,SAE
36,44,20.67573507626852,3.5509234629977344,0.02828176816304525,0.018379196869290845,0.9180623700010744,0.6500000000000001,AE
37,44,14.563476324081421,1.1139153245771545,0.011460542678833008,0.0005773672025910682,0.917192048722116,0.6500000000000001,DAE
38,44,24.720104932785034,3.230386531116765,0.01641996701558431,0.0034127045104345856,0.9148023506045332,0.6500000000000001,SAE
39,44,22.90688943862915,1.4589741584980402,0.0155793825785319,0.0018261341318468,0.9182786746055844,0.7000000000000001,AE
40,44,13.075522502263384,0.6393167073211754,0.010637521743774414,0.00023262673970284947,0.9158894017264112,0.7000000000000001,DAE
41,44,26.045789559682213,1.8617661551575009,0.0213476022084554,0.0060299148443113786,0.9208873705042732,0.7000000000000001,SAE
42,44,18.87016995747884,2.702236624102159,0.014487346013387043,0.0022294076057789197,0.9180623700010744,0.7500000000000001,AE
43,44,15.419357458750405,1.1998512826466108,0.015056212743123371,0.004829934018878326,0.9167583055440032,0.7500000000000001,DAE
44,44,18.993017037709556,2.655346238749224,0.02246586481730144,0.006976782925232974,0.9252337322920096,0.7500000000000001,SAE
45,44,20.07675631841024,2.2658679341408736,0.016146262486775715,0.0010273864688362334,0.9221910097229346,0.8,AE
46,44,13.85536773999532,3.019628193109195,0.01165191332499186,0.0007811026473153603,0.9171946001525756,0.8,DAE
47,44,24.600345055262252,0.9090952557964508,0.02609697977701823,0.005058497786740378,0.9178420965047388,0.8,SAE
48,44,21.708846410115555,1.165426231968731,0.018639246622721355,0.007427805155910215,0.9187142604834734,0.8500000000000001,AE
49,44,13.614528020222984,1.7068240958210723,0.014015515645345051,0.002724195601405773,0.9187125595298338,0.8500000000000001,DAE
50,44,21.51701307296753,0.4916461849112132,0.02290217081705729,0.006791688406347368,0.9189309903263932,0.8500000000000001,SAE
51,44,21.355537335077926,2.631311183000776,0.019174893697102863,0.004437042978837179,0.9252335905458728,0.9000000000000001,AE
52,44,10.952394962310793,1.927372089007172,0.022982199986775715,0.006477913229857156,0.9154535323562488,0.9000000000000001,DAE
53,44,24.01462809244792,1.479841316397733,0.03374210993448893,0.008172897205959973,0.9213206884439762,0.9000000000000001,SAE
54,44,15.722296555836994,2.023932184093379,0.023411273956298828,0.005959562064840761,0.9169750353869228,0.95,AE
55,44,13.34596347808838,0.8589775328964733,0.017650922139485676,0.004186809784743119,0.9124118020101304,0.95,DAE
56,44,20.035249789555863,2.2058770181111047,0.02616985638936361,0.00938058994831105,0.9217566995602752,0.95,SAE
57,44,19.296752373377487,2.0389013568647365,0.01777823766072591,0.003304476519699089,0.9239303765656214,1.0,AE
58,44,14.169900019963588,3.4509650209543663,0.024206797281901043,0.010328878023942771,0.9191478619154496,1.0,DAE
59,44,20.613140583038327,1.9805309545976584,0.02256321907043457,0.005325714152366082,0.923276785129583,1.0,SAE
120,1492,10.312036037445068,1.10883894980221,0.013064304987589521,0.0018676881470356145,0.3825178658009571,0.05,AE
121,1492,11.434587717056274,2.4359967827067246,0.012066682179768879,0.0022633913611386962,0.3718721672955709,0.05,DAE
122,1492,10.8372372786204,1.0877663894320264,0.014247894287109375,0.00026020640070739654,0.3837545938121438,0.05,SAE
123,1492,9.958748896916706,1.4399656650342347,0.022882699966430664,0.00788904438844867,0.4399917551465921,0.1,AE
124,1492,9.143594821294153,0.5179959350414307,0.02147674560546875,0.005181290381579711,0.455604275143875,0.1,DAE
125,1492,9.367950598398844,1.6117032307178734,0.01894100507100423,0.005406980042310878,0.4812534987925506,0.1,SAE
126,1492,9.100141048431396,0.5419964845525712,0.023654699325561523,0.002565076363751837,0.5181199391942061,0.15000000000000002,AE
127,1492,9.093578656514486,1.1407584199496534,0.024192333221435547,0.002622513820067567,0.4943539150171104,0.15000000000000002,DAE
128,1492,9.697840054829916,0.5204346514789859,0.020103613535563152,0.0015211571256450696,0.5412406630548587,0.15000000000000002,SAE
129,1492,10.128596703211468,0.846820033952678,0.015067259470621744,0.003437162184080596,0.5456148857080619,0.2,AE
130,1492,9.099798281987507,0.34639110526512723,0.015168507893880209,0.002730160456674732,0.5193718920767427,0.2,DAE
131,1492,10.632115364074707,2.232774418508787,0.026425520579020183,0.01065993749628303,0.551874650120745,0.2,SAE
132,1492,10.516361872355144,0.9297279763392124,0.013386170069376629,0.00125890175897223,0.5825035778447673,0.25,AE
133,1492,8.467900911966959,1.5444275348695091,0.013272126515706379,0.004057767248192448,0.5431238625264386,0.25,DAE
134,1492,9.504738410313923,1.221697031683208,0.028637806574503582,0.007223334688974571,0.5675082507091277,0.25,SAE
135,1492,10.47142235438029,1.4406223287638062,0.017437060674031574,0.0033755969074807826,0.5750000585571975,0.3,AE
136,1492,8.413458665211996,0.6023186497450365,0.014283100763956703,0.0008530260331765608,0.5556281664804549,0.3,DAE
137,1492,9.977842410405476,0.6179860014126215,0.016153732935587566,0.0007515968470996734,0.5862453827649771,0.3,SAE
138,1492,9.618202606836952,1.3760126727764972,0.015499273935953775,0.0023012393474966105,0.5912473385753736,0.35000000000000003,AE
139,1492,8.608606894810995,1.2942045838019116,0.014797210693359375,0.001337632531050519,0.5837520172954539,0.35000000000000003,DAE
140,1492,9.947859048843382,1.5211002479785505,0.015807390213012695,0.0002274031691420668,0.5874891376398639,0.35000000000000003,SAE
141,1492,12.232943852742515,1.1662197086375503,0.014324029286702475,0.0016581051027926975,0.6093731334893296,0.4,AE
142,1492,10.853080034255981,1.4450882214168357,0.01804049809773764,0.005983052867571993,0.580003185511544,0.4,DAE
143,1492,10.718119223912556,0.4606489398986525,0.02019008000691732,0.006053574823331709,0.5987403175673934,0.4,SAE
144,1492,13.954444646835327,0.22591883447636424,0.02076125144958496,0.007446994890132038,0.6337575216720187,0.45,AE
145,1492,9.885089317957561,1.3285436851117465,0.023503621419270832,0.00800223388095807,0.5818793581194238,0.45,DAE
146,1492,12.325215021769203,0.6537013194192552,0.018379052480061848,0.0015568229635667856,0.5893863908388436,0.45,SAE
147,1492,14.708215395609535,2.42999760897947,0.02660655975341797,0.010318333612516876,0.6262633715360489,0.5,AE
148,1492,10.971199035644533,0.3047705790230971,0.016991058985392254,0.003877329139260125,0.5825000644129172,0.5,DAE
149,1492,9.992334683736166,0.5958449631834001,0.02524741490681966,0.010874955228802163,0.6037504713854399,0.5,SAE
150,1492,14.385091384251911,0.5520547796708422,0.029719988505045574,0.0064114555737520154,0.6025067165105532,0.55,AE
151,1492,10.712531884511312,0.4514003033155356,0.02181235949198405,0.0008703800907186051,0.5918891254599667,0.55,DAE
152,1492,11.552277882893884,1.155965117047821,0.018709262212117512,0.0015892820142531141,0.60187664106546,0.55,SAE
153,1492,13.38808290163676,0.8652100439714444,0.017628033955891926,0.002639226576137901,0.6281360307120789,0.6000000000000001,AE
154,1492,10.008820295333864,0.3828261476919793,0.01477996508280436,0.0008598059864132945,0.5975117875638566,0.6000000000000001,DAE
155,1492,16.511256615320846,2.076880666699835,0.029128154118855793,0.0112566121498604,0.6012582770598666,0.6000000000000001,SAE
156,1492,14.103423515955608,2.6078845318230237,0.0280762513478597,0.008790217508428668,0.6187657079682292,0.6500000000000001,AE
157,1492,10.934141556421917,0.8933871504895846,0.017934401830037434,0.00232367379121735,0.609995010926773,0.6500000000000001,DAE
158,1492,14.149191617965698,1.973377466551731,0.029911120732625324,0.0029645497665513236,0.6137578964380829,0.6500000000000001,SAE
159,1492,14.133155504862465,1.3934826469049837,0.02677607536315918,0.01456539876191918,0.6256414940986056,0.7000000000000001,AE
160,1492,11.484789768854775,1.1286863899077892,0.021973212560017902,0.007422812518370627,0.5837496750075538,0.7000000000000001,DAE
161,1492,14.410562515258787,1.386224189528911,0.03301747639973958,0.0033919899945968265,0.6168707970571494,0.7000000000000001,SAE
162,1492,14.83457612991333,0.8751491518186099,0.015588363011678059,0.0003835107587137491,0.6156328979020127,0.7500000000000001,AE
163,1492,10.964266618092857,1.6645448598716917,0.024802366892496742,0.004106202107644998,0.5987496867189934,0.7500000000000001,DAE
164,1492,13.393301089604694,2.050718608751792,0.03394381205240885,0.012012269049615006,0.6224922880170893,0.7500000000000001,SAE
165,1492,14.262764294942222,1.9638283437554067,0.029502073923746742,0.009139848595448221,0.6300098610320589,0.8,AE
166,1492,11.183471600214641,1.5620911618037834,0.02682646115620931,0.0045630750802154825,0.6068867948835063,0.8,DAE
167,1492,13.724401473999025,1.1858513258954728,0.025031328201293945,0.004468540211683179,0.6093778180651297,0.8,SAE
168,1492,14.700382232666016,0.9181220511108272,0.04373836517333984,0.022135255330135897,0.622515710896089,0.8500000000000001,AE
169,1492,11.176400502522789,0.7684684620740674,0.02274775505065918,0.005069300439167225,0.6074957897374998,0.8500000000000001,DAE
170,1492,15.685114781061804,1.4370225219991255,0.03290804227193197,0.006406519656241251,0.6224922880170893,0.8500000000000001,SAE
171,1492,14.046211322148645,0.19655432346546364,0.026755650838216145,0.0071698493584030016,0.6299911227288592,0.9000000000000001,AE
172,1492,10.799865325291954,0.3030484147744389,0.03960704803466797,0.0236984801038044,0.6131407035764395,0.9000000000000001,DAE
173,1492,13.408273617426556,1.2707057253931842,0.022907177607218426,0.0025688858333702386,0.6212543888619525,0.9000000000000001,SAE
174,1492,13.793763240178428,0.5203888269803133,0.01950613657633464,0.0012364464185553572,0.6331297885148255,0.95,AE
175,1492,11.05082106590271,1.5395831226667849,0.02918553352355957,0.01184404515064893,0.6112610175367096,0.95,DAE
176,1492,13.193044980367027,0.8399729507586128,0.02577948570251465,0.003983259950255181,0.6175125839417426,0.95,SAE
177,1492,14.110174735387169,2.434910898597304,0.020520766576131184,0.003855923610481111,0.6212532177180026,1.0,AE
178,1492,10.237794081370037,1.2452460085741728,0.02271334330240885,0.0050526543794677655,0.6200094628431159,1.0,DAE
179,1492,14.666949431101479,1.4627010694285891,0.0499113400777181,0.02313841914102761,0.6143750892997262,1.0,SAE
240,40668,167.65167109171546,26.126968605712253,0.07974974314371745,0.028907725237155683,0.658466184111195,0.05,AE
241,40668,187.38871955871585,12.022487465469256,0.07302157084147136,0.017169087127157697,0.6583033586452921,0.05,DAE
242,40668,211.31176916758216,49.51129670457907,0.09893345832824707,0.031870301729868954,0.6580961262341429,0.05,SAE
243,40668,190.03123084704083,21.25388591452182,0.05885990460713705,0.013069845158545165,0.6656305046109211,0.1,AE
244,40668,150.30766503016153,28.35194915288922,0.06559284528096516,0.008389264028256481,0.6645203309797653,0.1,DAE
245,40668,289.34528803825384,37.26889293045637,0.057932535807291664,0.007682447405374063,0.6662077948991222,0.1,SAE
246,40668,136.05545202891028,24.86717348520409,0.0569920539855957,0.01271451298757983,0.6675696078866734,0.15000000000000002,AE
247,40668,131.52050956090292,10.51599572195006,0.08533835411071777,0.030641152532920712,0.6734905339195049,0.15000000000000002,DAE
248,40668,148.18467259407043,19.79715364018137,0.08101471265157062,0.02757805086779344,0.6709001287801413,0.15000000000000002,SAE
249,40668,113.58849509557085,16.890180396472708,0.09691794713338216,0.05988047856114378,0.6868718267537043,0.2,AE
250,40668,145.68297131856286,24.749063716607257,0.06677023569742839,0.015319355762929003,0.6813061562828427,0.2,DAE
251,40668,115.2234182357788,2.62926368472662,0.06537151336669922,0.013831737222557488,0.6728540343709756,0.2,SAE
252,40668,119.74388202031452,23.93902074379243,0.07396284739176433,0.02417886304265831,0.6852287697795935,0.25,AE
253,40668,135.4939879576365,17.53477027833068,0.08303006490071614,0.0101542758249586,0.6994093876282249,0.25,DAE
254,40668,103.0586174329122,4.3826019666382585,0.08398278554280597,0.011943557854912431,0.6908240448806193,0.25,SAE
255,40668,124.41901628176373,9.964114613875248,0.07150602340698242,0.0006632012094307308,0.6985656556685466,0.3,AE
256,40668,123.1167151927948,20.714394769920965,0.07380072275797528,0.02598668516449152,0.711961750817828,0.3,DAE
257,40668,101.52343193689985,29.425641683607626,0.0987846851348877,0.03780607817381984,0.6984916440931362,0.3,SAE
258,40668,118.28689249356589,11.95885423527261,0.09480778376261394,0.034499403150628716,0.7084536021433752,0.35000000000000003,AE
259,40668,151.71858843167627,12.024956822080474,0.10129737854003906,0.032941156938685566,0.7086904391846884,0.35000000000000003,DAE
260,40668,89.14541260401406,9.596417969828133,0.09093038241068524,0.033612568466658124,0.7023846529597231,0.35000000000000003,SAE
261,40668,120.57557368278505,15.034260146848052,0.0595085620880127,0.0006640979938091435,0.7164320499726159,0.4,AE
262,40668,113.61245099703473,22.07098779653985,0.13354714711507162,0.04195622674375612,0.7154698994922807,0.4,DAE
263,40668,95.98097236951193,4.996644748971127,0.06921553611755371,0.005444460315810029,0.7155439110676909,0.4,SAE
264,40668,122.16918468475342,26.845965894487023,0.08190528551737468,0.02188855130665863,0.7187708157555841,0.45,AE
265,40668,96.17863599459332,13.944658977107947,0.07412783304850261,0.011739925185704709,0.7214352324703585,0.45,DAE
266,40668,73.85856596628825,11.023744881002129,0.07544183731079103,0.015806543248364616,0.7035540358512072,0.45,SAE
267,40668,85.62153474489848,14.31956517751627,0.10049192110697427,0.028228938091911564,0.7145521559571918,0.5,AE
268,40668,96.42479546864828,19.94158520782775,0.0862118403116862,0.017348699405499983,0.7206211051408441,0.5,DAE
269,40668,83.76360082626344,8.105315563668022,0.06754215558369954,0.012062596908587249,0.7040277099338336,0.5,SAE
270,40668,89.85470867156981,5.308509384775811,0.0637350082397461,0.011853710526444414,0.7212428023742913,0.55,AE
271,40668,100.82623855272932,11.377349702795662,0.06555008888244629,0.002072687334023898,0.7214204301552763,0.55,DAE
272,40668,78.23664911588033,7.693919272126851,0.12451823552449545,0.038705857077717176,0.718548781029353,0.55,SAE
273,40668,106.57332372665405,5.085217974264714,0.07982842127482097,0.015921149202128025,0.7235371612120135,0.6000000000000001,AE
274,40668,81.67452335357666,6.025661677870422,0.12504728635152182,0.027591787819550642,0.7266900543244964,0.6000000000000001,DAE
275,40668,78.90850559870401,10.170309540402313,0.11639841397603352,0.021842121681463152,0.7201622333732995,0.6000000000000001,SAE
276,40668,86.24828243255615,4.490004361877271,0.08189193407694499,0.012625704903594966,0.7201770356883817,0.6500000000000001,AE
277,40668,91.6060291926066,18.2526043767478,0.08692439397176106,0.010382712075765464,0.7321521085897835,0.6500000000000001,DAE
278,40668,72.65065558751424,8.044968430783065,0.12112021446228027,0.035301455374547416,0.7243216839113638,0.6500000000000001,SAE
279,40668,82.53917002677917,12.247633411263593,0.10931889216105144,0.02326167654736771,0.7255946830084227,0.7000000000000001,AE
280,40668,103.82422685623169,10.318792094400644,0.07109713554382324,0.009469713267238208,0.7303610284648521,0.7000000000000001,DAE
281,40668,64.45834032694499,14.163959188179321,0.10019373893737793,0.039246708047940886,0.7267048566395783,0.7000000000000001,SAE
282,40668,80.8428087234497,19.39784059884241,0.1118783950805664,0.04811441736397642,0.7258167177346536,0.7500000000000001,AE
283,40668,75.44532998402912,20.27120228506253,0.11716341972351076,0.026356657263386204,0.7315748183015823,0.7500000000000001,DAE
284,40668,54.35939661661784,10.488436630260733,0.10345745086669922,0.03001104312570436,0.7252394274464526,0.7500000000000001,SAE
285,40668,61.22396771113078,9.837594556756974,0.12501072883605954,0.05356696112419022,0.7208431398670753,0.8,AE
286,40668,78.63502462704977,13.411640075494162,0.09561459223429362,0.022638197335264874,0.7303314238346877,0.8,DAE
287,40668,64.75001772244771,15.129450561798599,0.11049977938334148,0.0256355998963464,0.725135811240878,0.8,SAE
288,40668,72.62495239575702,10.808150812243133,0.11295016606648765,0.026082237980925384,0.7224269875808577,0.8500000000000001,AE
289,40668,88.09484672546387,15.376126627581368,0.10520752271016436,0.04341670708234447,0.7342688396465208,0.8500000000000001,DAE
290,40668,55.43098012606304,10.7168810519098,0.11905797322591145,0.01887207578414316,0.7262311825569521,0.8500000000000001,SAE
291,40668,62.003509442011506,9.056230899923591,0.10826849937438963,0.03704970319103894,0.7267936705300708,0.9000000000000001,AE
292,40668,98.66338308652244,18.23105858690741,0.0872797966003418,0.021611450400454025,0.735808280415057,0.9000000000000001,DAE
293,40668,59.75758647918701,14.217797941104436,0.09174823760986328,0.0254653457312539,0.7346388975235727,0.9000000000000001,SAE
294,40668,68.78398497899373,2.778890153346485,0.07990002632141112,0.01124693907266078,0.7297541335464867,0.95,AE
295,40668,68.36286807060243,20.225358042586826,0.09723615646362303,0.011105362509754262,0.734875734564886,0.95,DAE
296,40668,58.92191306749979,3.7876492066515786,0.10817551612854004,0.020392831410106827,0.7339579910297971,0.95,SAE
297,40668,51.85537687937418,2.454977417349849,0.08012549082438153,0.010125690191525854,0.730005772902882,1.0,AE
298,40668,91.724143743515,13.027957822862401,0.10768659909566244,0.04312425396462104,0.7447192740944684,1.0,DAE
299,40668,56.896694024403885,10.999897310941195,0.11976854006449382,0.02285309427769497,0.7312047604245304,1.0,SAE
360,40996,282.14041670163465,32.0038407241365,0.5710956255594889,0.006869896321493215,0.8418714678940796,0.05,AE
361,40996,276.50588925679523,46.48890714811943,0.5675178368886312,0.009285904998541884,0.8457714054475841,0.05,DAE
362,40996,226.6329824924469,31.928818202918443,0.5777310530344645,0.014967375482377185,0.8450714946296977,0.05,SAE
363,40996,259.6421000162761,93.19112324265828,0.6000933647155762,0.01043105746936031,0.8571429015737092,0.1,AE
364,40996,241.47851371765137,28.664904031881214,0.6076533794403076,0.0194741965160083,0.8625571299440854,0.1,DAE
365,40996,249.2937475045522,41.476683740918226,0.6017782688140869,0.018434787763946924,0.8581000507576831,0.1,SAE
366,40996,289.1150279045105,41.872092315539795,0.6112194061279297,0.011069081155196805,0.8658857611690794,0.15000000000000002,AE
367,40996,273.232003847758,93.2322919792608,0.6089111963907877,0.004292861452206241,0.8709571421922369,0.15000000000000002,DAE
368,40996,269.83015934626263,46.88642216594136,0.6146360238393148,0.010030385845440802,0.8643143064749337,0.15000000000000002,SAE
369,40996,283.5013233025868,32.89620321640396,0.6111393769582113,0.013974058801206495,0.86954288096682,0.2,AE
370,40996,249.1355531215668,73.40237237995208,0.6086617310841879,0.003017183908423723,0.8739285801524993,0.2,DAE
371,40996,271.46400674184156,45.217698562671174,0.6240396499633789,0.016731740927448568,0.8683286256597675,0.2,SAE
372,40996,269.1256004969279,44.71538857156671,0.6296212673187256,0.008511234613105916,0.8722857142335867,0.25,AE
373,40996,199.06772637367249,22.610769893769344,0.6273933251698812,0.005043208927797111,0.8759857340307325,0.25,DAE
374,40996,346.102481842041,63.129375741631314,0.6154096921284994,0.004599260054534106,0.871400013620785,0.25,SAE
375,40996,296.0696015357971,33.798608451491326,0.6848525206247965,0.007410431385049813,0.8746000330095693,0.3,AE
376,40996,222.81539018948882,32.080904783216056,0.6966593265533447,0.007758685991402415,0.8776714166849336,0.3,DAE
377,40996,305.9047093391418,49.640065607797574,0.6778204441070557,0.01366442826757948,0.8734857497437734,0.3,SAE
378,40996,239.10565217336014,68.87321776105672,0.715113639831543,0.017774159575075384,0.8750571658670415,0.35000000000000003,AE
379,40996,233.9279774030049,63.32880087811597,0.6984701156616211,0.012923930410865859,0.8799572064807063,0.35000000000000003,DAE
380,40996,264.2137084801992,40.70042745130001,0.7051479816436768,0.005199858403442298,0.87517145382624,0.35000000000000003,SAE
381,40996,268.67075498898816,12.624739923090427,0.6957875092824302,0.05014860214303985,0.8763000285205313,0.4,AE
382,40996,263.99958793322253,91.52734856960777,0.6301500002543131,0.007588274734808308,0.8819000019925838,0.4,DAE
383,40996,294.23813573519385,31.79073769056089,0.6224273840586344,0.003151556314938072,0.8753571903566101,0.4,SAE
384,40996,318.93521245320636,88.13129547841162,0.6606152852376302,0.04276473500608656,0.8780428799498958,0.45,AE
385,40996,246.30419103304538,35.01222803758308,0.6234040260314941,0.01326795400771733,0.8821286017881902,0.45,DAE
386,40996,273.0534380276997,47.9892354234507,0.6173519293467203,0.0014979222658690616,0.8766143309694002,0.45,SAE
387,40996,266.0622957547505,26.107313291532396,0.7042831579844157,0.08246703191990422,0.8781714348481436,0.5,AE
388,40996,304.82133499781287,61.06042243978757,0.6385874748229979,0.01687997522091959,0.8831285585239103,0.5,DAE
389,40996,377.22435331344604,31.18536300229834,0.6330406665802002,0.009813731397680128,0.8773000495410473,0.5,SAE
390,40996,286.8724170525868,104.31206577275455,0.656761089960734,0.015871171709954363,0.8783286209700387,0.55,AE
391,40996,323.1542723178864,67.71928652315704,0.6663260459899902,0.009185854475292856,0.8818714234212456,0.55,DAE
392,40996,246.8122297128041,31.92335445543323,0.6706933180491129,0.010094947349973028,0.8776857521944322,0.55,SAE
393,40996,293.0170205434163,33.7460460909602,0.670514186223348,0.007928328856915764,0.8803143170935576,0.6000000000000001,AE
394,40996,306.464248975118,15.76956679796358,0.6789228916168213,0.011396968520521687,0.8840857132180094,0.6000000000000001,DAE
395,40996,299.48231824239093,131.34363498295428,0.6781318187713623,0.006217838237593588,0.8784143107663418,0.6000000000000001,SAE
396,40996,204.10502529144287,20.37225842641361,0.6762686570485433,0.010536871147744356,0.881871445461747,0.6500000000000001,AE
397,40996,284.069118976593,56.749853749147434,0.6778794924418131,0.001215927496952852,0.8854999940349831,0.6500000000000001,DAE
398,40996,340.96950070063275,186.5483965402295,0.6909434000651041,0.006879773965708381,0.8792571560729773,0.6500000000000001,SAE
399,40996,272.56655963261915,89.42776058867473,0.6977070172627767,0.01186885036242095,0.8799428862771115,0.7000000000000001,AE
400,40996,247.08776513735447,58.37865631951933,0.7073706785837809,0.005733305992586125,0.8842571460751609,0.7000000000000001,DAE
401,40996,303.41190727551776,6.864827802440977,0.7022762298583984,0.005295004111984001,0.8791714650522019,0.7000000000000001,SAE
402,40996,358.48898204167676,59.02053737923436,0.7697890599568685,0.031467896352580925,0.8802143401544118,0.7500000000000001,AE
403,40996,265.9677669207255,72.13830344225407,0.7770477135976156,0.007997023480294836,0.8831571456665546,0.7500000000000001,DAE
404,40996,278.04693969090783,69.0328278613967,0.7929331461588541,0.007587304996284172,0.8787000328071639,0.7500000000000001,SAE
405,40996,263.2246197064717,43.52038066688673,0.8308910528818766,0.02366727868305069,0.8806999983186771,0.8,AE
406,40996,246.41611909866333,56.06484542463802,0.8087432384490967,0.013513655235707123,0.8831571487277353,0.8,DAE
407,40996,283.2119850317638,86.60371550828306,0.8026926517486572,0.003528771916884476,0.8781285752563243,0.8,SAE
408,40996,316.9141729672748,77.09453830584377,0.8266887664794922,0.006426183161525279,0.8821857497473243,0.8500000000000001,AE
409,40996,215.9892566204071,47.10773217074604,0.8273924191792806,0.0037746326303857852,0.8847285936261028,0.8500000000000001,DAE
410,40996,346.09004290898633,70.0012283343531,0.826242208480835,0.020815418198521243,0.8791000299502252,0.8500000000000001,SAE
411,40996,336.0694689750672,100.56660279700407,0.8725540637969971,0.004951112165529082,0.8804428903588898,0.9000000000000001,AE
412,40996,281.15582426389057,100.94586662638227,0.8985129197438558,0.037128717610220935,0.8849142879121784,0.9000000000000001,DAE
413,40996,299.8841524124145,44.427451489325954,0.9033547242482504,0.024730749009728176,0.8795428811749804,0.9000000000000001,SAE
414,40996,293.00722495714825,24.48075303663243,0.9131284554799398,0.0074860439886914095,0.8790714489299424,0.95,AE
415,40996,287.1128138701121,79.73664982763141,0.920452038447062,0.010794992776196072,0.8826285850539395,0.95,DAE
416,40996,339.1981100241344,106.85308029830729,0.9612144629160564,0.008320131716891619,0.8792857628071786,0.95,SAE
417,40996,249.96338526407882,23.20206434220952,0.9575657844543456,0.02441374472213229,0.8830285895438346,1.0,AE
418,40996,331.3505149682362,50.215765560242005,0.9587465922037759,0.027043421494385725,0.8834143013807617,1.0,DAE
419,40996,325.16031781832385,10.084769761427733,0.9745398362477622,0.03317928026521225,0.8812428772981785,1.0,SAE
480,40996,145.06470584869385,12.077595926361125,0.1780703067779541,0.003490409113670856,0.824742900948249,0.05,VAE
481,40996,117.71359793345137,7.478187802215872,0.17114647229512533,0.0006057547633272187,0.846128595651135,0.1,VAE
482,40996,136.0746053059896,3.495345039657127,0.1824678579966227,0.006726542658744396,0.8580143040234178,0.15000000000000002,VAE
483,40996,123.52475086847944,12.740306028297546,0.20119468371073404,0.019659235008330517,0.8616714611675634,0.2,VAE
484,40996,121.71351758639021,28.677198025141525,0.2354377110799153,0.030951069830802355,0.8649857513729337,0.25,VAE
485,40996,177.37521243095398,28.952750334565078,0.2274390856424968,0.025957115545344862,0.8675142897417851,0.3,VAE
486,40996,130.35288413365686,21.09000501833614,0.2258629004160563,0.014927665929845303,0.8666143350468929,0.35000000000000003,VAE
487,40996,159.27868413925168,17.990189274165303,0.237396240234375,0.01788612921415279,0.8684142946400416,0.4,VAE
488,40996,170.5676267147064,9.899850852874843,0.2469488779703776,0.005789530887229845,0.86921432933375,0.45,VAE
489,40996,144.09348726272586,19.565623681087086,0.25635194778442383,0.012005344692361605,0.8723000277025839,0.5,VAE
490,40996,139.78324580192566,22.64861663334009,0.2542366186777751,0.005615657656404354,0.8680714730067413,0.55,VAE
491,40996,149.793208360672,11.008188527585432,0.2572458585103353,0.0054153833870791476,0.8674142919866101,0.6000000000000001,VAE
492,40996,150.63280073801675,18.855358577188564,0.2657952308654785,0.009689269730935193,0.8677857491292107,0.6500000000000001,VAE
493,40996,157.6116011142731,35.88524555795308,0.2629493872324626,0.01441796362800857,0.8674857515780329,0.7000000000000001,VAE
494,40996,117.5813805262248,39.359566263982295,0.31624261538187665,0.011758613379157028,0.8675286981073856,0.7500000000000001,VAE
495,40996,155.19832420349118,5.9639808495227085,0.3278497854868571,0.01264769544834199,0.8674714589250648,0.8,VAE
496,40996,114.29924821853638,15.550573039671931,0.3324968020121257,0.02239229893132301,0.8696143607620358,0.8500000000000001,VAE
497,40996,89.01572505633038,19.650600450801967,0.3412239551544189,0.02276860664813145,0.8624000883099221,0.9000000000000001,VAE
498,40996,113.86307883262634,15.247689559772198,0.329905907313029,0.012010615926643835,0.855185998916418,0.95,VAE
499,40996,108.54112513860063,40.55517234470671,0.3387480576833089,0.015390461862797956,0.8613285538212021,1.0,VAE
520,40668,188.11170387268064,39.58319643695314,0.026664098103841145,0.001068114530708823,0.6583033586452921,0.05,VAE
521,40668,210.83062990506488,40.918461223535644,0.025386015574137367,0.00013976106235508834,0.6569267433426588,0.1,VAE
522,40668,168.08155218760172,38.3400557452737,0.0242300033569336,0.004837595403265656,0.6627292508548336,0.15000000000000002,VAE
523,40668,198.775634765625,19.16204000032937,0.02639683087666829,0.0017749360417183672,0.6738901964267211,0.2,VAE
524,40668,171.34175308545431,21.245879694487428,0.028646628061930336,0.012107436930515341,0.6760513344287046,0.25,VAE
525,40668,233.57000875473025,38.18577961750562,0.03527649243672689,0.007336625476131248,0.6881004189055169,0.3,VAE
526,40668,151.8088505268097,42.915313104583895,0.02126161257425944,0.002611724149167605,0.6941101588288409,0.35000000000000003,VAE
527,40668,158.66430354118347,33.9102892034551,0.02144360542297364,0.002232296600281762,0.6972630519413237,0.4,VAE
528,40668,164.71308008829754,17.036674350453794,0.0383143424987793,0.015256873332155762,0.6999274686560978,0.45,VAE
529,40668,134.9255582491557,46.97956709710539,0.024135033289591483,0.0013875729483175125,0.7011708631229924,0.5,VAE
530,40668,127.68625839551292,10.465313150712946,0.02960912386576335,0.009579463491891082,0.7071954053613986,0.55,VAE
531,40668,147.88156000773108,50.318377965878824,0.03089745839436849,0.00958602250145948,0.7160323874653995,0.6000000000000001,VAE
532,40668,134.49494862556458,27.76840090465248,0.02565201123555501,0.003182901838021051,0.7124946341607828,0.6500000000000001,VAE
533,40668,154.59089024861657,21.38228972581463,0.029834588368733726,0.0011569174250531508,0.7214796394156046,0.7000000000000001,VAE
534,40668,147.37470825513202,40.56390409115906,0.022550900777180992,0.0005130982133540587,0.7189780481667333,0.7500000000000001,VAE
535,40668,123.5061871210734,17.526790246401706,0.028850237528483074,0.006423678480322057,0.7266012404340039,0.8,VAE
536,40668,142.4631667137146,19.76410729629704,0.023216883341471355,0.00016894827184995792,0.7276522048048314,0.8500000000000001,VAE
537,40668,172.6957217852274,21.276849079074584,0.025648832321166992,0.0008647397054965103,0.7314860044110899,0.9000000000000001,VAE
538,40668,213.08867716789246,8.763067139383299,0.03247602780659994,0.00940840551214825,0.731500806726172,0.95,VAE
539,40668,181.0959122975668,38.31961974912643,0.03389445940653483,0.0075280429375420566,0.7332622822209394,1.0,VAE
560,1492,6.631571849187214,1.060844803426522,0.00565346082051595,0.00132011702461246,0.2418447391042623,0.05,VAE
561,1492,8.085083723068237,0.3338512421606968,0.007700284322102864,0.0005794370833319064,0.26251660096549106,0.1,VAE
562,1492,7.004977146784466,1.212188297569142,0.007442474365234375,0.0020660699086680746,0.3731405161934074,0.15000000000000002,VAE
563,1492,5.589925686518352,0.27604466663303073,0.004656553268432617,0.00023501260104551245,0.3750026350738875,0.2,VAE
564,1492,6.567206700642903,0.7487224518228814,0.006949663162231445,0.001834195238959548,0.4275085317836756,0.25,VAE
565,1492,6.024953842163086,1.1179570718824152,0.00589760144551595,0.0011253801658521016,0.4075124199815896,0.3,VAE
566,1492,6.308607657750446,1.1040898401600874,0.005623658498128255,0.0011227514802441684,0.4381308074100621,0.35000000000000003,VAE
567,1492,5.695362726847332,0.4148989460569524,0.005572875340779622,0.0008028019201829226,0.43377883649190857,0.4,VAE
568,1492,7.0967034498850525,1.0833132732723978,0.007499376932779948,0.0017904054305343817,0.4493913564891915,0.45,VAE
569,1492,6.126438299814861,0.316964970704962,0.005796909332275391,0.0006751903312567046,0.4456354978415817,0.5,VAE
570,1492,5.648730278015138,1.1880476819961114,0.005875428517659505,0.0014649682875420187,0.45813277493189797,0.55,VAE
571,1492,6.890698591868082,1.0904828650565934,0.006433089574178061,0.0013308411233660172,0.466252315937161,0.6000000000000001,VAE
572,1492,6.2172110080718985,0.800857558271006,0.005819002787272136,0.0017766984970657843,0.4650319839412742,0.6500000000000001,VAE
573,1492,6.028050422668457,0.928592488705298,0.006210883458455403,0.0012049401741047775,0.44876479447594814,0.7000000000000001,VAE
574,1492,5.755051215489704,0.2221447211349739,0.004667599995930989,9.821173557516397e-05,0.48813045606687705,0.7500000000000001,VAE
575,1492,5.903430779774983,0.6637145131373141,0.005662043889363607,0.0011427700757476018,0.4762667678535039,0.8,VAE
576,1492,5.666959524154662,0.2644246539536866,0.00458073616027832,6.379379068467941e-05,0.4843745974192672,0.8500000000000001,VAE
577,1492,6.601937611897785,0.3712704930000548,0.00473332405090332,2.8170410414288488e-05,0.4849929614248605,0.9000000000000001,VAE
578,1492,7.5673114458719875,0.6840957041770072,0.006462971369425456,0.0012135070103054574,0.5006488137482931,0.95,VAE
579,1492,7.686296621958416,0.9607948967476048,0.006460825602213542,0.0013203984881184367,0.5043917898124529,1.0,VAE
600,44,10.196449279785156,0.8906450259779449,0.0035200119018554688,7.861982940517689e-05,0.6800687638858061,0.05,VAE
601,44,8.507260084152223,1.529712172170684,0.00565791130065918,0.00010250409320940335,0.7248263822445388,0.1,VAE
602,44,8.673859675725303,0.9218510498508632,0.006625970204671225,0.0005453436550465527,0.7985221831286378,0.15000000000000002,VAE
603,44,9.107620080312094,0.5033410941179591,0.010502020517985024,0.0027556222466006987,0.8039636755680405,0.2,VAE
604,44,8.911664803822836,0.4927273692053039,0.006122827529907226,0.00047170756870247175,0.8026611703184724,0.25,VAE
605,44,7.425635019938152,0.4849373443619724,0.0068692366282145185,0.0006660496955577513,0.8456911867638591,0.3,VAE
606,44,8.572090546290081,0.8685462376262966,0.00855239232381185,0.001859272700842953,0.8528578714322852,0.35000000000000003,VAE
607,44,6.914040486017862,0.4911746112781176,0.006430149078369141,0.0004936967776982816,0.8330801747332975,0.4,VAE
608,44,7.676370620727539,0.03432957202149158,0.00728607177734375,0.0005243242863517733,0.8622050369206162,0.45,VAE
609,44,7.538752158482867,1.1489456248157082,0.00653839111328125,0.0006340227698183432,0.8687297533362078,0.5,VAE
610,44,7.2674581209818525,0.9115861559904259,0.006369431813557942,0.0006137278096180188,0.8509060271307775,0.55,VAE
611,44,8.720728874206543,1.6090241752523593,0.0167080561319987,0.006306254508142724,0.8454736064441196,0.6000000000000001,VAE
612,44,8.774644931157429,1.81350626186304,0.006324529647827149,0.001754606583983236,0.8708967682731323,0.6500000000000001,VAE
613,44,8.076834440231321,0.8098265516921405,0.006213585535685222,0.0002681194984997011,0.8676431274527397,0.7000000000000001,VAE
614,44,7.180225292841595,0.5807772322491748,0.007256348927815755,0.0015223044676152635,0.8671997455373356,0.7500000000000001,VAE
615,44,6.7985676129659005,0.34036350811537525,0.005129337310791016,0.0008029320673138304,0.8817702561607832,0.8,VAE
616,44,7.9346959590911865,1.0415840902489355,0.0068082014719645185,0.0005050416258407193,0.8789427042271251,0.8500000000000001,VAE
617,44,8.085064967473349,0.6646414247333776,0.0066072146097819005,0.00026159160273141516,0.8778535269131972,0.9000000000000001,VAE
618,44,7.340408881505329,1.0989566323729507,0.008353630701700846,0.0030017918309442,0.8789424207348517,0.95,VAE
619,44,7.241506338119508,0.8392376811589028,0.005997896194458008,0.0008149114946868028,0.8917635005399109,1.0,VAE
