,clf,split0_ae_fit_time,split0_clf_fit_time,split0_test_accuracy,split0_score_time,split1_ae_fit_time,split1_clf_fit_time,split1_test_accuracy,split1_score_time,split2_ae_fit_time,split2_clf_fit_time,split2_test_accuracy,split2_score_time,dataset_id,hidden_dims,mean_ae_fit_time,mean_clf_fit_time,mean_score_time,mean_test_accuracy
0,SVC,38.947663068771355,0.025832653045654297,0.8129074315514994,0.009353876113891602,35.90541529655456,0.025355100631713867,0.7640156453715776,0.009529590606689451,28.76756000518799,0.027768373489379883,0.7782126549249837,0.009573936462402344,44,0.25,34.540212790171296,0.026318709055582683,0.009485801060994468,0.7850452439493537
1,LinearSVC,38.947663068771355,0.00943279266357422,0.9119947848761408,0.009548187255859377,35.90541529655456,0.010039806365966795,0.9093872229465451,0.0033364295959472656,28.76756000518799,0.010056734085083008,0.9047619047619048,0.001148223876953125,44,0.25,34.540212790171296,0.009843111038208008,0.004677613576253255,0.9087146375281968
2,LogisticRegression,38.947663068771355,0.14200854301452634,0.908735332464146,0.0007085800170898438,35.90541529655456,0.03622889518737793,0.9041720990873532,0.0004506111145019531,28.76756000518799,0.022940635681152344,0.9015003261578604,0.0005431175231933594,44,0.25,34.540212790171296,0.06705935796101888,0.0005674362182617188,0.90480258590312
3,GaussianNB,38.947663068771355,0.002201080322265625,0.8428943937418514,0.0012259483337402346,35.90541529655456,0.0011241436004638672,0.8324641460234681,0.0006363391876220702,28.76756000518799,0.001163005828857422,0.8799739073711677,0.0006732940673828125,44,0.25,34.540212790171296,0.0014960765838623047,0.0008451938629150392,0.8517774823788291
4,DecisionTreeClassifier,38.947663068771355,0.06464767456054688,0.8917861799217731,0.0008101463317871094,35.90541529655456,0.03703474998474121,0.8930899608865711,0.0006129741668701173,28.76756000518799,0.03832745552062988,0.8923679060665362,0.0004813671112060547,44,0.25,34.540212790171296,0.046669960021972656,0.0006348292032877604,0.8924146822916268
5,KNeighborsClassifier,38.947663068771355,0.00666046142578125,0.9054758800521512,0.09682989120483397,35.90541529655456,0.005174160003662109,0.9067796610169492,0.11871933937072755,28.76756000518799,0.004065990447998047,0.9151989562948468,0.08072924613952638,44,0.25,34.540212790171296,0.005300203959147136,0.09875949223836264,0.9091514991213158
6,SVC,32.596830129623406,0.03648543357849121,0.7842242503259452,0.01430368423461914,28.99755573272705,0.03785133361816406,0.7796610169491526,0.01363205909729004,37.31939172744751,0.04029369354248047,0.669928245270711,0.01439023017883301,44,0.5,32.97125919659933,0.03821015357971192,0.014108657836914062,0.7446045041819364
7,LinearSVC,32.596830129623406,0.01566290855407715,0.9230769230769232,0.0013031959533691404,28.99755573272705,0.016456127166748047,0.9172099087353324,0.006638526916503906,37.31939172744751,0.017568349838256836,0.9093281148075668,0.009209394454956056,44,0.5,32.97125919659933,0.016562461853027344,0.005717039108276367,0.9165383155399408
8,LogisticRegression,32.596830129623406,0.14953064918518064,0.92503259452412,0.007532835006713867,28.99755573272705,0.4256308078765869,0.9165580182529336,0.003393888473510742,37.31939172744751,0.1943051815032959,0.9132420091324199,0.007272005081176758,44,0.5,32.97125919659933,0.2564888795216878,0.006066242853800456,0.9182775406364913
9,GaussianNB,32.596830129623406,0.001756906509399414,0.8318122555410691,0.0017900466918945312,28.99755573272705,0.002544641494750977,0.8311603650586702,0.00153350830078125,37.31939172744751,0.002388477325439453,0.7938682322243966,0.0014667510986328125,44,0.5,32.97125919659933,0.0022300084431966147,0.0015967686971028645,0.8189469509413786
10,DecisionTreeClassifier,32.596830129623406,0.08961749076843263,0.8956975228161669,0.0005905628204345702,28.99755573272705,0.11472892761230467,0.8891786179921773,0.0004742145538330078,37.31939172744751,0.1107308864593506,0.8943248532289628,0.00044918060302734375,44,0.5,32.97125919659933,0.1050257682800293,0.0005046526590983074,0.8930669980124356
11,KNeighborsClassifier,32.596830129623406,0.008649349212646484,0.9172099087353324,0.20503568649291992,28.99755573272705,0.006532669067382813,0.9132985658409388,0.15028691291809082,37.31939172744751,0.00620722770690918,0.9197651663405088,0.1625220775604248,44,0.5,32.97125919659933,0.007129748662312825,0.17261489232381186,0.9167578803055934
12,SVC,25.605811595916748,0.05264878273010254,0.7835723598435462,0.01943683624267578,24.805963039398193,0.054193973541259766,0.7222946544980443,0.02774643898010254,30.48866319656372,0.05055403709411621,0.7612524461839529,0.01867246627807617,44,0.75,26.96681261062622,0.052465597788492836,0.021951913833618164,0.7557064868418478
13,LinearSVC,25.605811595916748,0.023053407669067383,0.9354628422425032,0.0012426376342773438,24.805963039398193,0.04746294021606445,0.9172099087353324,0.006046772003173828,30.48866319656372,0.022654056549072262,0.9288975864318331,0.0012407302856445312,44,0.75,26.96681261062622,0.03105680147806804,0.0028433799743652344,0.9271901124698896
14,LogisticRegression,25.605811595916748,0.6818971633911133,0.9295958279009128,0.006657600402832031,24.805963039398193,0.3445310592651367,0.9204693611473272,0.0039882659912109375,30.48866319656372,0.10834550857543944,0.9262883235485976,0.0012462139129638672,44,0.75,26.96681261062622,0.3782579104105632,0.003964026769002278,0.9254511708656123
15,GaussianNB,25.605811595916748,0.003069162368774414,0.8631029986962192,0.0017855167388916016,24.805963039398193,0.0023670196533203125,0.8194263363754889,0.005261421203613281,30.48866319656372,0.002897024154663086,0.8108284409654273,0.0017268657684326172,44,0.75,26.96681261062622,0.002777735392252604,0.0029246012369791665,0.831119258679045
16,DecisionTreeClassifier,25.605811595916748,0.17021608352661133,0.8983050847457628,0.0008640289306640625,24.805963039398193,0.15797996520996094,0.8996088657105606,0.0006272792816162108,30.48866319656372,0.1664128303527832,0.8930202217873451,0.0005428791046142578,44,0.75,26.96681261062622,0.1648696263631185,0.0006780624389648438,0.8969780574145562
17,KNeighborsClassifier,25.605811595916748,0.010041475296020508,0.9165580182529336,0.22664523124694824,24.805963039398193,0.009072542190551758,0.9230769230769232,0.2921273708343506,30.48866319656372,0.009548425674438477,0.9178082191780822,0.24017000198364255,44,0.75,26.96681261062622,0.009554147720336914,0.25298086802164715,0.9191477201693128
18,SVC,23.915452241897587,0.05626082420349121,0.7457627118644068,0.02347707748413086,26.825876951217648,0.060908317565917976,0.7588005215123861,0.023959636688232425,18.515225172042847,0.0604243278503418,0.7801696020874103,0.023627042770385742,44,1.0,23.08551812171936,0.059197823206583663,0.02368791898091634,0.7615776118214009
19,LinearSVC,23.915452241897587,0.026657581329345703,0.9178617992177314,0.0013315677642822266,26.825876951217648,0.029837608337402344,0.926336375488918,0.0014262199401855467,18.515225172042847,0.028514623641967773,0.9269406392694064,0.009184598922729492,44,1.0,23.08551812171936,0.028336604436238606,0.003980795542399089,0.9237129379920184
20,LogisticRegression,23.915452241897587,1.7934956550598145,0.9185136897001304,0.002409219741821289,26.825876951217648,0.8061990737915039,0.9256844850065188,0.003949165344238281,18.515225172042847,1.922086238861084,0.9256360078277888,0.004714488983154297,44,1.0,23.08551812171936,1.5072603225708008,0.003690958023071289,0.9232780608448126
21,GaussianNB,23.915452241897587,0.004601716995239258,0.8187744458930899,0.002380847930908203,26.825876951217648,0.004865169525146484,0.8181225554106909,0.002425670623779297,18.515225172042847,0.004400968551635742,0.8825831702544031,0.0023696422576904297,44,1.0,23.08551812171936,0.004622618357340495,0.002392053604125977,0.839826723852728
22,DecisionTreeClassifier,23.915452241897587,0.2530381679534912,0.8970013037809648,0.0007319450378417969,26.825876951217648,0.2425405979156494,0.9048239895697524,0.0007288455963134767,18.515225172042847,0.2018461227416992,0.8884540117416829,0.0006003379821777344,44,1.0,23.08551812171936,0.23247496287027994,0.0006870428721110027,0.8967597683641334
23,KNeighborsClassifier,23.915452241897587,0.01208186149597168,0.9185136897001304,0.4189219474792481,26.825876951217648,0.012802600860595705,0.9198174706649282,0.4391036033630371,18.515225172042847,0.012183189392089844,0.9197651663405088,0.3140416145324707,44,1.0,23.08551812171936,0.012355883916219076,0.3906890551249185,0.9193654422351892
24,SVC,33.477938175201416,0.08379650115966797,0.6538461538461539,0.03716111183166504,29.924415349960327,0.07645320892333984,0.7653194263363755,0.028354644775390625,18.56308078765869,0.07321834564208984,0.7514677103718199,0.030704021453857425,44,1.25,27.321811437606808,0.07782268524169922,0.032073259353637695,0.7235444301847829
25,LinearSVC,33.477938175201416,0.034189462661743164,0.9354628422425032,0.0015158653259277346,29.924415349960327,0.034951210021972656,0.9191655801825294,0.0016102790832519533,18.56308078765869,0.03768134117126465,0.9262883235485976,0.0013494491577148438,44,1.25,27.321811437606808,0.03560733795166016,0.001491864522298177,0.9269722486578766
26,LogisticRegression,33.477938175201416,1.2649681568145752,0.9341590612777052,0.008034706115722656,29.924415349960327,2.4132933616638184,0.926336375488918,0.0026400089263916016,18.56308078765869,1.6539912223815918,0.9243313763861708,0.0039031505584716797,44,1.25,27.321811437606808,1.777417580286662,0.004859288533528646,0.9282756043842646
27,GaussianNB,33.477938175201416,0.004554271697998047,0.7966101694915254,0.0026831626892089844,29.924415349960327,0.004689693450927734,0.8122555410691004,0.002674102783203125,18.56308078765869,0.0028891563415527344,0.8662752772341813,0.0019145011901855469,44,1.25,27.321811437606808,0.004044373830159505,0.0024239222208658853,0.8250469959316024
28,DecisionTreeClassifier,33.477938175201416,0.2384662628173828,0.9022164276401564,0.0006787776947021483,29.924415349960327,0.3092904090881348,0.8813559322033898,0.001087665557861328,18.56308078765869,0.27904224395751953,0.8949771689497716,0.000946044921875,44,1.25,27.321811437606808,0.2755996386210124,0.0009041627248128256,0.8928498429311059
29,KNeighborsClassifier,33.477938175201416,0.014463186264038088,0.9256844850065188,0.4400520324707031,29.924415349960327,0.016937971115112305,0.922425032594524,0.5228173732757568,18.56308078765869,0.016132831573486328,0.9204174820613176,0.46202206611633295,44,1.25,27.321811437606808,0.015844662984212242,0.4749638239542643,0.9228423332207868
30,SVC,19.381587982177734,0.09023737907409668,0.7320730117340287,0.0376591682434082,28.492369174957275,0.08235716819763184,0.6786179921773142,0.03357863426208496,25.42357516288757,0.08186531066894531,0.7853881278538812,0.033629179000854485,44,1.5,24.432510773340866,0.08481995264689128,0.03495566050211588,0.7320263772550747
31,LinearSVC,19.381587982177734,0.0621800422668457,0.9289439374185136,0.0016546249389648438,28.492369174957275,0.03996896743774414,0.9230769230769232,0.0015187263488769533,25.42357516288757,0.03991389274597168,0.9269406392694064,0.0016396045684814453,44,1.5,24.432510773340866,0.047354300816853837,0.001604318618774414,0.9263204999216144
32,LogisticRegression,19.381587982177734,1.8702042102813718,0.9308996088657104,0.003309488296508789,28.492369174957275,0.7418768405914307,0.9159061277705346,0.010802507400512695,25.42357516288757,0.5186982154846191,0.9217221135029354,0.0012125968933105467,44,1.5,24.432510773340866,1.0435930887858074,0.005108197530110678,0.9228426167130602
33,GaussianNB,19.381587982177734,0.011041641235351562,0.8402868318122555,0.0018689632415771484,28.492369174957275,0.009859800338745115,0.8396349413298566,0.002939462661743164,25.42357516288757,0.008217096328735352,0.8649706457925636,0.002752065658569336,44,1.5,24.432510773340866,0.00970617930094401,0.0025201638539632163,0.8482974729782252
34,DecisionTreeClassifier,19.381587982177734,0.2468960285186768,0.9009126466753584,0.000835418701171875,28.492369174957275,0.24550700187683105,0.9002607561929595,0.0007987022399902344,25.42357516288757,0.2695977687835693,0.9015003261578604,0.0005095005035400392,44,1.5,24.432510773340866,0.2540002663930257,0.0007145404815673827,0.900891243008726
35,KNeighborsClassifier,19.381587982177734,0.01936244964599609,0.9230769230769232,0.5496783256530762,28.492369174957275,0.01757979393005371,0.9100391134289441,0.5077278614044191,25.42357516288757,0.016882896423339844,0.9256360078277888,0.5200223922729492,44,1.5,24.432510773340866,0.017941713333129883,0.5258095264434814,0.9195840147778852
36,SVC,21.541491508483887,0.09370660781860353,0.7301173402868318,0.049546003341674805,22.439589262008667,0.09337353706359863,0.6166883963494133,0.0382535457611084,27.83547019958496,0.09383487701416016,0.7742987606001305,0.03833985328674317,44,1.75,23.93885032335917,0.09363834063212076,0.04204646746317545,0.7070348324121252
37,LinearSVC,21.541491508483887,0.11743807792663576,0.9289439374185136,0.001775503158569336,22.439589262008667,0.052602529525756836,0.926336375488918,0.0014216899871826172,27.83547019958496,0.04790806770324707,0.9249836921069796,0.0013909339904785154,44,1.75,23.93885032335917,0.07264955838521321,0.001529375712076823,0.9267546683381372
38,LogisticRegression,21.541491508483887,1.518808126449585,0.9269882659713168,0.003709077835083008,22.439589262008667,0.5044512748718262,0.9243807040417209,0.0011942386627197266,27.83547019958496,0.5231485366821289,0.9223744292237442,0.0011675357818603516,44,1.75,23.93885032335917,0.8488026460011802,0.0020236174265543623,0.9245811330789272
39,GaussianNB,21.541491508483887,0.007782697677612305,0.8591916558018253,0.002694129943847656,22.439589262008667,0.006712913513183594,0.8285528031290743,0.002584218978881836,27.83547019958496,0.005258560180664063,0.8734507501630789,0.002651214599609375,44,1.75,23.93885032335917,0.006584723790486653,0.0026431878407796225,0.8537317363646596
40,DecisionTreeClassifier,21.541491508483887,0.3476719856262207,0.9002607561929595,0.0007760524749755858,22.439589262008667,0.3091704845428467,0.8930899608865711,0.0007772445678710938,27.83547019958496,0.2562174797058105,0.8975864318330071,0.0004923343658447267,44,1.75,23.93885032335917,0.3043533166249593,0.0006818771362304688,0.8969790496375126
41,KNeighborsClassifier,21.541491508483887,0.021076202392578125,0.9172099087353324,0.5922122001647949,22.439589262008667,0.02302217483520508,0.9217731421121252,0.6413285732269287,27.83547019958496,0.019872426986694336,0.9191128506197,0.5977396965026855,44,1.75,23.93885032335917,0.021323601404825848,0.6104268232981364,0.9193653004890526
42,SVC,15.187360286712645,0.10679769515991212,0.6258148631029987,0.04344391822814941,19.07740974426269,0.10013818740844728,0.6701434159061278,0.0421299934387207,25.31273102760315,0.1039714813232422,0.6875407697325505,0.04284429550170898,44,2.0,19.859167019526165,0.1036357879638672,0.04280606905619303,0.661166349580559
43,LinearSVC,15.187360286712645,0.05725288391113281,0.9165580182529336,0.0013575553894042967,19.07740974426269,0.051616907119750984,0.926336375488918,0.0010614395141601562,25.31273102760315,0.053791284561157234,0.9334637964774952,0.0016183853149414062,44,2.0,19.859167019526165,0.054220358530680336,0.0013457934061686199,0.9254527300731156
44,LogisticRegression,15.187360286712645,0.9939355850219728,0.9119947848761408,0.002953529357910156,19.07740974426269,0.3282296657562256,0.92503259452412,0.0008137226104736327,25.31273102760315,1.6318788528442385,0.9373776908023485,0.0038743019104003906,44,2.0,19.859167019526165,0.9846813678741456,0.002547184626261393,0.9248016900675364
45,GaussianNB,15.187360286712645,0.005529165267944336,0.8813559322033898,0.002865076065063477,19.07740974426269,0.002859592437744141,0.8689700130378096,0.0018019676208496094,25.31273102760315,0.0036334991455078134,0.8636660143509458,0.0022482872009277344,44,2.0,19.859167019526165,0.004007418950398764,0.002305110295613607,0.8713306531973818
46,DecisionTreeClassifier,15.187360286712645,0.28803062438964844,0.8859191655801826,0.0007643699645996094,19.07740974426269,0.3039710521697998,0.8826597131681877,0.0005154609680175781,25.31273102760315,0.4124059677124024,0.8988910632746249,0.0010612010955810547,44,2.0,19.859167019526165,0.3348025480906169,0.0007803440093994142,0.8891566473409984
47,KNeighborsClassifier,15.187360286712645,0.02332615852355957,0.9067796610169492,0.7001948356628418,19.07740974426269,0.022114038467407227,0.9269882659713168,0.7158920764923096,25.31273102760315,0.02971649169921875,0.9262883235485976,0.8345661163330078,44,2.0,19.859167019526165,0.025052229563395183,0.7502176761627197,0.9200187501789546
48,SVC,5.409325361251831,0.08101320266723633,0.3220973782771536,0.07940268516540527,8.63641095161438,0.08770632743835449,0.3583489681050657,0.1152184009552002,3.652821063995361,0.08810687065124513,0.3076923076923077,0.0783376693725586,1492,0.25,5.8995191256205235,0.08560880025227864,0.09098625183105467,0.32937955135817565
49,LinearSVC,5.409325361251831,0.22185540199279785,0.3146067415730337,0.0009524822235107422,8.63641095161438,0.30394864082336426,0.3283302063789869,0.0010552406311035156,3.652821063995361,0.20687270164489746,0.3076923076923077,0.0008084774017333983,1492,0.25,5.8995191256205235,0.2442255814870199,0.0009387334187825519,0.31687641854810944
50,LogisticRegression,5.409325361251831,2.4516427516937256,0.5730337078651685,0.0006644725799560548,8.63641095161438,2.4523091316223145,0.5984990619136961,0.0006539821624755858,3.652821063995361,2.6436359882354736,0.5666041275797373,0.0007817745208740233,1492,0.25,5.8995191256205235,2.5158626238505044,0.0007000764211018881,0.5793789657862006
51,GaussianNB,5.409325361251831,0.004749059677124024,0.4794007490636704,0.006461381912231445,8.63641095161438,0.004771709442138672,0.5290806754221389,0.006539106369018555,3.652821063995361,0.006062984466552734,0.4484052532833021,0.0074498653411865234,1492,0.25,5.8995191256205235,0.0051945845286051435,0.006816784540812175,0.4856288925897038
52,DecisionTreeClassifier,5.409325361251831,0.0438988208770752,0.4250936329588015,0.00044345855712890636,8.63641095161438,0.04496002197265625,0.4540337711069418,0.00045108795166015625,3.652821063995361,0.04450058937072754,0.38461538461538464,0.00043582916259765625,1492,0.25,5.8995191256205235,0.04445314407348633,0.00044345855712890636,0.4212475962270426
53,KNeighborsClassifier,5.409325361251831,0.001645803451538086,0.4344569288389513,0.0164949893951416,8.63641095161438,0.0016813278198242188,0.5028142589118199,0.01862335205078125,3.652821063995361,0.0015761852264404295,0.4615384615384616,0.017621994018554688,1492,0.25,5.8995191256205235,0.0016344388326009116,0.017580111821492512,0.4662698830964109
54,SVC,8.934605360031126,0.11205649375915527,0.3838951310861423,0.08711814880371094,5.448203802108765,0.1149771213531494,0.39399624765478425,0.09407949447631836,12.93614935874939,0.14403939247131348,0.3883677298311445,0.11975932121276855,1492,0.5,9.106319506963096,0.12369100252787273,0.10031898816426596,0.3887530361906904
55,LinearSVC,8.934605360031126,0.32245397567749023,0.41198501872659177,0.0009596347808837893,5.448203802108765,0.39926838874816895,0.4146341463414634,0.0015614032745361328,12.93614935874939,0.35368990898132324,0.4521575984990619,0.0013761520385742188,1492,0.5,9.106319506963096,0.35847075780232746,0.0012990633646647134,0.4262589211890391
56,LogisticRegression,8.934605360031126,2.6712722778320312,0.6273408239700374,0.001146078109741211,5.448203802108765,2.811539888381958,0.6416510318949343,0.0011072158813476562,12.93614935874939,3.1814615726470947,0.6210131332082551,0.0007295608520507812,1492,0.5,9.106319506963096,2.8880912462870283,0.000994284947713216,0.630001663024409
57,GaussianNB,8.934605360031126,0.00514984130859375,0.5337078651685393,0.008655309677124023,5.448203802108765,0.005117416381835938,0.5440900562851783,0.008762836456298828,12.93614935874939,0.005095243453979492,0.6041275797373359,0.00893712043762207,1492,0.5,9.106319506963096,0.0051208337148030605,0.008785088857014975,0.5606418337303513
58,DecisionTreeClassifier,8.934605360031126,0.08899593353271484,0.4531835205992509,0.00048160552978515625,5.448203802108765,0.10395288467407228,0.476547842401501,0.00040078163146972656,12.93614935874939,0.10000181198120116,0.4540337711069418,0.0006122589111328125,1492,0.5,9.106319506963096,0.09765021006266277,0.0004982153574625652,0.4612550447025646
59,KNeighborsClassifier,8.934605360031126,0.0026657581329345703,0.5318352059925093,0.02837133407592773,5.448203802108765,0.002497434616088867,0.5309568480300187,0.020310163497924805,12.93614935874939,0.00260615348815918,0.6153846153846154,0.022643327713012692,1492,0.5,9.106319506963096,0.0025897820790608725,0.02377494176228841,0.5593922231357146
60,SVC,8.646881341934204,0.15195751190185547,0.3801498127340824,0.0992271900177002,8.278124570846558,0.14499139785766602,0.38461538461538464,0.10360145568847656,11.138555765151978,0.13912630081176758,0.4033771106941839,0.09716963768005372,1492,0.75,9.354520559310911,0.14535840352376306,0.09999942779541016,0.3893807693478836
61,LinearSVC,8.646881341934204,0.4835200309753418,0.4606741573033708,0.0011565685272216795,8.278124570846558,0.4934337139129639,0.476547842401501,0.0010776519775390623,11.138555765151978,0.4910838603973389,0.4878048780487805,0.0010325908660888672,1492,0.75,9.354520559310911,0.4893458684285482,0.0010889371236165364,0.4750089592512174
62,LogisticRegression,8.646881341934204,2.7289764881134038,0.6329588014981273,0.0007550716400146483,8.278124570846558,2.7226152420043945,0.6454033771106942,0.001064777374267578,11.138555765151978,2.9008672237396236,0.6416510318949343,0.0011196136474609377,1492,0.75,9.354520559310911,2.7841529846191406,0.0009798208872477212,0.6400044035012519
63,GaussianNB,8.646881341934204,0.005222082138061523,0.5580524344569289,0.011353492736816406,8.278124570846558,0.008678913116455078,0.5722326454033771,0.020346879959106445,11.138555765151978,0.005309820175170898,0.574108818011257,0.010829925537109377,1492,0.75,9.354520559310911,0.006403605143229167,0.01417676607767741,0.5681312992905211
64,DecisionTreeClassifier,8.646881341934204,0.1626262664794922,0.4569288389513109,0.0004405975341796875,8.278124570846558,0.1752769947052002,0.4840525328330206,0.0007762908935546875,11.138555765151978,0.14962124824523926,0.4671669793621013,0.0005545616149902344,1492,0.75,9.354520559310911,0.1625081698099772,0.0005904833475748698,0.4693827837154776
65,KNeighborsClassifier,8.646881341934204,0.0033371448516845703,0.5468164794007491,0.02617335319519043,8.278124570846558,0.0037069320678710938,0.5647279549718575,0.028918981552124023,11.138555765151978,0.0035724639892578125,0.5628517823639775,0.048047542572021484,1492,0.75,9.354520559310911,0.003538846969604492,0.03437995910644531,0.558132072245528
66,SVC,8.191650390625,0.1675257682800293,0.3295880149812734,0.10765314102172853,6.260321855545044,0.16835665702819824,0.4071294559099437,0.11953163146972655,8.104665040969849,0.1772298812866211,0.38649155722326456,0.1111299991607666,1492,1.0,7.518879095713299,0.1710374355316162,0.11277159055074056,0.37440300937149373
67,LinearSVC,8.191650390625,0.7229876518249512,0.4625468164794008,0.002882719039916992,6.260321855545044,0.8855350017547607,0.4559099437148218,0.0012004375457763672,8.104665040969849,0.6625401973724365,0.50093808630394,0.0020537376403808594,1492,1.0,7.518879095713299,0.7570209503173828,0.0020456314086914067,0.4731316154993875
68,LogisticRegression,8.191650390625,2.8075530529022217,0.6011235955056179,0.002488851547241211,6.260321855545044,2.8508608341217037,0.6360225140712945,0.0011115074157714844,8.104665040969849,2.9312832355499268,0.6454033771106942,0.0009765625,1492,1.0,7.518879095713299,2.8632323741912837,0.0015256404876708984,0.6275164955625355
69,GaussianNB,8.191650390625,0.00531458854675293,0.5449438202247191,0.01517367362976074,6.260321855545044,0.005208253860473633,0.5759849906191371,0.014116525650024412,8.104665040969849,0.01055288314819336,0.6041275797373359,0.02006435394287109,1492,1.0,7.518879095713299,0.007025241851806641,0.016451517740885418,0.5750187968603974
70,DecisionTreeClassifier,8.191650390625,0.19965243339538571,0.4700374531835206,0.0004584789276123047,6.260321855545044,0.1971273422241211,0.49906191369606,0.0008671283721923827,8.104665040969849,0.23502850532531736,0.4878048780487805,0.0007293224334716798,1492,1.0,7.518879095713299,0.2106027603149414,0.0006849765777587892,0.4856347483094537
71,KNeighborsClassifier,8.191650390625,0.004529714584350586,0.5355805243445693,0.03211164474487305,6.260321855545044,0.007072925567626953,0.5572232645403377,0.04913616180419922,8.104665040969849,0.00555872917175293,0.5778611632270169,0.03515291213989258,1492,1.0,7.518879095713299,0.005720456441243489,0.03880023956298828,0.5568883173706413
72,SVC,7.910642862319946,0.1984670162200928,0.3820224719101124,0.1244831085205078,7.426932334899902,0.20142602920532227,0.3883677298311445,0.11951828002929688,6.382599592208862,0.2425055503845215,0.36397748592870544,0.12355875968933105,1492,1.25,7.2400582631429025,0.21413286526997885,0.12252004941304526,0.3781225625566541
73,LinearSVC,7.910642862319946,0.8373508453369141,0.4625468164794008,0.0016560554504394533,7.426932334899902,1.0576848983764648,0.4577861163227017,0.0012619495391845705,6.382599592208862,0.8376452922821045,0.49906191369606,0.0015544891357421875,1492,1.25,7.2400582631429025,0.9108936786651612,0.0014908313751220705,0.4731316154993874
74,LogisticRegression,7.910642862319946,4.035579919815064,0.6292134831460674,0.002777814865112305,7.426932334899902,2.987004280090332,0.6153846153846154,0.0008585453033447267,6.382599592208862,2.98393988609314,0.6585365853658537,0.0011768341064453125,1492,1.25,7.2400582631429025,3.3355080286661782,0.0016043980916341145,0.6343782279655121
75,GaussianNB,7.910642862319946,0.012364625930786131,0.5355805243445693,0.0217440128326416,7.426932334899902,0.005281209945678711,0.5440900562851783,0.01758408546447754,6.382599592208862,0.005399703979492188,0.5722326454033771,0.016542673110961914,1492,1.25,7.2400582631429025,0.007681846618652344,0.01862359046936035,0.5506344086777082
76,DecisionTreeClassifier,7.910642862319946,0.23241448402404785,0.4868913857677903,0.0005497932434082031,7.426932334899902,0.2469298839569092,0.4878048780487805,0.0004627704620361328,6.382599592208862,0.27795886993408203,0.4671669793621013,0.0004837512969970703,1492,1.25,7.2400582631429025,0.2524344126383464,0.0004987716674804689,0.4806210810595574
77,KNeighborsClassifier,7.910642862319946,0.005387067794799805,0.5543071161048689,0.03536701202392578,7.426932334899902,0.00490880012512207,0.5628517823639775,0.03719472885131836,6.382599592208862,0.005241632461547852,0.5647279549718575,0.035933256149291985,1492,1.25,7.2400582631429025,0.005179166793823242,0.03616499900817871,0.5606289511469013
78,SVC,10.537081956863405,0.2314827442169189,0.3801498127340824,0.12963008880615234,4.645538091659546,0.2229292392730713,0.3621013133208255,0.1283557415008545,7.98857045173645,0.23160505294799805,0.3621013133208255,0.13137578964233398,1492,1.5,7.723730166753132,0.22867234547932944,0.12978720664978027,0.3681174797919111
79,LinearSVC,10.537081956863405,1.045029878616333,0.3801498127340824,0.0014500617980957033,4.645538091659546,1.0104634761810305,0.39587242026266417,0.0014688968658447266,7.98857045173645,1.0479669570922852,0.450281425891182,0.0012905597686767578,1492,1.5,7.723730166753132,1.0344867706298828,0.0014031728108723958,0.4087678862959762
80,LogisticRegression,10.537081956863405,3.5091207027435303,0.6367041198501873,0.0007951259613037108,4.645538091659546,4.20916223526001,0.6360225140712945,0.0007863044738769531,7.98857045173645,4.210033178329469,0.6378986866791745,0.00128173828125,1492,1.5,7.723730166753132,3.9761053721110025,0.0009543895721435547,0.6368751068668854
81,GaussianNB,10.537081956863405,0.005396604537963867,0.5561797752808989,0.0186769962310791,4.645538091659546,0.005318164825439453,0.5028142589118199,0.01955890655517578,7.98857045173645,0.005586385726928711,0.5872420262664165,0.019797325134277344,1492,1.5,7.723730166753132,0.005433718363444011,0.019344409306844074,0.5487453534863783
82,DecisionTreeClassifier,10.537081956863405,0.3161540031433105,0.4756554307116105,0.000576019287109375,4.645538091659546,0.2954988479614258,0.4784240150093809,0.0004131793975830078,7.98857045173645,0.3027451038360596,0.4878048780487805,0.0004508495330810547,1492,1.5,7.723730166753132,0.30479931831359863,0.0004800160725911458,0.4806281079232573
83,KNeighborsClassifier,10.537081956863405,0.005946159362792969,0.5842696629213483,0.0435330867767334,4.645538091659546,0.006067037582397461,0.5272045028142589,0.04009771347045898,7.98857045173645,0.006326913833618164,0.5872420262664165,0.0415029525756836,1492,1.5,7.723730166753132,0.006113370259602864,0.041711250940958663,0.5662387306673412
84,SVC,4.7935147285461435,0.2687385082244873,0.3539325842696629,0.1478097438812256,5.614447593688965,0.3036739826202393,0.3583489681050657,0.15595364570617676,4.839925765991211,0.2860057353973389,0.350844277673546,0.15739130973815918,1492,1.75,5.082629362742106,0.2861394087473552,0.1537182331085205,0.3543752766827581
85,LinearSVC,4.7935147285461435,1.2250580787658691,0.4101123595505618,0.0013632774353027346,5.614447593688965,1.262336254119873,0.4484052532833021,0.0015168190002441404,4.839925765991211,1.2341229915618896,0.4052532833020638,0.0011751651763916016,1492,1.75,5.082629362742106,1.2405057748158772,0.001351753870646159,0.4212569653786426
86,LogisticRegression,4.7935147285461435,23.832700490951535,0.6329588014981273,0.00254511833190918,5.614447593688965,22.460960388183594,0.5984990619136961,0.001718759536743164,4.839925765991211,14.859265089035034,0.6529080675422139,0.002022266387939453,1492,1.75,5.082629362742106,20.384308656056717,0.002095381418863932,0.6281219769846791
87,GaussianNB,4.7935147285461435,0.01096510887145996,0.5280898876404494,0.04008102416992188,5.614447593688965,0.005902528762817383,0.5365853658536586,0.02236795425415039,4.839925765991211,0.01113581657409668,0.5834896810506567,0.0417323112487793,1492,1.75,5.082629362742106,0.009334484736124674,0.03472709655761719,0.5493883115149215
88,DecisionTreeClassifier,4.7935147285461435,0.4112248420715332,0.5112359550561798,0.0006844997406005858,5.614447593688965,0.3609580993652344,0.4371482176360225,0.0006313323974609375,4.839925765991211,0.3991420269012451,0.5084427767354597,0.0005733966827392577,1492,1.75,5.082629362742106,0.3904416561126709,0.0006297429402669271,0.48560898314255396
89,KNeighborsClassifier,4.7935147285461435,0.007399320602416992,0.5411985018726592,0.045281648635864265,5.614447593688965,0.007590055465698242,0.549718574108818,0.05431628227233887,4.839925765991211,0.007306098937988281,0.5759849906191371,0.05013442039489746,1492,1.75,5.082629362742106,0.007431825002034505,0.0499107837677002,0.5556340222002047
90,SVC,5.325188875198363,0.3317480087280273,0.3651685393258427,0.1502513885498047,4.594227313995361,0.30997133255004883,0.3377110694183865,0.15279483795166016,4.6572675704956055,0.3089263439178467,0.3133208255159475,0.16656970977783206,1492,2.0,4.85889458656311,0.3168818950653076,0.15653864542643228,0.33873347808672555
91,LinearSVC,5.325188875198363,1.3412747383117676,0.3951310861423221,0.0012431144714355467,4.594227313995361,1.3673181533813477,0.4090056285178236,0.001485586166381836,4.6572675704956055,1.697721242904663,0.4052532833020638,0.0011396408081054688,1492,2.0,4.85889458656311,1.4687713781992595,0.0012894471486409507,0.4031299993207365
92,LogisticRegression,5.325188875198363,15.419813632965088,0.649812734082397,0.0021910667419433594,4.594227313995361,14.506192684173586,0.6153846153846154,0.002093791961669922,4.6572675704956055,17.859219551086426,0.6022514071294559,0.005537509918212891,1492,2.0,4.85889458656311,15.9284086227417,0.003274122873942057,0.6224829188654893
93,GaussianNB,5.325188875198363,0.011909246444702148,0.5262172284644194,0.046296119689941406,4.594227313995361,0.011032819747924805,0.5290806754221389,0.043912410736083984,4.6572675704956055,0.01193857192993164,0.5272045028142589,0.04603791236877442,1492,2.0,4.85889458656311,0.011626879374186196,0.04541548093159994,0.5275008022336057
94,DecisionTreeClassifier,5.325188875198363,0.4292304515838623,0.4868913857677903,0.000614166259765625,4.594227313995361,0.4676907062530518,0.5046904315196998,0.0006783008575439452,4.6572675704956055,0.4060962200164795,0.4427767354596623,0.0007762908935546875,1492,2.0,4.85889458656311,0.4343391259511312,0.0006895860036214192,0.4781195175823842
95,KNeighborsClassifier,5.325188875198363,0.008393287658691406,0.5299625468164794,0.05293059349060058,4.594227313995361,0.00823068618774414,0.5703564727954972,0.05603170394897461,4.6572675704956055,0.00882101058959961,0.5215759849906192,0.05439591407775879,1492,2.0,4.85889458656311,0.008481661478678385,0.05445273717244466,0.5406316682008653
96,SVC,65.69692659378053,0.12974905967712402,0.5446910617876425,0.07387948036193848,63.74816584587097,0.13256263732910156,0.5883588358835884,0.07137179374694824,74.24908804893494,0.1306769847869873,0.4188418841884188,0.07037234306335449,40668,0.25,67.89806016286214,0.1309962272644043,0.07187453905741374,0.5172972606198832
97,LinearSVC,65.69692659378053,0.17355608940124512,0.6985602879424115,0.0007894039154052733,63.74816584587097,0.18336105346679688,0.6948694869486949,0.0008857250213623047,74.24908804893494,0.16498541831970215,0.699069906990699,0.0008046627044677733,40668,0.25,67.89806016286214,0.1739675203959147,0.0008265972137451173,0.6974998939606017
98,LogisticRegression,65.69692659378053,0.5057408809661865,0.6994601079784043,0.001230478286743164,63.74816584587097,0.2599484920501709,0.6954695469546954,0.0014276504516601562,74.24908804893494,0.6750264167785645,0.7020702070207021,0.0009229183197021484,40668,0.25,67.89806016286214,0.4802385965983073,0.001193682352701823,0.6989999539846007
99,GaussianNB,65.69692659378053,0.004651069641113281,0.6901619676064787,0.003043174743652344,63.74816584587097,0.004745244979858398,0.6909690969096911,0.0030455589294433594,74.24908804893494,0.003479719161987305,0.6966696669666966,0.002346992492675781,40668,0.25,67.89806016286214,0.004292011260986328,0.002811908721923828,0.6926002438276221
100,DecisionTreeClassifier,65.69692659378053,0.20281338691711426,0.5929814037192561,0.0007472038269042969,63.74816584587097,0.20403409004211426,0.5952595259525952,0.0010178089141845703,74.24908804893494,0.20287084579467773,0.6102610261026102,0.0010018348693847656,40668,0.25,67.89806016286214,0.20323944091796875,0.0009222825368245443,0.5995006519248206
101,KNeighborsClassifier,65.69692659378053,0.011131048202514648,0.6970605878824235,0.8303396701812744,63.74816584587097,0.0121002197265625,0.7035703570357036,0.8181700706481934,74.24908804893494,0.012272119522094728,0.7032703270327033,0.8041007518768309,40668,0.25,67.89806016286214,0.011834462483723959,0.8175368309020996,0.7013004239836101
102,SVC,28.7545108795166,0.20302414894104004,0.4523095380923815,0.11796236038208008,27.83622646331787,0.1960322856903076,0.4875487548754875,0.11221528053283693,28.359747886657715,0.2042689323425293,0.4548454845484549,0.11325407028198242,40668,0.5,28.316828409830734,0.20110845565795896,0.11447723706563312,0.46490125917210795
103,LinearSVC,28.7545108795166,0.26195263862609863,0.7012597480503899,0.0017299652099609375,27.83622646331787,0.25348830223083496,0.6999699969997,0.006389617919921875,28.359747886657715,0.2631800174713135,0.6864686468646864,0.006569147109985352,40668,0.5,28.316828409830734,0.25954031944274897,0.004896243413289389,0.6958994639715921
104,LogisticRegression,28.7545108795166,0.4821670055389404,0.6994601079784043,0.0012705326080322266,27.83622646331787,0.3457460403442383,0.6987698769876988,0.005491495132446289,28.359747886657715,0.28376412391662603,0.6891689168916891,0.0017054080963134766,40668,0.5,28.316828409830734,0.3705590565999349,0.0028224786122639967,0.6957996339525975
105,GaussianNB,28.7545108795166,0.00582122802734375,0.6745650869826035,0.003633737564086914,27.83622646331787,0.004892110824584961,0.6711671167116712,0.003191232681274414,28.359747886657715,0.006474971771240234,0.6732673267326733,0.0038390159606933602,40668,0.5,28.316828409830734,0.005729436874389648,0.003554662068684896,0.6729998434756493
106,DecisionTreeClassifier,28.7545108795166,0.3390190601348877,0.6139772045590882,0.0008740425109863281,27.83622646331787,0.3906295299530029,0.6063606360636064,0.0018165111541748047,28.359747886657715,0.3734226226806641,0.6057605760576058,0.0007967948913574219,40668,0.5,28.316828409830734,0.3676904042561849,0.0011624495188395185,0.6086994722267668
107,KNeighborsClassifier,28.7545108795166,0.020960092544555664,0.7120575884823035,1.5075850486755369,27.83622646331787,0.025849103927612305,0.6993699369936993,1.5690555572509766,28.359747886657715,0.021178483963012692,0.7104710471047104,1.5649247169494631,40668,0.5,28.316828409830734,0.022662560145060226,1.5471884409586592,0.7072995241935711
108,SVC,17.478981733322144,0.2568516731262207,0.5458908218356329,0.1553962230682373,18.238355159759518,0.2659430503845215,0.5007500750075008,0.15972208976745605,22.667940855026245,0.2781250476837158,0.4155415541554156,0.15370559692382812,40668,0.75,19.461759249369305,0.2669732570648193,0.15627463658650714,0.4873941503328497
109,LinearSVC,17.478981733322144,0.359738826751709,0.6961607678464307,0.006728649139404297,18.238355159759518,0.3517794609069824,0.6987698769876988,0.0018231868743896484,22.667940855026245,0.3546738624572754,0.7071707170717072,0.009643793106079102,40668,0.75,19.461759249369305,0.3553973833719889,0.0060652097066243495,0.7007004539686122
110,LogisticRegression,17.478981733322144,0.4323980808258057,0.7036592681463707,0.0011796951293945312,18.238355159759518,0.7747774124145508,0.7005700570057005,0.0017473697662353516,22.667940855026245,0.941642999649048,0.7095709570957096,0.005483150482177734,40668,0.75,19.461759249369305,0.7162728309631348,0.0028034051259358725,0.7046000940825937
111,GaussianNB,17.478981733322144,0.004176139831542969,0.6577684463107378,0.002839326858520508,18.238355159759518,0.02292656898498535,0.6333633363336334,0.01709580421447754,22.667940855026245,0.005286931991577149,0.6591659165916591,0.0037970542907714852,40668,0.75,19.461759249369305,0.010796546936035156,0.007910728454589844,0.6500992330786768
112,DecisionTreeClassifier,17.478981733322144,0.6017630100250244,0.6049790041991602,0.0011622905731201172,18.238355159759518,0.5675802230834961,0.6123612361236124,0.0009636878967285156,22.667940855026245,0.5793490409851074,0.6114611461146114,0.001279592514038086,40668,0.75,19.461759249369305,0.582897424697876,0.0011351903279622395,0.6096004621457946
113,KNeighborsClassifier,17.478981733322144,0.033230066299438484,0.7114577084583084,2.331855058670044,18.238355159759518,0.031940221786499016,0.708070807080708,2.507199764251709,22.667940855026245,0.035717010498046875,0.7032703270327033,2.4262948036193848,40668,0.75,19.461759249369305,0.03362909952799479,2.421783208847046,0.7075996141905733
114,SVC,20.046013593673703,0.3281872272491455,0.4520095980803839,0.2011902332305908,19.917701721191406,0.3268873691558838,0.4515451545154515,0.2030799388885498,19.483153343200684,0.332413911819458,0.5313531353135313,0.1999421119689941,40668,1.0,19.815622886021927,0.3291628360748291,0.20140409469604487,0.4783026293031223
115,LinearSVC,20.046013593673703,0.4636454582214356,0.7177564487102579,0.0038657188415527344,19.917701721191406,0.4655570983886719,0.7107710771077108,0.009869813919067385,19.483153343200684,0.5325429439544678,0.7044704470447045,0.002478599548339844,40668,1.0,19.815622886021927,0.4872485001881917,0.00540471076965332,0.7109993242875577
116,LogisticRegression,20.046013593673703,1.225128173828125,0.7255548890221956,0.002072334289550781,19.917701721191406,1.5158586502075195,0.7152715271527152,0.0020759105682373047,19.483153343200684,2.1180737018585205,0.7074707470747075,0.008849859237670898,40668,1.0,19.815622886021927,1.6196868419647217,0.004332701365152995,0.7160990544165395
117,GaussianNB,20.046013593673703,0.008214235305786133,0.6616676664667066,0.005940914154052734,19.917701721191406,0.009002923965454102,0.6585658565856586,0.005925893783569336,19.483153343200684,0.020427465438842773,0.6312631263126313,0.004365444183349609,40668,1.0,19.815622886021927,0.012548208236694336,0.0054107507069905605,0.6504988831216655
118,DecisionTreeClassifier,20.046013593673703,0.7273483276367188,0.6145770845830834,0.0012955665588378904,19.917701721191406,0.7172727584838867,0.6300630063006301,0.001224517822265625,19.483153343200684,0.7799241542816162,0.6174617461746175,0.0012791156768798828,40668,1.0,19.815622886021927,0.7415150801340739,0.0012664000193277993,0.620700612352777
119,KNeighborsClassifier,20.046013593673703,0.048718929290771484,0.7078584283143371,3.060962200164795,19.917701721191406,0.044252872467041016,0.7128712871287128,3.0765252113342285,19.483153343200684,0.04425859451293945,0.7206720672067207,3.0514302253723145,40668,1.0,19.815622886021927,0.045743465423583984,3.0629725456237797,0.7138005942165901
120,SVC,20.28966379165649,0.4154074192047119,0.5317936412717457,0.24326038360595706,17.105576276779175,0.39024233818054205,0.5754575457545754,0.2425835132598877,10.731331110000609,0.42460083961486816,0.5634563456345635,0.2499852180480957,40668,1.25,16.042190392812092,0.41008353233337397,0.2452763716379801,0.5569025108869615
121,LinearSVC,20.28966379165649,0.5111815929412842,0.7213557288542292,0.0022346973419189453,17.105576276779175,0.6946818828582764,0.7098709870987099,0.006165504455566406,10.731331110000609,0.5544519424438477,0.7170717071707171,0.010316133499145508,40668,1.25,16.042190392812092,0.5867718060811361,0.006238778432210286,0.7160994743745521
122,LogisticRegression,20.28966379165649,1.717773675918579,0.7306538692261547,0.0034863948822021484,17.105576276779175,2.0274324417114262,0.7146714671467147,0.01250314712524414,10.731331110000609,2.547943592071533,0.7209720972097209,0.0028624534606933594,40668,1.25,16.042190392812092,2.0977165699005127,0.006283998489379883,0.7220991445275301
123,GaussianNB,20.28966379165649,0.01091766357421875,0.6406718656268746,0.007054328918457031,17.105576276779175,0.01838922500610352,0.6366636663666366,0.01082754135131836,10.731331110000609,0.009685039520263672,0.6279627962796279,0.006709814071655274,40668,1.25,16.042190392812092,0.01299730936686198,0.00819722811381022,0.6350994427577131
124,DecisionTreeClassifier,20.28966379165649,1.0277996063232422,0.623875224955009,0.001330852508544922,17.105576276779175,0.8991148471832275,0.6189618961896189,0.001271963119506836,10.731331110000609,0.9377732276916504,0.6294629462946295,0.0013608932495117188,40668,1.25,16.042190392812092,0.9548958937327068,0.001321236292521159,0.6241000224797525
125,KNeighborsClassifier,20.28966379165649,0.0744321346282959,0.711757648470306,3.8591623306274414,17.105576276779175,0.05134391784667969,0.7179717971797179,3.604484081268311,10.731331110000609,0.053629159927368164,0.7098709870987099,3.700957536697388,40668,1.25,16.042190392812092,0.05980173746744793,3.7215346495310464,0.713200144249578
126,SVC,18.360633134841922,0.45020079612731934,0.5875824835032993,0.2863743305206299,15.970523357391356,0.4488284587860107,0.5655565556555655,0.28334736824035645,15.607325553894045,0.5045678615570068,0.5235523552355236,0.3178989887237549,40668,1.5,16.64616068204244,0.4678657054901123,0.29587356249491376,0.5588971314647962
127,LinearSVC,18.360633134841922,0.6107635498046875,0.7165566886622675,0.00984334945678711,15.970523357391356,0.5824263095855713,0.7182718271827183,0.002759218215942383,15.607325553894045,0.607595682144165,0.7248724872487249,0.0027008056640625,40668,1.5,16.64616068204244,0.6002618471781412,0.005101124445597331,0.7199003343645702
128,LogisticRegression,18.360633134841922,2.744502305984497,0.7234553089382123,0.006403446197509766,15.970523357391356,2.62845516204834,0.7296729672967297,0.006466150283813477,15.607325553894045,2.5682907104492188,0.7335733573357336,0.007826805114746094,40668,1.5,16.64616068204244,2.647082726160685,0.006898800532023111,0.7289005445235586
129,GaussianNB,18.360633134841922,0.010460138320922852,0.6220755848830234,0.007735252380371094,15.970523357391356,0.02239227294921875,0.6141614161416141,0.015990495681762695,15.607325553894045,0.010406970977783205,0.6360636063606361,0.0075130462646484375,40668,1.5,16.64616068204244,0.014419794082641603,0.010412931442260742,0.6241002024617579
130,DecisionTreeClassifier,18.360633134841922,1.1866638660430908,0.6139772045590882,0.0014269351959228516,15.970523357391356,1.1519496440887451,0.6270627062706271,0.0013585090637207033,15.607325553894045,1.3693292140960691,0.6108610861086109,0.001440286636352539,40668,1.5,16.64616068204244,1.2359809080759685,0.0014085769653320312,0.6173003323127754
131,KNeighborsClassifier,18.360633134841922,0.06252169609069824,0.7162567486502699,4.44639778137207,15.970523357391356,0.06290507316589355,0.7161716171617162,4.575450658798218,15.607325553894045,0.06613850593566895,0.7167716771677167,4.354926109313965,40668,1.5,16.64616068204244,0.06385509173075359,4.458924849828084,0.7164000143265676
132,SVC,14.949982166290285,0.5188114643096924,0.5896820635872826,0.3305821418762207,16.080434799194336,0.5379462242126465,0.5091509150915091,0.3446176052093506,17.109824180603027,0.5342884063720703,0.5724572457245725,0.32666492462158203,40668,1.75,16.04674704869588,0.5303486982981364,0.3339548905690511,0.557096741467788
133,LinearSVC,14.949982166290285,0.7099757194519043,0.7237552489502099,0.02640080451965332,16.080434799194336,0.7006211280822754,0.714971497149715,0.0026540756225585933,17.109824180603027,0.6845390796661377,0.7284728472847285,0.004645109176635742,40668,1.75,16.04674704869588,0.6983786424001058,0.01123332977294922,0.7223998644615511
134,LogisticRegression,14.949982166290285,2.5214200019836426,0.7231553689262148,0.005478382110595703,16.080434799194336,3.1569337844848637,0.7227722772277227,0.005269289016723633,17.109824180603027,2.985262155532837,0.7317731773177317,0.002008676528930664,40668,1.75,16.04674704869588,2.8878719806671143,0.004252115885416667,0.7259002744905564
135,GaussianNB,14.949982166290285,0.01214456558227539,0.6046790641871626,0.009307384490966795,16.080434799194336,0.008736133575439453,0.6204620462046204,0.005993366241455078,17.109824180603027,0.008120059967041016,0.6261626162616262,0.006191253662109375,40668,1.75,16.04674704869588,0.009666919708251951,0.00716400146484375,0.617101242217803
136,DecisionTreeClassifier,14.949982166290285,1.724435329437256,0.6286742651469706,0.0015375614166259766,16.080434799194336,1.6902830600738523,0.6351635163516351,0.0015904903411865234,17.109824180603027,1.5082740783691406,0.6255625562556255,0.00203704833984375,40668,1.75,16.04674704869588,1.6409974892934165,0.0017217000325520833,0.6298001125847438
137,KNeighborsClassifier,14.949982166290285,0.07393336296081543,0.7156568686262748,4.977126836776733,16.080434799194336,0.07849264144897461,0.7017701770177017,5.192974805831909,17.109824180603027,0.08775687217712402,0.7089708970897091,5.501528024673462,40668,1.75,16.04674704869588,0.08006095886230469,5.223876555760701,0.7087993142445619
138,SVC,16.63129448890686,0.5790562629699707,0.5563887222555489,0.3808917999267578,17.819101572036747,0.5783736705780029,0.3708370837083708,0.4236741065979004,16.31864619255066,0.5815358161926271,0.5640564056405639,0.3705439567565918,40668,2.0,16.923014084498092,0.5796552499135336,0.3917032877604167,0.4970940705348279
139,LinearSVC,16.63129448890686,0.7826826572418213,0.6961607678464307,0.002894163131713867,17.819101572036747,0.9117133617401124,0.7179717971797179,0.0031845569610595703,16.31864619255066,0.8667042255401611,0.6798679867986799,0.010829687118530272,40668,2.0,16.923014084498092,0.8537000815073649,0.005636135737101236,0.6980001839416095
140,LogisticRegression,16.63129448890686,3.366809844970703,0.7330533893221356,0.004131078720092773,17.819101572036747,2.0833256244659424,0.7158715871587159,0.003923416137695313,16.31864619255066,1.4365525245666504,0.7323732373237324,0.006998300552368164,40668,2.0,16.923014084498092,2.295562664667765,0.005017598470052083,0.7270994046015279
141,GaussianNB,16.63129448890686,0.01356959342956543,0.6148770245950811,0.01126384735107422,17.819101572036747,0.01660013198852539,0.6138613861386139,0.009934663772583008,16.31864619255066,0.011497735977172852,0.6144614461446145,0.009790420532226562,40668,2.0,16.923014084498092,0.013889153798421223,0.010329643885294596,0.6143999522927698
142,DecisionTreeClassifier,16.63129448890686,1.4363441467285156,0.6235752849430114,0.0017426013946533205,17.819101572036747,1.5190057754516602,0.6306630663066307,0.0015668869018554688,16.31864619255066,1.6774368286132812,0.6258625862586259,0.0014872550964355467,40668,2.0,16.923014084498092,1.5442622502644856,0.0015989144643147786,0.6267003125027559
143,KNeighborsClassifier,16.63129448890686,0.08254718780517578,0.729754049190162,5.696633338928223,17.819101572036747,0.08022069931030272,0.7263726372637264,5.597373008728027,16.31864619255066,0.08093523979187013,0.7317731773177317,5.817866802215576,40668,2.0,16.923014084498092,0.08123437563578287,5.703957716623943,0.7292999545905401
144,SVC,29.63059949874878,2.099484920501709,0.7960407918416317,1.9195151329040527,27.493984460830692,2.1438355445861816,0.7878787878787878,1.9752376079559328,27.128490686416626,2.140409231185913,0.8172817281728173,1.9524705410003664,40996,0.25,28.08435821533203,2.1279098987579346,1.9490744272867842,0.8004004359644122
145,LinearSVC,29.63059949874878,0.9132440090179444,0.8467306538692262,0.009824991226196287,27.493984460830692,0.8674368858337402,0.8613861386138614,0.003578662872314453,27.128490686416626,0.8924798965454102,0.8523852385238524,0.008183956146240234,40996,0.25,28.08435821533203,0.8910535971323649,0.007195870081583659,0.8535006770023132
146,LogisticRegression,29.63059949874878,5.366533279418945,0.8449310137972406,0.005165815353393555,27.493984460830692,6.631964921951294,0.8406840684068407,0.00428462028503418,27.128490686416626,5.626370429992676,0.8439843984398441,0.0035076141357421875,40996,0.25,28.08435821533203,5.874956210454304,0.004319349924723308,0.8431998268813085
147,GaussianNB,29.63059949874878,0.011993169784545898,0.7471505698860228,0.027428388595581055,27.493984460830692,0.01709771156311035,0.7584758475847585,0.03559279441833496,27.128490686416626,0.01447439193725586,0.7512751275127513,0.03398299217224121,40996,0.25,28.08435821533203,0.01452175776163737,0.032334725062052413,0.7523005149945109
148,DecisionTreeClassifier,29.63059949874878,1.7112319469451904,0.7312537492501501,0.0016431808471679688,27.493984460830692,1.7582104206085205,0.7455745574557455,0.0017261505126953125,27.128490686416626,1.7871260643005369,0.7554755475547554,0.0016405582427978516,40996,0.25,28.08435821533203,1.7521894772847493,0.0016699632008870444,0.7441012847535503
149,KNeighborsClassifier,29.63059949874878,0.10177946090698242,0.8332333533293341,5.652674913406372,27.493984460830692,0.10337376594543456,0.8481848184818482,5.967571973800659,27.128490686416626,0.10616707801818848,0.8478847884788479,5.790342092514037,40996,0.25,28.08435821533203,0.10377343495686847,5.8035296599070225,0.8431009867633433
150,SVC,24.062082052230835,4.0714828968048105,0.8065386922615477,3.738025188446045,22.395923614501953,4.249769449234009,0.7983798379837984,3.8367297649383545,24.42804837226868,3.975249528884888,0.8142814281428142,3.706487894058228,40996,0.5,23.62868467966716,4.098833958307901,3.760414282480876,0.8063999861293868
151,LinearSVC,24.062082052230835,1.6371052265167236,0.8458308338332333,0.010496854782104492,22.395923614501953,1.8860204219818115,0.8487848784878488,0.014472723007202147,24.42804837226868,1.6247711181640625,0.8256825682568257,0.011107206344604492,40996,0.5,23.62868467966716,1.7159655888875325,0.012025594711303713,0.8400994268593026
152,LogisticRegression,24.062082052230835,5.135024309158325,0.8257348530293941,0.005769252777099609,22.395923614501953,4.7525668144226065,0.8211821182118212,0.005553483963012695,24.42804837226868,5.758139371871947,0.8217821782178217,0.005923271179199219,40996,0.5,23.62868467966716,5.215243498484294,0.005748669306437175,0.8228997164863457
153,GaussianNB,24.062082052230835,0.027352094650268555,0.7810437912417516,0.07124447822570801,22.395923614501953,0.01972651481628418,0.7698769876987699,0.050174713134765625,24.42804837226868,0.038991689682006836,0.7731773177317732,0.08534741401672362,40996,0.5,23.62868467966716,0.028690099716186523,0.0689222017923991,0.7746993655574316
154,DecisionTreeClassifier,24.062082052230835,3.0515999794006348,0.7408518296340731,0.002480268478393555,22.395923614501953,3.7298250198364262,0.7275727572757276,0.003139257431030273,24.42804837226868,3.8223476409912114,0.7284728472847285,0.002600193023681641,40996,0.5,23.62868467966716,3.5345908800760903,0.002739906311035156,0.7322991447315097
155,KNeighborsClassifier,24.062082052230835,0.200162410736084,0.8509298140371926,12.184241771697998,22.395923614501953,0.215226411819458,0.8358835883588359,12.077365159988403,24.42804837226868,0.2456493377685547,0.8502850285028503,12.539244890213013,40996,0.5,23.62868467966716,0.2203460534413656,12.266950607299805,0.8456994769662929
156,SVC,14.903004169464113,5.88469386100769,0.8032393521295741,5.519880533218384,19.56840205192566,5.888533592224121,0.8088808880888089,5.46149206161499,9.002885580062868,5.576523542404175,0.7989798979897991,5.341991901397705,40996,0.75,14.491430600484215,5.783250331878662,5.441121498743694,0.803700046069394
157,LinearSVC,14.903004169464113,2.609220266342163,0.8542291541691661,0.01335906982421875,19.56840205192566,2.501321315765381,0.846984698469847,0.008435249328613281,9.002885580062868,2.8013973236083984,0.8508850885088509,0.011054515838623049,40996,0.75,14.491430600484215,2.637312968571981,0.01094961166381836,0.850699647049288
158,LogisticRegression,14.903004169464113,6.926186800003053,0.8269346130773845,0.007947206497192383,19.56840205192566,6.4832918643951425,0.8262826282628263,0.008954286575317383,9.002885580062868,6.007536172866821,0.8259825982598259,0.008980035781860352,40996,0.75,14.491430600484215,6.472338279088337,0.008627176284790039,0.8263999465333455
159,GaussianNB,14.903004169464113,0.03800582885742188,0.7666466706658668,0.0965440273284912,19.56840205192566,0.03815317153930664,0.7485748574857486,0.10033607482910156,9.002885580062868,0.027193784713745117,0.75997599759976,0.07937121391296388,40996,0.75,14.491430600484215,0.034450928370157875,0.09208377202351888,0.7583991752504584
160,DecisionTreeClassifier,14.903004169464113,5.037250995635986,0.7432513497300541,0.003616809844970703,19.56840205192566,5.049881935119629,0.7248724872487249,0.0032062530517578125,9.002885580062868,5.552182674407959,0.7398739873987399,0.0037941932678222656,40996,0.75,14.491430600484215,5.213105201721191,0.0035390853881835938,0.7359992747925063
161,KNeighborsClassifier,14.903004169464113,0.32604360580444336,0.8464307138572286,18.099249839782715,19.56840205192566,0.38057065010070795,0.8385838583858386,19.257173061370853,9.002885580062868,0.3779840469360352,0.8355835583558355,16.335615634918213,40996,0.75,14.491430600484215,0.3615327676137288,17.897346178690594,0.8401993768663009
162,SVC,14.176433324813845,7.772648572921753,0.7888422315536893,7.278238534927367,16.04192328453064,7.7748568058013925,0.7626762676267627,7.308298587799072,15.574764728546144,7.772650957107544,0.7776777677767777,7.2476277351379395,40996,1.0,15.264373779296875,7.773385445276896,7.27805495262146,0.7763987556524098
163,LinearSVC,14.176433324813845,3.3744111061096187,0.871625674865027,0.009180307388305664,16.04192328453064,3.241174459457397,0.8694869486948695,0.012253761291503906,15.574764728546144,3.464951038360596,0.861986198619862,0.015772342681884766,40996,1.0,15.264373779296875,3.3601788679758706,0.01240213712056478,0.8676996073932527
164,LogisticRegression,14.176433324813845,6.536111831665039,0.8458308338332333,0.03258371353149414,16.04192328453064,5.841766119003296,0.8313831383138314,0.009870767593383787,15.574764728546144,6.556004047393799,0.8373837383738374,0.0388023853302002,40996,1.0,15.264373779296875,6.311293999354046,0.02708562215169271,0.8381992368403006
165,GaussianNB,14.176433324813845,0.052703142166137695,0.7750449910017997,0.12804865837097168,16.04192328453064,0.05115222930908203,0.7662766276627663,0.1279764175415039,15.574764728546144,0.09840202331542967,0.7692769276927692,0.1078939437866211,40996,1.0,15.264373779296875,0.06741913159688312,0.1213063398996989,0.770199515452445
166,DecisionTreeClassifier,14.176433324813845,6.705141305923463,0.73875224955009,0.003769397735595703,16.04192328453064,6.629754781723023,0.7473747374737474,0.0037546157836914062,15.574764728546144,7.055306673049928,0.7467746774677467,0.004260063171386719,40996,1.0,15.264373779296875,6.796734253565472,0.003928025563557942,0.7443005548305279
167,KNeighborsClassifier,14.176433324813845,0.4075024127960205,0.831133773245351,25.009228229522705,16.04192328453064,0.4611151218414306,0.8415841584158416,24.653343677520752,15.574764728546144,0.42302298545837397,0.8364836483648365,25.90099191665649,40996,1.0,15.264373779296875,0.4305468400319417,25.187854607899986,0.836400526675343
168,SVC,11.722007751464846,9.422883272171019,0.8026394721055788,9.091055631637571,11.743986368179321,9.311429977416992,0.7881788178817882,9.04157328605652,10.336711168289183,9.270008325576784,0.8112811281128113,9.005141496658323,40996,1.25,11.267568429311115,9.334773858388266,9.045923471450807,0.8006998060333927
169,LinearSVC,11.722007751464846,4.586096048355103,0.862627474505099,0.009718656539916992,11.743986368179321,4.507925748825073,0.8583858385838584,0.009732961654663086,10.336711168289183,4.477877378463745,0.8661866186618662,0.009072065353393556,40996,1.25,11.267568429311115,4.523966391881307,0.009507894515991213,0.8623999772502745
170,LogisticRegression,11.722007751464846,5.7609827518463135,0.8407318536292742,0.01251983642578125,11.743986368179321,5.9262683391571045,0.8388838883888389,0.01180100440979004,10.336711168289183,5.992093086242676,0.8358835883588359,0.016822338104248047,40996,1.25,11.267568429311115,5.893114725748697,0.01371439297993978,0.8384997767923164
171,GaussianNB,11.722007751464846,0.1084282398223877,0.7696460707858428,0.14795684814453125,11.743986368179321,0.0596158504486084,0.7581758175817582,0.15378832817077634,10.336711168289183,0.060109853744506836,0.7617761776177617,0.15694832801818848,40996,1.25,11.267568429311115,0.0760513146718343,0.15289783477783206,0.7631993553284543
172,DecisionTreeClassifier,11.722007751464846,8.93766975402832,0.7558488302339532,0.007506608963012695,11.743986368179321,8.499614000320435,0.7386738673867387,0.004303932189941406,10.336711168289183,8.263642072677612,0.7461746174617462,0.004470109939575195,40996,1.25,11.267568429311115,8.566975275675455,0.005426883697509766,0.7468991050274792
173,KNeighborsClassifier,11.722007751464846,0.5541722774505615,0.8257348530293941,29.04803013801575,11.743986368179321,0.5505328178405762,0.8376837683768377,28.97374582290649,10.336711168289183,0.5613267421722412,0.8409840984098409,29.674386501312256,40996,1.25,11.267568429311115,0.5553439458211263,29.232054154078174,0.8348009066053576
174,SVC,11.161743879318237,11.093080043792725,0.8068386322735452,10.854360580444336,13.494754552841187,11.489692449569702,0.7764776477647765,10.77166199684143,13.651081800460815,11.419692754745483,0.7845784578457846,10.939807176589966,40996,1.5,12.769193410873413,11.334155082702635,10.855276584625244,0.7892982459613688
175,LinearSVC,11.161743879318237,5.445233106613159,0.8692261547690462,0.02174091339111328,13.494754552841187,5.0125482082366934,0.855985598559856,0.022647619247436523,13.651081800460815,5.172697067260742,0.8634863486348635,0.01160883903503418,40996,1.5,12.769193410873413,5.210159460703532,0.018665790557861328,0.8628993673212553
176,LogisticRegression,11.161743879318237,13.988544940948485,0.8428314337132573,0.015213251113891603,13.494754552841187,9.461413145065306,0.843084308430843,0.01512002944946289,13.651081800460815,6.331233739852905,0.8412841284128413,0.018329620361328125,40996,1.5,12.769193410873413,9.927063941955566,0.01622096697489421,0.8423999568523138
177,GaussianNB,11.161743879318237,0.07799363136291504,0.7666466706658668,0.1930203437805176,13.494754552841187,0.07559728622436522,0.7842784278427842,0.23163342475891116,13.651081800460815,0.07564401626586914,0.7920792079207921,0.19002556800842285,40996,1.5,12.769193410873413,0.07641164461771648,0.2048931121826172,0.781001435476481
178,DecisionTreeClassifier,11.161743879318237,10.051589727401732,0.7483503299340132,0.008725404739379883,13.494754552841187,10.077735662460329,0.7404740474047404,0.005746126174926758,13.651081800460815,10.087098360061647,0.7461746174617462,0.008650541305541992,40996,1.5,12.769193410873413,10.072141249974571,0.007707357406616211,0.7449996649334999
179,KNeighborsClassifier,11.161743879318237,0.6639394760131836,0.8410317936412718,37.97581553459168,13.494754552841187,0.6280219554901123,0.8385838583858386,39.474373579025276,13.651081800460815,0.6376998424530029,0.8313831383138314,37.39228367805482,40996,1.5,12.769193410873413,0.6432204246520996,38.280824263890594,0.8369995967803141
180,SVC,12.591602325439453,13.289733171463013,0.8089382123575285,12.81169581413269,14.28844690322876,13.719467639923096,0.7701770177017702,13.431643962860107,15.774823427200316,14.252063274383545,0.7995799579957996,13.24752163887024,40996,1.75,14.218290885289509,13.753754695256553,13.163620471954346,0.7928983960183661
181,LinearSVC,12.591602325439453,5.791194438934326,0.8593281343731254,0.02877354621887207,14.28844690322876,6.1130826473236075,0.8643864386438644,0.02001023292541504,15.774823427200316,5.354764461517334,0.8724872487248725,0.01738905906677246,40996,1.75,14.218290885289509,5.753013849258423,0.022057612737019856,0.8654006072472874
182,LogisticRegression,12.591602325439453,7.532930135726929,0.8530293941211757,0.03508710861206055,14.28844690322876,10.483758687973024,0.8523852385238524,0.020978689193725586,15.774823427200316,9.70475149154663,0.84998499849985,0.03383326530456543,40996,1.75,14.218290885289509,9.240480105082193,0.029966354370117188,0.8517998770482927
183,GaussianNB,12.591602325439453,0.10999488830566406,0.7927414517096579,0.2706964015960693,14.28844690322876,0.09274768829345703,0.7773777377737774,0.2545292377471924,15.774823427200316,0.08956789970397949,0.7860786078607861,0.2789745330810547,40996,1.75,14.218290885289509,0.09743682543436688,0.2680667241414388,0.7853992657814072
184,DecisionTreeClassifier,12.591602325439453,13.11447286605835,0.7408518296340731,0.010879993438720705,14.28844690322876,12.533653736114502,0.7428742874287428,0.007081270217895508,15.774823427200316,11.570304870605467,0.7347734773477348,0.006083965301513672,40996,1.75,14.218290885289509,12.406143824259438,0.008015076319376627,0.7394998648035168
185,KNeighborsClassifier,12.591602325439453,0.8139517307281494,0.8263347330533893,42.71657395362854,14.28844690322876,0.7996869087219238,0.8343834383438344,44.78213262557984,15.774823427200316,0.8372807502746582,0.8346834683468347,46.21627235412598,40996,1.75,14.218290885289509,0.8169731299082438,44.57165964444479,0.8318005465813528
186,SVC,9.626905202865599,15.636531591415405,0.7816436712657469,15.468547105789185,12.487343311309814,15.94637656211853,0.7695769576957696,15.728689432144165,13.558801412582396,16.2917640209198,0.7905790579057905,15.858543157577515,40996,2.0,11.891016642252605,15.958224058151245,15.685259898503624,0.7805998956224357
187,LinearSVC,9.626905202865599,7.76098370552063,0.871625674865027,0.019730806350708008,12.487343311309814,7.126112699508668,0.8742874287428742,0.01999664306640625,13.558801412582396,6.934983015060425,0.8727872787278728,0.01997709274291992,40996,2.0,11.891016642252605,7.274026473363239,0.019901514053344727,0.8729001274452579
188,LogisticRegression,9.626905202865599,16.020587921142578,0.8452309538092382,0.03142070770263672,12.487343311309814,11.427739381790161,0.8508850885088509,0.07127833366394043,13.558801412582396,10.134715318679811,0.8475847584758476,0.04589247703552246,40996,2.0,11.891016642252605,12.52768087387085,0.0495305061340332,0.8479002669313122
189,GaussianNB,9.626905202865599,0.14142394065856936,0.7636472705458909,0.320512056350708,12.487343311309814,0.1386270523071289,0.7692769276927692,0.3362381458282471,13.558801412582396,0.09877419471740724,0.7779777977797779,0.322906494140625,40996,2.0,11.891016642252605,0.12627506256103516,0.3265522321065267,0.7703006653394793
190,DecisionTreeClassifier,9.626905202865599,14.585171937942505,0.747750449910018,0.008316993713378906,12.487343311309814,15.147796869277954,0.7233723372337234,0.01236581802368164,13.558801412582396,13.921855926513672,0.7386738673867387,0.011656761169433594,40996,2.0,11.891016642252605,14.551608244578045,0.010779857635498049,0.7365988848434935
191,KNeighborsClassifier,9.626905202865599,0.9609653949737548,0.8344331133773245,48.736274242401116,12.487343311309814,0.9447836875915528,0.8271827182718272,52.50549149513245,13.558801412582396,0.910595178604126,0.8343834383438344,49.81974601745606,40996,2.0,11.891016642252605,0.9387814203898112,50.35383725166321,0.8319997566643287
