,dataset_id,transformer,clf,noise_level,corrupt_type,split0_test_accuracy,split0_fit_time_transformer,split0_fit_time_clf,split1_test_accuracy,split1_fit_time_transformer,split1_fit_time_clf,split2_test_accuracy,split2_fit_time_transformer,split2_fit_time_clf,mean_fit_time_clf,mean_fit_time_transformer,mean_test_accuracy
0,40996,AutoTransformer(type='dae'),"TPOTClassifier(cv=3, generations=5, n_jobs=50, population_size=20,
               scoring='accuracy', verbosity=2)",0.0,snp,0.8894317305219851,107.97876834869385,5794.802811861038,0.8922984614065915,81.764333486557,3597.0871942043304,0.895427077529679,67.79986357688904,3014.0532426834106,4135.314416249593,85.84765513737996,0.8923857564860852
1,40996,AutoTransformer(type='dae'),"TPOTClassifier(cv=3, generations=5, n_jobs=50, population_size=20,
               scoring='accuracy', verbosity=2)",0.0,gaussian,0.8894317305219851,107.97876834869385,5794.802811861038,0.8922984614065915,81.764333486557,3597.0871942043304,0.895427077529679,67.79986357688904,3014.0532426834106,4135.314416249593,85.84765513737996,0.8923857564860852
2,40996,AutoTransformer(type='dae'),"TPOTClassifier(cv=3, generations=5, n_jobs=50, population_size=20,
               scoring='accuracy', verbosity=2)",0.05,snp,0.7568783749035742,107.97876834869385,5794.802811861038,0.7502678609694424,81.764333486557,3597.0871942043304,0.775125358933699,67.79986357688904,3014.0532426834106,4135.314416249593,85.84765513737996,0.7607571982689052
3,40996,AutoTransformer(type='dae'),"TPOTClassifier(cv=3, generations=5, n_jobs=50, population_size=20,
               scoring='accuracy', verbosity=2)",0.05,gaussian,0.8889603154195594,107.97876834869385,5794.802811861038,0.8921698881412592,81.764333486557,3597.0871942043304,0.8951270732439035,67.79986357688904,3014.0532426834106,4135.314416249593,85.84765513737996,0.8920857589349073
4,40996,AutoTransformer(type='dae'),"TPOTClassifier(cv=3, generations=5, n_jobs=50, population_size=20,
               scoring='accuracy', verbosity=2)",0.1,snp,0.6556955515556698,107.97876834869385,5794.802811861038,0.6408091544164917,81.764333486557,3597.0871942043304,0.6333947627823254,67.79986357688904,3014.0532426834106,4135.314416249593,85.84765513737996,0.6432998229181623
5,40996,AutoTransformer(type='dae'),"TPOTClassifier(cv=3, generations=5, n_jobs=50, population_size=20,
               scoring='accuracy', verbosity=2)",0.1,gaussian,0.8889603154195594,107.97876834869385,5794.802811861038,0.8921270303861484,81.764333486557,3597.0871942043304,0.8955556507950113,67.79986357688904,3014.0532426834106,4135.314416249593,85.84765513737996,0.8922143322002398
6,40996,AutoTransformer(type='dae'),"TPOTClassifier(cv=3, generations=5, n_jobs=50, population_size=20,
               scoring='accuracy', verbosity=2)",0.15000000000000002,snp,0.5974972143653039,107.97876834869385,5794.802811861038,0.5747653537907684,81.764333486557,3597.0871942043304,0.5517078815411649,67.79986357688904,3014.0532426834106,4135.314416249593,85.84765513737996,0.5746568165657457
7,40996,AutoTransformer(type='dae'),"TPOTClassifier(cv=3, generations=5, n_jobs=50, population_size=20,
               scoring='accuracy', verbosity=2)",0.15000000000000002,gaussian,0.8886174680723408,107.97876834869385,5794.802811861038,0.8919127416105944,81.764333486557,3597.0871942043304,0.8951270732439035,67.79986357688904,3014.0532426834106,4135.314416249593,85.84765513737996,0.8918857609756129
8,40996,AutoTransformer(type='dae'),"TPOTClassifier(cv=3, generations=5, n_jobs=50, population_size=20,
               scoring='accuracy', verbosity=2)",0.2,snp,0.5526270677980629,107.97876834869385,5794.802811861038,0.5458792268460978,81.764333486557,3597.0871942043304,0.5196074229631852,67.79986357688904,3014.0532426834106,4135.314416249593,85.84765513737996,0.5393712392024486
9,40996,AutoTransformer(type='dae'),"TPOTClassifier(cv=3, generations=5, n_jobs=50, population_size=20,
               scoring='accuracy', verbosity=2)",0.2,gaussian,0.8878032056226965,107.97876834869385,5794.802811861038,0.8915270218145973,81.764333486557,3597.0871942043304,0.8946127801825741,67.79986357688904,3014.0532426834106,4135.314416249593,85.84765513737996,0.8913143358732892
10,40996,AutoTransformer(type='dae'),"TPOTClassifier(cv=3, generations=5, n_jobs=50, population_size=20,
               scoring='accuracy', verbosity=2)",0.25,snp,0.5172709351161395,107.97876834869385,5794.802811861038,0.528907555822226,81.764333486557,3597.0871942043304,0.4962070886726953,67.79986357688904,3014.0532426834106,4135.314416249593,85.84765513737996,0.5141285265370202
11,40996,AutoTransformer(type='dae'),"TPOTClassifier(cv=3, generations=5, n_jobs=50, population_size=20,
               scoring='accuracy', verbosity=2)",0.25,gaussian,0.8869889431730522,107.97876834869385,5794.802811861038,0.8915270218145973,81.764333486557,3597.0871942043304,0.8949556422234604,67.79986357688904,3014.0532426834106,4135.314416249593,85.84765513737996,0.8911572024037033
12,40996,AutoTransformer(type='dae'),"TPOTClassifier(cv=3, generations=5, n_jobs=50, population_size=20,
               scoring='accuracy', verbosity=2)",0.30000000000000004,snp,0.49370017999485727,107.97876834869385,5794.802811861038,0.5046072086744097,81.764333486557,3597.0871942043304,0.49003557193674196,67.79986357688904,3014.0532426834106,4135.314416249593,85.84765513737996,0.4961143202020029
13,40996,AutoTransformer(type='dae'),"TPOTClassifier(cv=3, generations=5, n_jobs=50, population_size=20,
               scoring='accuracy', verbosity=2)",0.30000000000000004,gaussian,0.8863889603154196,107.97876834869385,5794.802811861038,0.891398448549265,81.764333486557,3597.0871942043304,0.8941842026314661,67.79986357688904,3014.0532426834106,4135.314416249593,85.84765513737996,0.8906572038320503
14,40996,AutoTransformer(type='dae'),"TPOTClassifier(cv=3, generations=5, n_jobs=50, population_size=20,
               scoring='accuracy', verbosity=2)",0.35000000000000003,snp,0.48080054855575555,107.97876834869385,5794.802811861038,0.5006642952042172,81.764333486557,3597.0871942043304,0.48159259417991684,67.79986357688904,3014.0532426834106,4135.314416249593,85.84765513737996,0.48768581264662986
15,40996,AutoTransformer(type='dae'),"TPOTClassifier(cv=3, generations=5, n_jobs=50, population_size=20,
               scoring='accuracy', verbosity=2)",0.35000000000000003,gaussian,0.8849318590897403,107.97876834869385,5794.802811861038,0.8905412934470492,81.764333486557,3597.0871942043304,0.8933699052843612,67.79986357688904,3014.0532426834106,4135.314416249593,85.84765513737996,0.8896143526070502
16,40996,AutoTransformer(type='dae'),"TPOTClassifier(cv=3, generations=5, n_jobs=50, population_size=20,
               scoring='accuracy', verbosity=2)",0.4,snp,0.46537241793091627,107.97876834869385,5794.802811861038,0.49509278703981485,81.764333486557,3597.0871942043304,0.47649252132173314,67.79986357688904,3014.0532426834106,4135.314416249593,85.84765513737996,0.4789859087641548
17,40996,AutoTransformer(type='dae'),"TPOTClassifier(cv=3, generations=5, n_jobs=50, population_size=20,
               scoring='accuracy', verbosity=2)",0.4,gaussian,0.8854889860289706,107.97876834869385,5794.802811861038,0.8898984271203875,81.764333486557,3597.0871942043304,0.8938841983456907,67.79986357688904,3014.0532426834106,4135.314416249593,85.84765513737996,0.8897572038316829
18,40996,AutoTransformer(type='dae'),"TPOTClassifier(cv=3, generations=5, n_jobs=50, population_size=20,
               scoring='accuracy', verbosity=2)",0.45,snp,0.4585154709865432,107.97876834869385,5794.802811861038,0.47992114173059613,81.764333486557,3597.0871942043304,0.4629494707067244,67.79986357688904,3014.0532426834106,4135.314416249593,85.84765513737996,0.4671286944746212
19,40996,AutoTransformer(type='dae'),"TPOTClassifier(cv=3, generations=5, n_jobs=50, population_size=20,
               scoring='accuracy', verbosity=2)",0.45,gaussian,0.8832176223536471,107.97876834869385,5794.802811861038,0.8896412805897227,81.764333486557,3597.0871942043304,0.8931556165088073,67.79986357688904,3014.0532426834106,4135.314416249593,85.84765513737996,0.888671506484059
20,40996,AutoTransformer(type='dae'),"TPOTClassifier(cv=3, generations=5, n_jobs=50, population_size=20,
               scoring='accuracy', verbosity=2)",0.5,snp,0.4383731893374475,107.97876834869385,5794.802811861038,0.4678352547893541,81.764333486557,3597.0871942043304,0.45253503621480307,67.79986357688904,3014.0532426834106,4135.314416249593,85.84765513737996,0.4529144934472016
21,40996,AutoTransformer(type='dae'),"TPOTClassifier(cv=3, generations=5, n_jobs=50, population_size=20,
               scoring='accuracy', verbosity=2)",0.5,gaussian,0.8835604697008657,107.97876834869385,5794.802811861038,0.8895984228346119,81.764333486557,3597.0871942043304,0.8936270518150259,67.79986357688904,3014.0532426834106,4135.314416249593,85.84765513737996,0.8889286481168345
22,40668,AutoTransformer(type='dae'),"TPOTClassifier(cv=3, generations=5, n_jobs=50, population_size=20,
               scoring='accuracy', verbosity=2)",0.0,snp,0.8209067898219281,131.35115385055542,2099.1408565044403,0.8224166259603002,203.28665041923523,2412.8737263679504,0.8217505217816067,191.36514449119568,2015.8251628875732,2175.946581919988,175.3343162536621,0.8216913125212782
23,40668,AutoTransformer(type='dae'),"TPOTClassifier(cv=3, generations=5, n_jobs=50, population_size=20,
               scoring='accuracy', verbosity=2)",0.0,gaussian,0.8209067898219281,131.35115385055542,2099.1408565044403,0.8224166259603002,203.28665041923523,2412.8737263679504,0.8217505217816067,191.36514449119568,2015.8251628875732,2175.946581919988,175.3343162536621,0.8216913125212782
24,40668,AutoTransformer(type='dae'),"TPOTClassifier(cv=3, generations=5, n_jobs=50, population_size=20,
               scoring='accuracy', verbosity=2)",0.05,snp,0.7387095341711444,131.35115385055542,2099.1408565044403,0.747857364891869,203.28665041923523,2412.8737263679504,0.7443048092721701,191.36514449119568,2015.8251628875732,2175.946581919988,175.3343162536621,0.7436239027783945
25,40668,AutoTransformer(type='dae'),"TPOTClassifier(cv=3, generations=5, n_jobs=50, population_size=20,
               scoring='accuracy', verbosity=2)",0.05,gaussian,0.8151782938851636,131.35115385055542,2099.1408565044403,0.8149562591589324,203.28665041923523,2412.8737263679504,0.813002353568098,191.36514449119568,2015.8251628875732,2175.946581919988,175.3343162536621,0.8143789688707314
26,40668,AutoTransformer(type='dae'),"TPOTClassifier(cv=3, generations=5, n_jobs=50, population_size=20,
               scoring='accuracy', verbosity=2)",0.1,snp,0.6983436209423154,131.35115385055542,2099.1408565044403,0.7105999378302766,203.28665041923523,2412.8737263679504,0.713486389271282,191.36514449119568,2015.8251628875732,2175.946581919988,175.3343162536621,0.707476649347958
27,40668,AutoTransformer(type='dae'),"TPOTClassifier(cv=3, generations=5, n_jobs=50, population_size=20,
               scoring='accuracy', verbosity=2)",0.1,gaussian,0.7992362005417647,131.35115385055542,2099.1408565044403,0.7954616101958346,203.28665041923523,2412.8737263679504,0.7952839824148497,191.36514449119568,2015.8251628875732,2175.946581919988,175.3343162536621,0.7966605977174831
28,40668,AutoTransformer(type='dae'),"TPOTClassifier(cv=3, generations=5, n_jobs=50, population_size=20,
               scoring='accuracy', verbosity=2)",0.15000000000000002,snp,0.6724543718637594,131.35115385055542,2099.1408565044403,0.6738753941116391,203.28665041923523,2412.8737263679504,0.6911052888671788,191.36514449119568,2015.8251628875732,2175.946581919988,175.3343162536621,0.6791450182808592
29,40668,AutoTransformer(type='dae'),"TPOTClassifier(cv=3, generations=5, n_jobs=50, population_size=20,
               scoring='accuracy', verbosity=2)",0.15000000000000002,gaussian,0.7793418890714507,131.35115385055542,2099.1408565044403,0.7796083307429282,203.28665041923523,2412.8737263679504,0.772814068120254,191.36514449119568,2015.8251628875732,2175.946581919988,175.3343162536621,0.7772547626448777
30,40668,AutoTransformer(type='dae'),"TPOTClassifier(cv=3, generations=5, n_jobs=50, population_size=20,
               scoring='accuracy', verbosity=2)",0.2,snp,0.6450552866468315,131.35115385055542,2099.1408565044403,0.6336427017185488,203.28665041923523,2412.8737263679504,0.6717438607398197,191.36514449119568,2015.8251628875732,2175.946581919988,175.3343162536621,0.6501472830350666
31,40668,AutoTransformer(type='dae'),"TPOTClassifier(cv=3, generations=5, n_jobs=50, population_size=20,
               scoring='accuracy', verbosity=2)",0.2,gaussian,0.7598472401083529,131.35115385055542,2099.1408565044403,0.7584262178604734,203.28665041923523,2412.8737263679504,0.7533194191571562,191.36514449119568,2015.8251628875732,2175.946581919988,175.3343162536621,0.7571976257086609
32,40668,AutoTransformer(type='dae'),"TPOTClassifier(cv=3, generations=5, n_jobs=50, population_size=20,
               scoring='accuracy', verbosity=2)",0.25,snp,0.625027754340779,131.35115385055542,2099.1408565044403,0.5965184954926951,203.28665041923523,2412.8737263679504,0.6569119410275767,191.36514449119568,2015.8251628875732,2175.946581919988,175.3343162536621,0.6261527302870169
33,40668,AutoTransformer(type='dae'),"TPOTClassifier(cv=3, generations=5, n_jobs=50, population_size=20,
               scoring='accuracy', verbosity=2)",0.25,gaussian,0.7448820995603712,131.35115385055542,2099.1408565044403,0.7427949731337982,203.28665041923523,2412.8737263679504,0.7366668146898175,191.36514449119568,2015.8251628875732,2175.946581919988,175.3343162536621,0.7414479624613289
34,40668,AutoTransformer(type='dae'),"TPOTClassifier(cv=3, generations=5, n_jobs=50, population_size=20,
               scoring='accuracy', verbosity=2)",0.30000000000000004,snp,0.6174785736489187,131.35115385055542,2099.1408565044403,0.5557085128114037,203.28665041923523,2412.8737263679504,0.647941738087837,191.36514449119568,2015.8251628875732,2175.946581919988,175.3343162536621,0.6070429415160531
35,40668,AutoTransformer(type='dae'),"TPOTClassifier(cv=3, generations=5, n_jobs=50, population_size=20,
               scoring='accuracy', verbosity=2)",0.30000000000000004,gaussian,0.7316488298769928,131.35115385055542,2099.1408565044403,0.7301389937386207,203.28665041923523,2412.8737263679504,0.7209467560726498,191.36514449119568,2015.8251628875732,2175.946581919988,175.3343162536621,0.7275781932294211
36,40668,AutoTransformer(type='dae'),"TPOTClassifier(cv=3, generations=5, n_jobs=50, population_size=20,
               scoring='accuracy', verbosity=2)",0.35000000000000003,snp,0.5932767884897198,131.35115385055542,2099.1408565044403,0.5255561969892091,203.28665041923523,2412.8737263679504,0.6317776100182069,191.36514449119568,2015.8251628875732,2175.946581919988,175.3343162536621,0.5835368651657119
37,40668,AutoTransformer(type='dae'),"TPOTClassifier(cv=3, generations=5, n_jobs=50, population_size=20,
               scoring='accuracy', verbosity=2)",0.35000000000000003,gaussian,0.7138860517784982,131.35115385055542,2099.1408565044403,0.715928771259825,203.28665041923523,2412.8737263679504,0.7133975753807895,191.36514449119568,2015.8251628875732,2175.946581919988,175.3343162536621,0.7144041328063709
38,40668,AutoTransformer(type='dae'),"TPOTClassifier(cv=3, generations=5, n_jobs=50, population_size=20,
               scoring='accuracy', verbosity=2)",0.4,snp,0.5731604422931746,131.35115385055542,2099.1408565044403,0.4905191171899285,203.28665041923523,2412.8737263679504,0.6187219681158133,191.36514449119568,2015.8251628875732,2175.946581919988,175.3343162536621,0.5608005091996389
39,40668,AutoTransformer(type='dae'),"TPOTClassifier(cv=3, generations=5, n_jobs=50, population_size=20,
               scoring='accuracy', verbosity=2)",0.4,gaussian,0.7021626182334917,131.35115385055542,2099.1408565044403,0.709534171144367,203.28665041923523,2412.8737263679504,0.6954127625560638,191.36514449119568,2015.8251628875732,2175.946581919988,175.3343162536621,0.7023698506446409
40,40668,AutoTransformer(type='dae'),"TPOTClassifier(cv=3, generations=5, n_jobs=50, population_size=20,
               scoring='accuracy', verbosity=2)",0.45,snp,0.5590390337048714,131.35115385055542,2099.1408565044403,0.4695146320884586,203.28665041923523,2412.8737263679504,0.6051778498157112,191.36514449119568,2015.8251628875732,2175.946581919988,175.3343162536621,0.5445771718696805
41,40668,AutoTransformer(type='dae'),"TPOTClassifier(cv=3, generations=5, n_jobs=50, population_size=20,
               scoring='accuracy', verbosity=2)",0.45,gaussian,0.6993649806829788,131.35115385055542,2099.1408565044403,0.7021182112882455,203.28665041923523,2412.8737263679504,0.6883520582619121,191.36514449119568,2015.8251628875732,2175.946581919988,175.3343162536621,0.6966117500777121
42,40668,AutoTransformer(type='dae'),"TPOTClassifier(cv=3, generations=5, n_jobs=50, population_size=20,
               scoring='accuracy', verbosity=2)",0.5,snp,0.5502464585461166,131.35115385055542,2099.1408565044403,0.4500199831253608,203.28665041923523,2412.8737263679504,0.5977174830143435,191.36514449119568,2015.8251628875732,2175.946581919988,175.3343162536621,0.532661308228607
43,40668,AutoTransformer(type='dae'),"TPOTClassifier(cv=3, generations=5, n_jobs=50, population_size=20,
               scoring='accuracy', verbosity=2)",0.5,gaussian,0.6819130512012078,131.35115385055542,2099.1408565044403,0.6937697055819531,203.28665041923523,2412.8737263679504,0.6791154136506949,191.36514449119568,2015.8251628875732,2175.946581919988,175.3343162536621,0.684932723477952
44,1492,AutoTransformer(type='dae'),"TPOTClassifier(cv=3, generations=5, n_jobs=50, population_size=20,
               scoring='accuracy', verbosity=2)",0.0,snp,0.5767790262172284,5.794928550720215,2038.7377429008484,0.5984990619136961,5.272363185882568,589.9383215904236,0.6210131332082551,6.380544424057007,243.9614315032959,957.5458319981893,5.815945386886597,0.5987637404463931
45,1492,AutoTransformer(type='dae'),"TPOTClassifier(cv=3, generations=5, n_jobs=50, population_size=20,
               scoring='accuracy', verbosity=2)",0.0,gaussian,0.5767790262172284,5.794928550720215,2038.7377429008484,0.5984990619136961,5.272363185882568,589.9383215904236,0.6210131332082551,6.380544424057007,243.9614315032959,957.5458319981893,5.815945386886597,0.5987637404463931
46,1492,AutoTransformer(type='dae'),"TPOTClassifier(cv=3, generations=5, n_jobs=50, population_size=20,
               scoring='accuracy', verbosity=2)",0.05,snp,0.11235955056179775,5.794928550720215,2038.7377429008484,0.09568480300187618,5.272363185882568,589.9383215904236,0.17823639774859287,6.380544424057007,243.9614315032959,957.5458319981893,5.815945386886597,0.12876025043742226
47,1492,AutoTransformer(type='dae'),"TPOTClassifier(cv=3, generations=5, n_jobs=50, population_size=20,
               scoring='accuracy', verbosity=2)",0.05,gaussian,0.020599250936329586,5.794928550720215,2038.7377429008484,0.02626641651031895,5.272363185882568,589.9383215904236,0.020637898686679174,6.380544424057007,243.9614315032959,957.5458319981893,5.815945386886597,0.022501188711109236
48,1492,AutoTransformer(type='dae'),"TPOTClassifier(cv=3, generations=5, n_jobs=50, population_size=20,
               scoring='accuracy', verbosity=2)",0.1,snp,0.07116104868913857,5.794928550720215,2038.7377429008484,0.07317073170731707,5.272363185882568,589.9383215904236,0.0975609756097561,6.380544424057007,243.9614315032959,957.5458319981893,5.815945386886597,0.08063091866873724
49,1492,AutoTransformer(type='dae'),"TPOTClassifier(cv=3, generations=5, n_jobs=50, population_size=20,
               scoring='accuracy', verbosity=2)",0.1,gaussian,0.011235955056179775,5.794928550720215,2038.7377429008484,0.020637898686679174,5.272363185882568,589.9383215904236,0.0150093808630394,6.380544424057007,243.9614315032959,957.5458319981893,5.815945386886597,0.015627744868632783
50,1492,AutoTransformer(type='dae'),"TPOTClassifier(cv=3, generations=5, n_jobs=50, population_size=20,
               scoring='accuracy', verbosity=2)",0.15000000000000002,snp,0.03932584269662921,5.794928550720215,2038.7377429008484,0.043151969981238276,5.272363185882568,589.9383215904236,0.06941838649155722,6.380544424057007,243.9614315032959,957.5458319981893,5.815945386886597,0.05063206638980824
51,1492,AutoTransformer(type='dae'),"TPOTClassifier(cv=3, generations=5, n_jobs=50, population_size=20,
               scoring='accuracy', verbosity=2)",0.15000000000000002,gaussian,0.016853932584269662,5.794928550720215,2038.7377429008484,0.01876172607879925,5.272363185882568,589.9383215904236,0.016885553470919325,6.380544424057007,243.9614315032959,957.5458319981893,5.815945386886597,0.017500404044662746
52,1492,AutoTransformer(type='dae'),"TPOTClassifier(cv=3, generations=5, n_jobs=50, population_size=20,
               scoring='accuracy', verbosity=2)",0.2,snp,0.028089887640449437,5.794928550720215,2038.7377429008484,0.05065666041275797,5.272363185882568,589.9383215904236,0.05628517823639775,6.380544424057007,243.9614315032959,957.5458319981893,5.815945386886597,0.04501057542986839
53,1492,AutoTransformer(type='dae'),"TPOTClassifier(cv=3, generations=5, n_jobs=50, population_size=20,
               scoring='accuracy', verbosity=2)",0.2,gaussian,0.011235955056179775,5.794928550720215,2038.7377429008484,0.0150093808630394,5.272363185882568,589.9383215904236,0.013133208255159476,6.380544424057007,243.9614315032959,957.5458319981893,5.815945386886597,0.013126181391459551
54,1492,AutoTransformer(type='dae'),"TPOTClassifier(cv=3, generations=5, n_jobs=50, population_size=20,
               scoring='accuracy', verbosity=2)",0.25,snp,0.026217228464419477,5.794928550720215,2038.7377429008484,0.03189493433395872,5.272363185882568,589.9383215904236,0.0375234521575985,6.380544424057007,243.9614315032959,957.5458319981893,5.815945386886597,0.031878538318658896
55,1492,AutoTransformer(type='dae'),"TPOTClassifier(cv=3, generations=5, n_jobs=50, population_size=20,
               scoring='accuracy', verbosity=2)",0.25,gaussian,0.009363295880149813,5.794928550720215,2038.7377429008484,0.0075046904315197,5.272363185882568,589.9383215904236,0.016885553470919325,6.380544424057007,243.9614315032959,957.5458319981893,5.815945386886597,0.011251179927529614
56,1492,AutoTransformer(type='dae'),"TPOTClassifier(cv=3, generations=5, n_jobs=50, population_size=20,
               scoring='accuracy', verbosity=2)",0.30000000000000004,snp,0.0149812734082397,5.794928550720215,2038.7377429008484,0.01876172607879925,5.272363185882568,589.9383215904236,0.02626641651031895,6.380544424057007,243.9614315032959,957.5458319981893,5.815945386886597,0.020003138665785968
57,1492,AutoTransformer(type='dae'),"TPOTClassifier(cv=3, generations=5, n_jobs=50, population_size=20,
               scoring='accuracy', verbosity=2)",0.30000000000000004,gaussian,0.0149812734082397,5.794928550720215,2038.7377429008484,0.0150093808630394,5.272363185882568,589.9383215904236,0.0075046904315197,6.380544424057007,243.9614315032959,957.5458319981893,5.815945386886597,0.012498448234266268
58,1492,AutoTransformer(type='dae'),"TPOTClassifier(cv=3, generations=5, n_jobs=50, population_size=20,
               scoring='accuracy', verbosity=2)",0.35000000000000003,snp,0.020599250936329586,5.794928550720215,2038.7377429008484,0.02626641651031895,5.272363185882568,589.9383215904236,0.0225140712945591,6.380544424057007,243.9614315032959,957.5458319981893,5.815945386886597,0.023126579580402543
59,1492,AutoTransformer(type='dae'),"TPOTClassifier(cv=3, generations=5, n_jobs=50, population_size=20,
               scoring='accuracy', verbosity=2)",0.35000000000000003,gaussian,0.011235955056179775,5.794928550720215,2038.7377429008484,0.009380863039399626,5.272363185882568,589.9383215904236,0.009380863039399626,6.380544424057007,243.9614315032959,957.5458319981893,5.815945386886597,0.009999227044993009
60,1492,AutoTransformer(type='dae'),"TPOTClassifier(cv=3, generations=5, n_jobs=50, population_size=20,
               scoring='accuracy', verbosity=2)",0.4,snp,0.016853932584269662,5.794928550720215,2038.7377429008484,0.016885553470919325,5.272363185882568,589.9383215904236,0.024390243902439025,6.380544424057007,243.9614315032959,957.5458319981893,5.815945386886597,0.019376576652542672
61,1492,AutoTransformer(type='dae'),"TPOTClassifier(cv=3, generations=5, n_jobs=50, population_size=20,
               scoring='accuracy', verbosity=2)",0.4,gaussian,0.009363295880149813,5.794928550720215,2038.7377429008484,0.01876172607879925,5.272363185882568,589.9383215904236,0.01125703564727955,6.380544424057007,243.9614315032959,957.5458319981893,5.815945386886597,0.013127352535409538
62,1492,AutoTransformer(type='dae'),"TPOTClassifier(cv=3, generations=5, n_jobs=50, population_size=20,
               scoring='accuracy', verbosity=2)",0.45,snp,0.011235955056179775,5.794928550720215,2038.7377429008484,0.0225140712945591,5.272363185882568,589.9383215904236,0.020637898686679174,6.380544424057007,243.9614315032959,957.5458319981893,5.815945386886597,0.018129308345806016
63,1492,AutoTransformer(type='dae'),"TPOTClassifier(cv=3, generations=5, n_jobs=50, population_size=20,
               scoring='accuracy', verbosity=2)",0.45,gaussian,0.00749063670411985,5.794928550720215,2038.7377429008484,0.013133208255159476,5.272363185882568,589.9383215904236,0.009380863039399626,6.380544424057007,243.9614315032959,957.5458319981893,5.815945386886597,0.010001569332892984
64,1492,AutoTransformer(type='dae'),"TPOTClassifier(cv=3, generations=5, n_jobs=50, population_size=20,
               scoring='accuracy', verbosity=2)",0.5,snp,0.009363295880149813,5.794928550720215,2038.7377429008484,0.016885553470919325,5.272363185882568,589.9383215904236,0.020637898686679174,6.380544424057007,243.9614315032959,957.5458319981893,5.815945386886597,0.01562891601258277
65,1492,AutoTransformer(type='dae'),"TPOTClassifier(cv=3, generations=5, n_jobs=50, population_size=20,
               scoring='accuracy', verbosity=2)",0.5,gaussian,0.013108614232209739,5.794928550720215,2038.7377429008484,0.013133208255159476,5.272363185882568,589.9383215904236,0.013133208255159476,6.380544424057007,243.9614315032959,957.5458319981893,5.815945386886597,0.013125010247509563
66,44,AutoTransformer(type='dae'),"TPOTClassifier(cv=3, generations=5, n_jobs=50, population_size=20,
               scoring='accuracy', verbosity=2)",0.0,snp,0.9308996088657105,29.396132707595825,59.340824842453,0.9217731421121251,24.32694959640503,28.924981594085693,0.9354207436399217,30.95146107673645,103.4482102394104,63.90467222531637,28.2248477935791,0.9293644982059192
67,44,AutoTransformer(type='dae'),"TPOTClassifier(cv=3, generations=5, n_jobs=50, population_size=20,
               scoring='accuracy', verbosity=2)",0.0,gaussian,0.9308996088657105,29.396132707595825,59.340824842453,0.9217731421121251,24.32694959640503,28.924981594085693,0.9354207436399217,30.95146107673645,103.4482102394104,63.90467222531637,28.2248477935791,0.9293644982059192
68,44,AutoTransformer(type='dae'),"TPOTClassifier(cv=3, generations=5, n_jobs=50, population_size=20,
               scoring='accuracy', verbosity=2)",0.05,snp,0.7750977835723598,29.396132707595825,59.340824842453,0.7796610169491526,24.32694959640503,28.924981594085693,0.7729941291585127,30.95146107673645,103.4482102394104,63.90467222531637,28.2248477935791,0.7759176432266749
69,44,AutoTransformer(type='dae'),"TPOTClassifier(cv=3, generations=5, n_jobs=50, population_size=20,
               scoring='accuracy', verbosity=2)",0.05,gaussian,0.9230769230769231,29.396132707595825,59.340824842453,0.9106910039113429,24.32694959640503,28.924981594085693,0.9269406392694064,30.95146107673645,103.4482102394104,63.90467222531637,28.2248477935791,0.9202361887525575
70,44,AutoTransformer(type='dae'),"TPOTClassifier(cv=3, generations=5, n_jobs=50, population_size=20,
               scoring='accuracy', verbosity=2)",0.1,snp,0.7698826597131682,29.396132707595825,59.340824842453,0.7646675358539765,24.32694959640503,28.924981594085693,0.766470971950424,30.95146107673645,103.4482102394104,63.90467222531637,28.2248477935791,0.7670070558391896
71,44,AutoTransformer(type='dae'),"TPOTClassifier(cv=3, generations=5, n_jobs=50, population_size=20,
               scoring='accuracy', verbosity=2)",0.1,gaussian,0.9106910039113429,29.396132707595825,59.340824842453,0.8996088657105606,24.32694959640503,28.924981594085693,0.9171559034572733,30.95146107673645,103.4482102394104,63.90467222531637,28.2248477935791,0.9091519243597256
72,44,AutoTransformer(type='dae'),"TPOTClassifier(cv=3, generations=5, n_jobs=50, population_size=20,
               scoring='accuracy', verbosity=2)",0.15000000000000002,snp,0.7640156453715776,29.396132707595825,59.340824842453,0.7529335071707953,24.32694959640503,28.924981594085693,0.726027397260274,30.95146107673645,103.4482102394104,63.90467222531637,28.2248477935791,0.7476588499342155
73,44,AutoTransformer(type='dae'),"TPOTClassifier(cv=3, generations=5, n_jobs=50, population_size=20,
               scoring='accuracy', verbosity=2)",0.15000000000000002,gaussian,0.9009126466753585,29.396132707595825,59.340824842453,0.878748370273794,24.32694959640503,28.924981594085693,0.9060665362035225,30.95146107673645,103.4482102394104,63.90467222531637,28.2248477935791,0.8952425177175584
74,44,AutoTransformer(type='dae'),"TPOTClassifier(cv=3, generations=5, n_jobs=50, population_size=20,
               scoring='accuracy', verbosity=2)",0.2,snp,0.7555410691003911,29.396132707595825,59.340824842453,0.7242503259452412,24.32694959640503,28.924981594085693,0.7345075016307893,30.95146107673645,103.4482102394104,63.90467222531637,28.2248477935791,0.7380996322254738
75,44,AutoTransformer(type='dae'),"TPOTClassifier(cv=3, generations=5, n_jobs=50, population_size=20,
               scoring='accuracy', verbosity=2)",0.2,gaussian,0.9015645371577575,29.396132707595825,59.340824842453,0.8617992177314211,24.32694959640503,28.924981594085693,0.9015003261578604,30.95146107673645,103.4482102394104,63.90467222531637,28.2248477935791,0.8882880270156797
76,44,AutoTransformer(type='dae'),"TPOTClassifier(cv=3, generations=5, n_jobs=50, population_size=20,
               scoring='accuracy', verbosity=2)",0.25,snp,0.7646675358539765,29.396132707595825,59.340824842453,0.727509778357236,24.32694959640503,28.924981594085693,0.6757990867579908,30.95146107673645,103.4482102394104,63.90467222531637,28.2248477935791,0.7226588003230677
77,44,AutoTransformer(type='dae'),"TPOTClassifier(cv=3, generations=5, n_jobs=50, population_size=20,
               scoring='accuracy', verbosity=2)",0.25,gaussian,0.8930899608865711,29.396132707595825,59.340824842453,0.8507170795306388,24.32694959640503,28.924981594085693,0.8871493803000652,30.95146107673645,103.4482102394104,63.90467222531637,28.2248477935791,0.8769854735724251
78,44,AutoTransformer(type='dae'),"TPOTClassifier(cv=3, generations=5, n_jobs=50, population_size=20,
               scoring='accuracy', verbosity=2)",0.30000000000000004,snp,0.7496740547588006,29.396132707595825,59.340824842453,0.7066492829204694,24.32694959640503,28.924981594085693,0.6725375081539465,30.95146107673645,103.4482102394104,63.90467222531637,28.2248477935791,0.7096202819444054
79,44,AutoTransformer(type='dae'),"TPOTClassifier(cv=3, generations=5, n_jobs=50, population_size=20,
               scoring='accuracy', verbosity=2)",0.30000000000000004,gaussian,0.8748370273794003,29.396132707595825,59.340824842453,0.8441981747066493,24.32694959640503,28.924981594085693,0.8786692759295499,30.95146107673645,103.4482102394104,63.90467222531637,28.2248477935791,0.8659014926718664
80,44,AutoTransformer(type='dae'),"TPOTClassifier(cv=3, generations=5, n_jobs=50, population_size=20,
               scoring='accuracy', verbosity=2)",0.35000000000000003,snp,0.7307692307692307,29.396132707595825,59.340824842453,0.6936114732724902,24.32694959640503,28.924981594085693,0.6523157208088715,30.95146107673645,103.4482102394104,63.90467222531637,28.2248477935791,0.6922321416168641
81,44,AutoTransformer(type='dae'),"TPOTClassifier(cv=3, generations=5, n_jobs=50, population_size=20,
               scoring='accuracy', verbosity=2)",0.35000000000000003,gaussian,0.8624511082138201,29.396132707595825,59.340824842453,0.8239895697522817,24.32694959640503,28.924981594085693,0.8617090671885193,30.95146107673645,103.4482102394104,63.90467222531637,28.2248477935791,0.8493832483848737
82,44,AutoTransformer(type='dae'),"TPOTClassifier(cv=3, generations=5, n_jobs=50, population_size=20,
               scoring='accuracy', verbosity=2)",0.4,snp,0.7359843546284224,29.396132707595825,59.340824842453,0.7157757496740548,24.32694959640503,28.924981594085693,0.634703196347032,30.95146107673645,103.4482102394104,63.90467222531637,28.2248477935791,0.6954877668831697
83,44,AutoTransformer(type='dae'),"TPOTClassifier(cv=3, generations=5, n_jobs=50, population_size=20,
               scoring='accuracy', verbosity=2)",0.4,gaussian,0.8324641460234681,29.396132707595825,59.340824842453,0.8194263363754889,24.32694959640503,28.924981594085693,0.8356164383561644,30.95146107673645,103.4482102394104,63.90467222531637,28.2248477935791,0.8291689735850406
84,44,AutoTransformer(type='dae'),"TPOTClassifier(cv=3, generations=5, n_jobs=50, population_size=20,
               scoring='accuracy', verbosity=2)",0.45,snp,0.7216427640156454,29.396132707595825,59.340824842453,0.6981747066492829,24.32694959640503,28.924981594085693,0.6255707762557078,30.95146107673645,103.4482102394104,63.90467222531637,28.2248477935791,0.6817960823068788
85,44,AutoTransformer(type='dae'),"TPOTClassifier(cv=3, generations=5, n_jobs=50, population_size=20,
               scoring='accuracy', verbosity=2)",0.45,gaussian,0.833767926988266,29.396132707595825,59.340824842453,0.803129074315515,24.32694959640503,28.924981594085693,0.8336594911937377,30.95146107673645,103.4482102394104,63.90467222531637,28.2248477935791,0.8235188308325062
86,44,AutoTransformer(type='dae'),"TPOTClassifier(cv=3, generations=5, n_jobs=50, population_size=20,
               scoring='accuracy', verbosity=2)",0.5,snp,0.7164276401564538,29.396132707595825,59.340824842453,0.6851368970013038,24.32694959640503,28.924981594085693,0.6086105675146771,30.95146107673645,103.4482102394104,63.90467222531637,28.2248477935791,0.6700583682241449
87,44,AutoTransformer(type='dae'),"TPOTClassifier(cv=3, generations=5, n_jobs=50, population_size=20,
               scoring='accuracy', verbosity=2)",0.5,gaussian,0.817470664928292,29.396132707595825,59.340824842453,0.7998696219035202,24.32694959640503,28.924981594085693,0.8160469667318982,30.95146107673645,103.4482102394104,63.90467222531637,28.2248477935791,0.8111290845212368
