dataset_id,mean_fit_time,std_fit_time,mean_score_time,std_score_time,activation,n_layers,type,params,split0_test_accuracy,split1_test_accuracy,split2_test_accuracy,mean_test_accuracy,std_test_accuracy,rank_test_accuracy
44,8.927283128102621,3.834689783817438,0.0062105655670166016,0.0013753587473395207,sigmoid,1,vae,"{'ae__activation': 'sigmoid', 'ae__n_layers': 1, 'ae__type': 'vae'}",0.7731421121251629,0.7138200782268579,0.8610567514677103,0.7826729806065771,0.060485742547402015,62
44,38.1306893825531,0.6424565069648992,0.00526730219523112,0.0012586359291810003,sigmoid,1,sae,"{'ae__activation': 'sigmoid', 'ae__n_layers': 1, 'ae__type': 'sae'}",0.8761408083441982,0.8950456323337679,0.8793215916503587,0.8835026774427749,0.008264752519860516,38
44,29.162294308344524,0.33611670429049273,0.004593213399251302,0.0019330398151942486,sigmoid,1,ae,"{'ae__activation': 'sigmoid', 'ae__n_layers': 1, 'ae__type': 'ae'}",0.8657105606258149,0.8657105606258149,0.8754076973255055,0.8689429395257117,0.00457127407896279,46
44,30.992207368214924,0.2323047440375685,0.003493626912434896,0.00012915999966051049,sigmoid,1,dae,"{'ae__activation': 'sigmoid', 'ae__n_layers': 1, 'ae__type': 'dae'}",0.8565840938722294,0.8526727509778357,0.8799739073711677,0.8630769174070775,0.012054206822911834,47
44,11.925158898035685,0.8642552451665204,0.007996320724487305,0.0021840132023853973,sigmoid,2,vae,"{'ae__activation': 'sigmoid', 'ae__n_layers': 2, 'ae__type': 'vae'}",0.8200782268578879,0.8239895697522817,0.8454011741682974,0.829822990259489,0.011130573846598518,50
44,36.89059098561605,9.163069461849934,0.007962385813395182,0.005279430369515528,sigmoid,2,sae,"{'ae__activation': 'sigmoid', 'ae__n_layers': 2, 'ae__type': 'sae'}",0.847457627118644,0.8324641460234681,0.837573385518591,0.839165052886901,0.006223673759463778,48
44,8.50478219985962,0.5553957988820931,0.0036815802256266275,0.0006529042570806991,sigmoid,2,ae,"{'ae__activation': 'sigmoid', 'ae__n_layers': 2, 'ae__type': 'ae'}",0.8298565840938722,0.7855280312907431,0.7958251793868232,0.8037365982571462,0.018941982645457642,56
44,9.247482617696127,1.1629236166529664,0.005692720413208008,0.0023084851148056605,sigmoid,2,dae,"{'ae__activation': 'sigmoid', 'ae__n_layers': 2, 'ae__type': 'dae'}",0.7757496740547588,0.8246414602346805,0.7325505544683627,0.7776472295859339,0.037619890740233225,64
44,8.871857484181723,1.056523625274887,0.006772518157958984,0.0009759012699433705,sigmoid,3,vae,"{'ae__activation': 'sigmoid', 'ae__n_layers': 3, 'ae__type': 'vae'}",0.7757496740547588,0.7803129074315515,0.6060013046314416,0.7206879620392507,0.0811171079992578,70
44,10.079226652781168,0.4561875805012799,0.0061384836832682295,0.0010091150472420253,sigmoid,3,sae,"{'ae__activation': 'sigmoid', 'ae__n_layers': 3, 'ae__type': 'sae'}",0.8057366362451108,0.7131681877444589,0.7958251793868232,0.771576667792131,0.04149877227399147,65
44,7.121826966603597,0.13504248004665992,0.0038459300994873047,0.0011870042114781388,sigmoid,3,ae,"{'ae__activation': 'sigmoid', 'ae__n_layers': 3, 'ae__type': 'ae'}",0.5964797913950456,0.5893089960886571,0.5968688845401174,0.59421922400794,0.003475687177462414,78
44,7.6851171652476,1.5913358636196142,0.0038230419158935547,0.0007265887724168933,sigmoid,3,dae,"{'ae__activation': 'sigmoid', 'ae__n_layers': 3, 'ae__type': 'dae'}",0.5971316818774446,0.589960886571056,0.5949119373776908,0.5940015019420638,0.002997415091192732,80
44,9.899160782496134,1.5458635936796967,0.009971857070922852,0.000494013690164075,sigmoid,4,vae,"{'ae__activation': 'sigmoid', 'ae__n_layers': 4, 'ae__type': 'vae'}",0.60625814863103,0.605606258148631,0.6060013046314416,0.6059552371370341,0.000268119327652612,72
44,8.987701336542765,1.3581843342992859,0.006888230641682942,0.0010082709463847777,sigmoid,4,sae,"{'ae__activation': 'sigmoid', 'ae__n_layers': 4, 'ae__type': 'sae'}",0.7516297262059974,0.605606258148631,0.7508153946510111,0.7026837930018798,0.06864498823103389,71
44,7.204181591669719,0.45424881653630955,0.005536874135335286,0.00044448459247156224,sigmoid,4,ae,"{'ae__activation': 'sigmoid', 'ae__n_layers': 4, 'ae__type': 'ae'}",0.6016949152542372,0.5880052151238592,0.5929549902152642,0.5942183735311203,0.005659745310347796,79
44,6.665528297424316,0.8051268156705685,0.006004889806111653,0.0016697673097702452,sigmoid,4,dae,"{'ae__activation': 'sigmoid', 'ae__n_layers': 4, 'ae__type': 'dae'}",0.60625814863103,0.605606258148631,0.6060013046314416,0.6059552371370341,0.000268119327652612,72
44,9.59854499499003,1.4301077943469502,0.010951916376749674,0.0022974455134084416,sigmoid,5,vae,"{'ae__activation': 'sigmoid', 'ae__n_layers': 5, 'ae__type': 'vae'}",0.60625814863103,0.605606258148631,0.6060013046314416,0.6059552371370341,0.000268119327652612,72
44,9.164793252944946,0.28575620804410085,0.010932524998982748,0.002513059718496496,sigmoid,5,sae,"{'ae__activation': 'sigmoid', 'ae__n_layers': 5, 'ae__type': 'sae'}",0.60625814863103,0.605606258148631,0.6060013046314416,0.6059552371370341,0.000268119327652612,72
44,7.3960502942403155,0.9176211173496394,0.00530250867207845,0.0009703832864395034,sigmoid,5,ae,"{'ae__activation': 'sigmoid', 'ae__n_layers': 5, 'ae__type': 'ae'}",0.60625814863103,0.605606258148631,0.6060013046314416,0.6059552371370341,0.000268119327652612,72
44,7.040912787119548,0.3492325704474099,0.007821003595987955,0.0012765467509387816,sigmoid,5,dae,"{'ae__activation': 'sigmoid', 'ae__n_layers': 5, 'ae__type': 'dae'}",0.60625814863103,0.605606258148631,0.6060013046314416,0.6059552371370341,0.000268119327652612,72
44,8.273390372594198,0.6349497701250623,0.009536425272623697,0.0052242471871022725,relu,1,vae,"{'ae__activation': 'relu', 'ae__n_layers': 1, 'ae__type': 'vae'}",0.8422425032594524,0.8050847457627118,0.822570123939987,0.8232991243207172,0.015178346785535705,52
44,39.19975598653158,0.23442093328086072,0.00710908571879069,0.0029439193346399027,relu,1,sae,"{'ae__activation': 'relu', 'ae__n_layers': 1, 'ae__type': 'sae'}",0.8891786179921773,0.8820078226857888,0.8904109589041096,0.8871991331940253,0.003705126594823273,31
44,30.467838446299236,0.16711413628068011,0.003844181696573893,0.0003161887224895256,relu,1,ae,"{'ae__activation': 'relu', 'ae__n_layers': 1, 'ae__type': 'ae'}",0.8820078226857888,0.894393741851369,0.8767123287671232,0.8843712977680936,0.007409345585697442,37
44,30.56483777364095,0.20218645776104724,0.003840287526448568,0.0003575219068022841,relu,1,dae,"{'ae__activation': 'relu', 'ae__n_layers': 1, 'ae__type': 'dae'}",0.8650586701434159,0.8767926988265972,0.8669275929549902,0.8695929873083345,0.005147821712696202,45
44,8.023735364278158,0.8087597161534779,0.006904760996500651,0.000987070507572632,relu,2,vae,"{'ae__activation': 'relu', 'ae__n_layers': 2, 'ae__type': 'vae'}",0.81877444589309,0.803129074315515,0.8369210697977821,0.8196081966687957,0.013808115848668708,53
44,42.85424470901489,0.38868624311890004,0.006200075149536133,0.0009944390823691755,relu,2,sae,"{'ae__activation': 'relu', 'ae__n_layers': 2, 'ae__type': 'sae'}",0.9074315514993481,0.8852672750977836,0.9047619047619048,0.8991535771196788,0.009879399148671406,18
44,33.41024843851725,0.2053044372417235,0.004163344701131185,0.0003014142917320708,relu,2,ae,"{'ae__activation': 'relu', 'ae__n_layers': 2, 'ae__type': 'ae'}",0.9054758800521513,0.9041720990873533,0.8858447488584474,0.8984975759993173,0.008962718605184961,21
44,34.67327404022217,0.35201615205712533,0.0037255287170410156,0.00011219006580207213,relu,2,dae,"{'ae__activation': 'relu', 'ae__n_layers': 2, 'ae__type': 'dae'}",0.8963494132985659,0.8970013037809648,0.8995433789954338,0.8976313653583214,0.0013779422851092529,23
44,7.232182502746582,1.1263961784932324,0.006163835525512695,0.0002989404550677148,relu,3,vae,"{'ae__activation': 'relu', 'ae__n_layers': 3, 'ae__type': 'vae'}",0.7711864406779662,0.758148631029987,0.7782126549249837,0.7691825755443121,0.008312756074056914,66
44,46.841609477996826,0.8586324572369595,0.007111390431722005,0.00035189765641001835,relu,3,sae,"{'ae__activation': 'relu', 'ae__n_layers': 3, 'ae__type': 'sae'}",0.909387222946545,0.8956975228161669,0.8988910632746249,0.9013252696791123,0.005847848209934648,12
44,29.5654399394989,5.467331954344524,0.0041704972585042315,0.0002318234079105166,relu,3,ae,"{'ae__activation': 'relu', 'ae__n_layers': 3, 'ae__type': 'ae'}",0.8950456323337679,0.9035202086049544,0.8891063274624919,0.8958907228004046,0.005914706294193584,24
44,23.461158911387127,1.2626673968803137,0.0037190119425455728,0.0001122809482330323,relu,3,dae,"{'ae__activation': 'relu', 'ae__n_layers': 3, 'ae__type': 'dae'}",0.8970013037809648,0.9041720990873533,0.8988910632746249,0.9000214887143144,0.0030346304099570075,15
44,6.583762804667155,1.6986431630274093,0.006990114847819011,0.0008757751345727417,relu,4,vae,"{'ae__activation': 'relu', 'ae__n_layers': 4, 'ae__type': 'vae'}",0.7972620599739244,0.757496740547588,0.6523157208088715,0.7356915071101279,0.0611498785132848,68
44,35.20919116338094,9.057642975198824,0.005704164505004883,0.0004083469277102493,relu,4,sae,"{'ae__activation': 'relu', 'ae__n_layers': 4, 'ae__type': 'sae'}",0.9074315514993481,0.8833116036505867,0.9054142204827136,0.8987191252108827,0.010925846926162762,19
44,19.905752102533977,3.3806751339121717,0.006205320358276367,0.0012032891601225911,relu,4,ae,"{'ae__activation': 'relu', 'ae__n_layers': 4, 'ae__type': 'ae'}",0.8956975228161669,0.878748370273794,0.8871493803000652,0.8871984244633421,0.006919549454197122,32
44,18.370476086934406,3.2263905391477836,0.006284793217976888,0.0022262985317725,relu,4,dae,"{'ae__activation': 'relu', 'ae__n_layers': 4, 'ae__type': 'dae'}",0.8963494132985659,0.8885267275097783,0.9106327462491846,0.8985029623525097,0.009152316510864011,20
44,7.1402952671051025,1.481083931534593,0.00719761848449707,0.00025710729119095006,relu,5,vae,"{'ae__activation': 'relu', 'ae__n_layers': 5, 'ae__type': 'vae'}",0.7405475880052151,0.682529335071708,0.7436399217221135,0.7222389482663455,0.02810730233711476,69
44,22.611921707789104,11.105517173290616,0.006149689356486003,0.00030309021192855397,relu,5,sae,"{'ae__activation': 'relu', 'ae__n_layers': 5, 'ae__type': 'sae'}",0.8846153846153846,0.8898305084745762,0.7071102413568167,0.8271853781489259,0.0849326330529064,51
44,23.713199297587078,9.89432789606753,0.007139444351196289,0.002646587564228317,relu,5,ae,"{'ae__activation': 'relu', 'ae__n_layers': 5, 'ae__type': 'ae'}",0.8917861799217731,0.8689700130378096,0.8962818003913894,0.8856793311169907,0.011956968229311417,35
44,14.702881733576456,2.8021207769911167,0.00542457898457845,0.0005980714519642675,relu,5,dae,"{'ae__activation': 'relu', 'ae__n_layers': 5, 'ae__type': 'dae'}",0.8956975228161669,0.8872229465449805,0.8858447488584474,0.8895884060731983,0.004356285707664722,29
44,7.271464427312215,0.5679765219306866,0.006539821624755859,0.0010608284218814243,tanh,1,vae,"{'ae__activation': 'tanh', 'ae__n_layers': 1, 'ae__type': 'vae'}",0.7672750977835724,0.8148631029986962,0.8343118069145466,0.8054833358989385,0.02815984275420096,55
44,39.12904906272888,0.2534390579463689,0.0047274430592854815,0.0007072849484085619,tanh,1,sae,"{'ae__activation': 'tanh', 'ae__n_layers': 1, 'ae__type': 'sae'}",0.89374185136897,0.8657105606258149,0.883235485975212,0.880895965989999,0.011562679346435583,40
44,30.457868258158367,0.23308880586189168,0.0032860438028971353,0.0008969842311847152,tanh,1,ae,"{'ae__activation': 'tanh', 'ae__n_layers': 1, 'ae__type': 'ae'}",0.863754889178618,0.8891786179921773,0.8884540117416829,0.8804625063041595,0.011817772380750049,41
44,30.753838380177815,0.695625248489288,0.0029325485229492188,0.0001731394999153829,tanh,1,dae,"{'ae__activation': 'tanh', 'ae__n_layers': 1, 'ae__type': 'dae'}",0.878748370273794,0.8826597131681877,0.8786692759295499,0.8800257864571771,0.001862747329091043,42
44,9.46230951944987,0.4368106691516769,0.00874789555867513,0.002550258165301063,tanh,2,vae,"{'ae__activation': 'tanh', 'ae__n_layers': 2, 'ae__type': 'vae'}",0.7601043024771839,0.7653194263363755,0.8075668623613829,0.7776635303916474,0.021251765830723014,63
44,43.53167875607809,0.2938681851944753,0.004813353220621745,0.0014978136795502865,tanh,2,sae,"{'ae__activation': 'tanh', 'ae__n_layers': 2, 'ae__type': 'sae'}",0.8963494132985659,0.8904823989569752,0.9001956947162426,0.8956758356572613,0.003993937802545216,25
44,34.06799864768982,0.384551259462279,0.006479899088541667,0.004001411037106924,tanh,2,ae,"{'ae__activation': 'tanh', 'ae__n_layers': 2, 'ae__type': 'ae'}",0.9074315514993481,0.9048239895697523,0.9041095890410958,0.9054550433700653,0.0014277091948704636,4
44,34.716964642206825,0.16032256462552785,0.0037682056427001953,0.00029462678207679317,tanh,2,dae,"{'ae__activation': 'tanh', 'ae__n_layers': 2, 'ae__type': 'dae'}",0.9015645371577575,0.8956975228161669,0.9093281148075668,0.9021967249271637,0.005582592321424644,10
44,7.869269847869873,1.6112937773655027,0.008352120717366537,0.0021216088885273087,tanh,3,vae,"{'ae__activation': 'tanh', 'ae__n_layers': 3, 'ae__type': 'vae'}",0.7940026075619296,0.78748370273794,0.8186562296151337,0.8000475133050012,0.013424784841461593,57
44,47.203269958496094,0.2712410308730721,0.005812486012776692,0.00019963531737050798,tanh,3,sae,"{'ae__activation': 'tanh', 'ae__n_layers': 3, 'ae__type': 'sae'}",0.8970013037809648,0.8833116036505867,0.8812785388127854,0.8871971487481124,0.0069820928137548635,33
44,38.2543888092041,0.3892062248779585,0.0054357051849365234,0.002393265181172867,tanh,3,ae,"{'ae__activation': 'tanh', 'ae__n_layers': 3, 'ae__type': 'ae'}",0.8930899608865711,0.9035202086049544,0.898238747553816,0.8982829723484471,0.004258245627881286,22
44,38.205816189448036,0.34114903750153786,0.006268739700317383,0.003632374154003058,tanh,3,dae,"{'ae__activation': 'tanh', 'ae__n_layers': 3, 'ae__type': 'dae'}",0.9022164276401564,0.8800521512385919,0.8995433789954338,0.893937319291394,0.009878755527399214,27
44,5.409617185592651,0.4876780609498931,0.006697893142700195,0.0004236893809460198,tanh,4,vae,"{'ae__activation': 'tanh', 'ae__n_layers': 4, 'ae__type': 'vae'}",0.7829204693611473,0.8063885267275098,0.7658186562296151,0.7850425507727574,0.01663041431017506,60
44,49.394333918889366,2.0415008501356025,0.005885203679402669,0.000386291583273414,tanh,4,sae,"{'ae__activation': 'tanh', 'ae__n_layers': 4, 'ae__type': 'sae'}",0.8911342894393742,0.8728813559322034,0.883235485975212,0.8824170437822633,0.007474168008177632,39
44,42.13861274719238,0.18042084364769326,0.0044011274973551435,0.000347955795730881,tanh,4,ae,"{'ae__activation': 'tanh', 'ae__n_layers': 4, 'ae__type': 'ae'}",0.9048239895697523,0.9048239895697523,0.9060665362035225,0.9052381717810091,0.0005857421004529572,5
44,34.500869353612266,5.704331602149862,0.0047148863474528,0.00023986460018550474,tanh,4,dae,"{'ae__activation': 'tanh', 'ae__n_layers': 4, 'ae__type': 'dae'}",0.9113428943937418,0.9041720990873533,0.8943248532289628,0.9032799489033526,0.006976168013775543,9
44,5.573742787043254,0.4174677692310378,0.007203022638956706,0.00015738905137988133,tanh,5,vae,"{'ae__activation': 'tanh', 'ae__n_layers': 5, 'ae__type': 'vae'}",0.7222946544980443,0.7216427640156454,0.7782126549249837,0.7407166911462245,0.026514985889414543,67
44,38.22011796633402,3.105263359240979,0.00653537114461263,0.0004313637334500566,tanh,5,sae,"{'ae__activation': 'tanh', 'ae__n_layers': 5, 'ae__type': 'sae'}",0.8826597131681877,0.8904823989569752,0.883235485975212,0.8854591993667916,0.003559707775781853,36
44,43.577208280563354,1.78144775638319,0.005754629770914714,0.0009557583674182278,tanh,5,ae,"{'ae__activation': 'tanh', 'ae__n_layers': 5, 'ae__type': 'ae'}",0.9146023468057366,0.8891786179921773,0.8943248532289628,0.899368606008959,0.01097485241436499,17
44,32.04934056599935,6.396989648635234,0.006122509638468425,0.0014397185036234246,tanh,5,dae,"{'ae__activation': 'tanh', 'ae__n_layers': 5, 'ae__type': 'dae'}",0.8833116036505867,0.9061277705345502,0.8923679060665362,0.893935760083891,0.009380404841441895,28
44,5.459855874379476,0.3031301629287043,0.004938761393229167,6.95355278357498e-05,selu,1,vae,"{'ae__activation': 'selu', 'ae__n_layers': 1, 'ae__type': 'vae'}",0.7522816166883963,0.8298565840938722,0.8056099151989563,0.7959160386604083,0.03240316161270502,59
44,39.74449364344279,0.15187332071625723,0.004599332809448242,0.00031275834870874206,selu,1,sae,"{'ae__activation': 'selu', 'ae__n_layers': 1, 'ae__type': 'sae'}",0.8956975228161669,0.8885267275097783,0.8793215916503587,0.8878486139921012,0.006702619330976209,30
44,30.558494806289673,0.1828827558087951,0.0032335122426350913,0.00030903225617619364,selu,1,ae,"{'ae__activation': 'selu', 'ae__n_layers': 1, 'ae__type': 'ae'}",0.8670143415906127,0.8833116036505867,0.8597521200260926,0.870026021755764,0.009851056803750407,44
44,31.333314021428425,0.18762042171850524,0.003460486729939779,0.0002944997614837126,selu,1,dae,"{'ae__activation': 'selu', 'ae__n_layers': 1, 'ae__type': 'dae'}",0.8813559322033898,0.8826597131681877,0.8741030658838878,0.8793729037518219,0.003764160337248819,43
44,9.361383120218912,1.4494025579228684,0.0060577392578125,0.0006101379728612994,selu,2,vae,"{'ae__activation': 'selu', 'ae__n_layers': 2, 'ae__type': 'vae'}",0.8272490221642764,0.8239895697522817,0.8388780169602087,0.8300388696255889,0.0063903000299334635,49
44,43.54471826553345,0.20768374957554253,0.004999081293741862,0.0011197525527546976,selu,2,sae,"{'ae__activation': 'selu', 'ae__n_layers': 2, 'ae__type': 'sae'}",0.9022164276401564,0.9074315514993481,0.8969341161121983,0.9021940317505677,0.004285589310604306,11
44,33.87571628888448,0.4617309676547836,0.005453904469807942,0.003065881792577825,selu,2,ae,"{'ae__activation': 'selu', 'ae__n_layers': 2, 'ae__type': 'ae'}",0.8924380704041721,0.9002607561929595,0.8897586431833007,0.8941524899268108,0.004455559833258137,26
44,35.14618913332621,0.3109766188765046,0.005941549936930339,0.002434453575657323,selu,2,dae,"{'ae__activation': 'selu', 'ae__n_layers': 2, 'ae__type': 'dae'}",0.9015645371577575,0.9146023468057366,0.8943248532289628,0.903497245730819,0.008390300283077452,8
44,5.534998337427775,0.7949523506725606,0.0065119266510009766,0.0007241071997977891,selu,3,vae,"{'ae__activation': 'selu', 'ae__n_layers': 3, 'ae__type': 'vae'}",0.8402868318122555,0.7868318122555411,0.7906066536203522,0.8059084325627163,0.024357998112227417,54
44,41.23499353726705,8.875321069620373,0.005797783533732097,0.0006702589936122737,selu,3,sae,"{'ae__activation': 'selu', 'ae__n_layers': 3, 'ae__type': 'sae'}",0.8996088657105606,0.9211212516297262,0.8943248532289628,0.9050183235230832,0.011589029789193036,6
44,33.86733349164327,6.270401142663747,0.004584471384684245,0.0004921748875683318,selu,3,ae,"{'ae__activation': 'selu', 'ae__n_layers': 3, 'ae__type': 'ae'}",0.9002607561929595,0.9159061277705346,0.9073711676451403,0.907846017202878,0.0063960156622156214,3
44,26.635757446289062,0.61213815140387,0.004250288009643555,0.0009448457600196538,selu,3,dae,"{'ae__activation': 'selu', 'ae__n_layers': 3, 'ae__type': 'dae'}",0.9054758800521513,0.9054758800521513,0.8995433789954338,0.9034983796999122,0.0027966078177342015,7
44,6.575084129969279,0.34560738401617375,0.00843342145284017,0.0036107866193899564,selu,4,vae,"{'ae__activation': 'selu', 'ae__n_layers': 4, 'ae__type': 'vae'}",0.8024771838331161,0.7907431551499348,0.8062622309197651,0.7998275233009386,0.006606862790022102,58
44,39.94001817703247,2.0181153240738223,0.005745331446329753,0.0008321504357328815,selu,4,sae,"{'ae__activation': 'selu', 'ae__n_layers': 4, 'ae__type': 'sae'}",0.9009126466753585,0.9035202086049544,0.8988910632746249,0.901107972851646,0.0018948809740430043,13
44,35.89045389493307,2.495559028921635,0.005290905634562175,0.0003148991299669177,selu,4,ae,"{'ae__activation': 'selu', 'ae__n_layers': 4, 'ae__type': 'ae'}",0.9028683181225554,0.9048239895697523,0.8949771689497716,0.9008898255473597,0.0042564299385829,14
44,25.562220096588135,2.4636744949621936,0.0048113663991292315,0.00023751702985576618,selu,4,dae,"{'ae__activation': 'selu', 'ae__n_layers': 4, 'ae__type': 'dae'}",0.9132985658409387,0.9178617992177314,0.8949771689497716,0.9087125113361472,0.00988940502308719,2
44,6.568874677022298,0.22176124758575366,0.008162975311279297,0.002016493667825174,selu,5,vae,"{'ae__activation': 'selu', 'ae__n_layers': 5, 'ae__type': 'vae'}",0.7535853976531942,0.8050847457627118,0.7951728636660144,0.7846143356939734,0.02231079856076569,61
44,31.78375466664632,5.046446390515183,0.008392572402954102,0.002835951713738104,selu,5,sae,"{'ae__activation': 'selu', 'ae__n_layers': 5, 'ae__type': 'sae'}",0.8885267275097783,0.8963494132985659,0.8767123287671232,0.8871961565251558,0.008071826996105877,34
44,28.73634147644043,3.722542736666976,0.005808512369791667,0.0006063221922098993,selu,5,ae,"{'ae__activation': 'selu', 'ae__n_layers': 5, 'ae__type': 'ae'}",0.9126466753585397,0.9106910039113429,0.9112850619699935,0.9115409137466254,0.0008186402551587004,1
44,18.955745061238606,4.476584880175591,0.005495230356852214,0.0009876622964456255,selu,5,dae,"{'ae__activation': 'selu', 'ae__n_layers': 5, 'ae__type': 'dae'}",0.9048239895697523,0.8970013037809648,0.8962818003913894,0.8993690312473688,0.0038684061322555247,16
1492,6.645203431447347,1.152886812852114,0.004750410715738933,0.00033483308848700167,sigmoid,1,vae,"{'ae__activation': 'sigmoid', 'ae__n_layers': 1, 'ae__type': 'vae'}",0.48314606741573035,0.4896810506566604,0.4803001876172608,0.48437576856321723,0.003927193359562801,41
1492,18.227190891901653,1.7580079525382473,0.006375710169474284,0.0010747561420458062,sigmoid,1,sae,"{'ae__activation': 'sigmoid', 'ae__n_layers': 1, 'ae__type': 'sae'}",0.6123595505617978,0.6097560975609756,0.5816135084427767,0.6012430521885167,0.013920817328287224,2
1492,14.311937888463339,1.1990918546436637,0.003070274988810221,0.00011354572016627553,sigmoid,1,ae,"{'ae__activation': 'sigmoid', 'ae__n_layers': 1, 'ae__type': 'ae'}",0.5767790262172284,0.551594746716698,0.5722326454033771,0.5668688061124345,0.010958712285802714,17
1492,15.1605433622996,1.4494083818043633,0.003988742828369141,0.0003879638078161531,sigmoid,1,dae,"{'ae__activation': 'sigmoid', 'ae__n_layers': 1, 'ae__type': 'dae'}",0.5599250936329588,0.574108818011257,0.574108818011257,0.5693809098851575,0.006686271793583727,16
1492,4.543723662694295,0.4428270220061585,0.006817261377970378,0.002250209532421066,sigmoid,2,vae,"{'ae__activation': 'sigmoid', 'ae__n_layers': 2, 'ae__type': 'vae'}",0.32397003745318353,0.30206378986866794,0.275797373358349,0.3006104002267335,0.01969324160868228,74
1492,17.139941056569416,2.6876545649705452,0.0042082468668619795,0.000714321621461686,sigmoid,2,sae,"{'ae__activation': 'sigmoid', 'ae__n_layers': 2, 'ae__type': 'sae'}",0.4794007490636704,0.48592870544090055,0.4727954971857411,0.4793749838967707,0.005361640771953808,42
1492,15.231680472691854,1.3188597674285962,0.004498640696207683,0.001536329368900806,sigmoid,2,ae,"{'ae__activation': 'sigmoid', 'ae__n_layers': 2, 'ae__type': 'ae'}",0.4400749063670412,0.4878048780487805,0.4596622889305816,0.46251402444880113,0.019589739589630655,47
1492,15.279300928115845,0.7226208550008519,0.004328727722167969,0.0016138291740744202,sigmoid,2,dae,"{'ae__activation': 'sigmoid', 'ae__n_layers': 2, 'ae__type': 'dae'}",0.4400749063670412,0.5065666041275797,0.42213883677298314,0.45626011575586806,0.036317881062828135,49
1492,5.024443944295247,0.5620954252733165,0.005360047022501628,0.0008149100608512394,sigmoid,3,vae,"{'ae__activation': 'sigmoid', 'ae__n_layers': 3, 'ae__type': 'vae'}",0.1348314606741573,0.15947467166979362,0.11632270168855535,0.13687627801083543,0.017675955170243875,77
1492,5.416429201761882,1.0246086533628167,0.004827181498209636,0.000914394596262261,sigmoid,3,sae,"{'ae__activation': 'sigmoid', 'ae__n_layers': 3, 'ae__type': 'sae'}",0.3352059925093633,0.3395872420262664,0.3808630393996248,0.3518854246450848,0.02056818667228981,67
1492,4.923354864120483,0.9875747359633441,0.004383405049641927,0.0016399883419249378,sigmoid,3,ae,"{'ae__activation': 'sigmoid', 'ae__n_layers': 3, 'ae__type': 'ae'}",0.4157303370786517,0.41838649155722324,0.3902439024390244,0.4081202436916331,0.01268690851726821,62
1492,5.029081583023071,0.822483726795455,0.004050095876057942,0.0009641132507116446,sigmoid,3,dae,"{'ae__activation': 'sigmoid', 'ae__n_layers': 3, 'ae__type': 'dae'}",0.44756554307116103,0.3771106941838649,0.39399624765478425,0.4062241616366034,0.030034567231697208,63
1492,2.6385977268218994,0.15137789994024792,0.016983826955159504,0.013688480971484524,sigmoid,4,vae,"{'ae__activation': 'sigmoid', 'ae__n_layers': 4, 'ae__type': 'vae'}",0.1441947565543071,0.08818011257035648,0.07879924953095685,0.10372470621854014,0.028871772587028405,79
1492,5.775073925654094,0.5488525725007359,0.007397095362345378,0.002623133391670813,sigmoid,4,sae,"{'ae__activation': 'sigmoid', 'ae__n_layers': 4, 'ae__type': 'sae'}",0.2565543071161049,0.23827392120075047,0.17073170731707318,0.2218533118779762,0.036910765972044665,76
1492,4.505042314529419,0.16593378767155506,0.00430758794148763,0.0016109301999665086,sigmoid,4,ae,"{'ae__activation': 'sigmoid', 'ae__n_layers': 4, 'ae__type': 'ae'}",0.398876404494382,0.2682926829268293,0.37335834896810505,0.34684247879643876,0.0565116248384851,69
1492,4.906283855438232,0.8932892625148783,0.0031220118204752603,3.91666571060283e-05,sigmoid,4,dae,"{'ae__activation': 'sigmoid', 'ae__n_layers': 4, 'ae__type': 'dae'}",0.3295880149812734,0.3714821763602251,0.32082551594746717,0.3406319024296552,0.022105804645277588,70
1492,1.949889898300171,0.24852564553736928,0.004494984944661458,0.00042973215913567344,sigmoid,5,vae,"{'ae__activation': 'sigmoid', 'ae__n_layers': 5, 'ae__type': 'vae'}",0.009363295880149813,0.009380863039399626,0.009380863039399626,0.009375007319649688,8.281238287817637e-06,80
1492,3.209553877512614,0.086342254992937,0.006203015645345052,0.00023340779767484237,sigmoid,5,sae,"{'ae__activation': 'sigmoid', 'ae__n_layers': 5, 'ae__type': 'sae'}",0.12921348314606743,0.15384615384615385,0.12195121951219512,0.13500361883480547,0.013649565622206527,78
1492,5.396522283554077,1.0145253297249046,0.0034089088439941406,0.0002893738327628227,sigmoid,5,ae,"{'ae__activation': 'sigmoid', 'ae__n_layers': 5, 'ae__type': 'ae'}",0.31086142322097376,0.29831144465290804,0.3133208255159475,0.3074978977966098,0.0065729423108782815,73
1492,3.6486802101135254,2.0836869442981008,0.00438229242960612,0.0011298206320870692,sigmoid,5,dae,"{'ae__activation': 'sigmoid', 'ae__n_layers': 5, 'ae__type': 'dae'}",0.30337078651685395,0.29080675422138835,0.34709193245778613,0.3137564910653428,0.024123328494801363,71
1492,5.669410228729248,1.0427548346727207,0.0038552284240722656,3.6849877684458544e-05,relu,1,vae,"{'ae__activation': 'relu', 'ae__n_layers': 1, 'ae__type': 'vae'}",0.4850187265917603,0.49343339587242024,0.5403377110694184,0.506263277844533,0.024337925335760815,31
1492,17.410860061645508,1.1863640222973153,0.006236871083577474,0.001785454507590163,relu,1,sae,"{'ae__activation': 'relu', 'ae__n_layers': 1, 'ae__type': 'sae'}",0.5655430711610487,0.6172607879924953,0.5703564727954972,0.5843867773163471,0.023328346737753167,9
1492,13.64328702290853,0.9664421089115944,0.0032242933909098306,0.0005721556236367237,relu,1,ae,"{'ae__activation': 'relu', 'ae__n_layers': 1, 'ae__type': 'ae'}",0.5955056179775281,0.5684803001876173,0.5891181988742964,0.5843680390131473,0.011532995113767324,10
1492,14.198411226272583,0.7088076200437422,0.003205378850301107,0.0006802017667925912,relu,1,dae,"{'ae__activation': 'relu', 'ae__n_layers': 1, 'ae__type': 'dae'}",0.5786516853932584,0.575984990619137,0.5909943714821764,0.581877015831524,0.006538218197640941,12
1492,5.028920253117879,0.1663488946424424,0.005263964335123698,0.0007646918123262228,relu,2,vae,"{'ae__activation': 'relu', 'ae__n_layers': 2, 'ae__type': 'vae'}",0.42696629213483145,0.4821763602251407,0.50093808630394,0.47002691288797066,0.031397063409372546,45
1492,14.303152640660604,1.3709024976245228,0.0039323170979817705,0.0005608954482595399,relu,2,sae,"{'ae__activation': 'relu', 'ae__n_layers': 2, 'ae__type': 'sae'}",0.5636704119850188,0.5797373358348968,0.5797373358348968,0.5743816945516041,0.007574020538037769,15
1492,11.80776333808899,2.344893913628498,0.002837657928466797,0.0005705414217923504,relu,2,ae,"{'ae__activation': 'relu', 'ae__n_layers': 2, 'ae__type': 'ae'}",0.5205992509363296,0.5384615384615384,0.5196998123827392,0.5262535339268691,0.008640168920679023,26
1492,10.016889969507853,1.3909658240591272,0.005140145619710286,0.0015709173761949268,relu,2,dae,"{'ae__activation': 'relu', 'ae__n_layers': 2, 'ae__type': 'dae'}",0.46441947565543074,0.5440900562851783,0.5084427767354597,0.5056507695586895,0.03258524034514837,32
1492,5.494330326716105,0.7953636292326476,0.005548874537150065,0.0013684885053626215,relu,3,vae,"{'ae__activation': 'relu', 'ae__n_layers': 3, 'ae__type': 'vae'}",0.3857677902621723,0.34146341463414637,0.3433395872420263,0.35685693071278163,0.020457408695907432,66
1492,10.021199623743692,1.6752657523868837,0.004382610321044922,0.0009458588994408739,relu,3,sae,"{'ae__activation': 'relu', 'ae__n_layers': 3, 'ae__type': 'sae'}",0.49063670411985016,0.575984990619137,0.4652908067542214,0.5106375004977363,0.04735204660970969,30
1492,8.675088167190552,1.9640790211899393,0.003385623296101888,0.0009411599171150722,relu,3,ae,"{'ae__activation': 'relu', 'ae__n_layers': 3, 'ae__type': 'ae'}",0.49625468164794007,0.46153846153846156,0.5384615384615384,0.49875156054931336,0.031453306598983544,37
1492,7.620506048202515,1.4602851933374459,0.0036185582478841147,0.0005490428167270519,relu,3,dae,"{'ae__activation': 'relu', 'ae__n_layers': 3, 'ae__type': 'dae'}",0.4756554307116105,0.5384615384615384,0.44652908067542213,0.4868820166161903,0.03836162467843524,40
1492,4.730451186498006,0.4696718768674142,0.008850733439127604,0.002965790192021327,relu,4,vae,"{'ae__activation': 'relu', 'ae__n_layers': 4, 'ae__type': 'vae'}",0.29213483146067415,0.3602251407129456,0.2851782363977486,0.3125127361904561,0.03385708899384427,72
1492,9.295776128768921,0.22729760446790634,0.008236328760782877,0.004362174729192787,relu,4,sae,"{'ae__activation': 'relu', 'ae__n_layers': 4, 'ae__type': 'sae'}",0.46629213483146065,0.49530956848030017,0.474671669793621,0.4787577910351273,0.012193581754114675,43
1492,7.829504092534383,0.667103411630166,0.0036171277364095054,0.0008315954672135136,relu,4,ae,"{'ae__activation': 'relu', 'ae__n_layers': 4, 'ae__type': 'ae'}",0.4756554307116105,0.5234521575984991,0.49530956848030017,0.4981390522634699,0.019615236580005347,38
1492,7.777724583943685,0.412178018894748,0.004157622655232747,0.0005260655147791194,relu,4,dae,"{'ae__activation': 'relu', 'ae__n_layers': 4, 'ae__type': 'dae'}",0.47752808988764045,0.5234521575984991,0.50093808630394,0.5006394445966932,0.018749611354725235,35
1492,4.842357635498047,0.8374323423102412,0.00516208012898763,0.00022182465396843553,relu,5,vae,"{'ae__activation': 'relu', 'ae__n_layers': 5, 'ae__type': 'vae'}",0.2602996254681648,0.2026266416510319,0.30956848030018763,0.2574982491397948,0.043703737410091745,75
1492,11.228130102157593,0.9423334958664571,0.006278673807779948,0.0009874648874073823,relu,5,sae,"{'ae__activation': 'relu', 'ae__n_layers': 5, 'ae__type': 'sae'}",0.43258426966292135,0.48405253283302063,0.44840525328330205,0.4550140185930813,0.02152521564160595,50
1492,8.06829571723938,0.609387393949578,0.004443009694417317,0.0005920109620535122,relu,5,ae,"{'ae__activation': 'relu', 'ae__n_layers': 5, 'ae__type': 'ae'}",0.4044943820224719,0.4727954971857411,0.4652908067542214,0.4475268953208114,0.030582434993495472,54
1492,8.308130105336508,1.4982067884418886,0.004886706670125325,0.0007767803012108379,relu,5,dae,"{'ae__activation': 'relu', 'ae__n_layers': 5, 'ae__type': 'dae'}",0.43820224719101125,0.4540337711069418,0.4521575984990619,0.448131205599005,0.00706249093046695,53
1492,6.024243752161662,0.45394194548614747,0.0067683060963948565,0.0009308959172251915,tanh,1,vae,"{'ae__activation': 'tanh', 'ae__n_layers': 1, 'ae__type': 'vae'}",0.5337078651685393,0.50093808630394,0.5609756097560976,0.531873853742859,0.02454450045664322,24
1492,16.886122544606526,1.2507329847126682,0.005652427673339844,0.0012809052011728825,tanh,1,sae,"{'ae__activation': 'tanh', 'ae__n_layers': 1, 'ae__type': 'sae'}",0.5842696629213483,0.575984990619137,0.5853658536585366,0.5818735023996741,0.004187786748408296,13
1492,14.144741614659628,0.5972928491720366,0.002828359603881836,0.0007699224415268575,tanh,1,ae,"{'ae__activation': 'tanh', 'ae__n_layers': 1, 'ae__type': 'ae'}",0.5823970037453183,0.5797373358348968,0.5947467166979362,0.5856270187593838,0.006539374394963656,8
1492,14.649508078893026,1.6974771703942644,0.0031709671020507812,0.0007784798523982297,tanh,1,dae,"{'ae__activation': 'tanh', 'ae__n_layers': 1, 'ae__type': 'dae'}",0.5692883895131086,0.5891181988742964,0.5666041275797373,0.5750035719890474,0.010040529023714544,14
1492,6.145134290059407,0.726930885912544,0.004669904708862305,0.0004037869519031422,tanh,2,vae,"{'ae__activation': 'tanh', 'ae__n_layers': 2, 'ae__type': 'vae'}",0.41947565543071164,0.4521575984990619,0.474671669793621,0.4487683079077982,0.02266076592441433,52
1492,16.466564734776814,2.3866780850164844,0.005730470021565755,0.0022528255211762037,tanh,2,sae,"{'ae__activation': 'tanh', 'ae__n_layers': 2, 'ae__type': 'sae'}",0.5936329588014981,0.5872420262664165,0.5928705440900562,0.5912485097193235,0.0028500586300249557,4
1492,13.338517665863037,0.7559659071448352,0.0033356348673502603,0.0008436509688684835,tanh,2,ae,"{'ae__activation': 'tanh', 'ae__n_layers': 2, 'ae__type': 'ae'}",0.5205992509363296,0.5590994371482176,0.5328330206378987,0.5375105695741486,0.016061873751750808,22
1492,13.18860157330831,2.6284519896737835,0.003336668014526367,0.0004769380383273671,tanh,2,dae,"{'ae__activation': 'tanh', 'ae__n_layers': 2, 'ae__type': 'dae'}",0.49625468164794007,0.5459662288930581,0.5347091932457786,0.5256433679289255,0.021283035088737867,28
1492,5.363818883895874,1.0064798446054464,0.007239421208699544,0.0010958192082532912,tanh,3,vae,"{'ae__activation': 'tanh', 'ae__n_layers': 3, 'ae__type': 'vae'}",0.45880149812734083,0.42964352720450283,0.425891181988743,0.43811206910686223,0.014709619948628315,58
1492,10.82455817858378,1.181593596070381,0.004685719807942708,0.0007128298558374587,tanh,3,sae,"{'ae__activation': 'tanh', 'ae__n_layers': 3, 'ae__type': 'sae'}",0.5187265917602997,0.48405253283302063,0.5121951219512195,0.5049914155148466,0.015044215509384002,33
1492,9.778278430302938,1.0833488593501392,0.0035158793131510415,0.000719897950020213,tanh,3,ae,"{'ae__activation': 'tanh', 'ae__n_layers': 3, 'ae__type': 'ae'}",0.40823970037453183,0.5084427767354597,0.4634146341463415,0.46003237041877765,0.04097758662968965,48
1492,7.8354402383168535,0.3800239693500685,0.003404696782430013,0.0006967282585451872,tanh,3,dae,"{'ae__activation': 'tanh', 'ae__n_layers': 3, 'ae__type': 'dae'}",0.5074906367041199,0.50093808630394,0.4202626641651032,0.47623046239105443,0.039665516576175744,44
1492,5.597725073496501,0.5532467598021981,0.006006399790445964,0.0018436910862987426,tanh,4,vae,"{'ae__activation': 'tanh', 'ae__n_layers': 4, 'ae__type': 'vae'}",0.43258426966292135,0.425891181988743,0.41838649155722324,0.4256206477362959,0.00579937452782456,59
1492,10.381032705307007,1.0785395426990345,0.0071612199147542315,0.002341849590938061,tanh,4,sae,"{'ae__activation': 'tanh', 'ae__n_layers': 4, 'ae__type': 'sae'}",0.4363295880149813,0.5028142589118199,0.4709193245778612,0.4700210571682208,0.027149684213260507,46
1492,8.647141536076864,0.8451518215525958,0.00315705935160319,0.0002421306543330608,tanh,4,ae,"{'ae__activation': 'tanh', 'ae__n_layers': 4, 'ae__type': 'ae'}",0.4307116104868914,0.4971857410881801,0.4202626641651032,0.4493866719133916,0.034067172667061434,51
1492,6.817677179972331,1.3645179576757533,0.0030492146809895835,1.7556128529210505e-05,tanh,4,dae,"{'ae__activation': 'tanh', 'ae__n_layers': 4, 'ae__type': 'dae'}",0.40636704119850187,0.47842401500938087,0.43151969981238275,0.4387702520067551,0.029860562051396092,57
1492,5.969198226928711,0.8903093669466001,0.008872509002685547,0.001152705726093245,tanh,5,vae,"{'ae__activation': 'tanh', 'ae__n_layers': 5, 'ae__type': 'vae'}",0.32771535580524347,0.42401500938086306,0.3395872420262664,0.36377253573745766,0.04287269638995994,64
1492,10.954914887746176,1.5789604330064202,0.009449005126953125,0.00040154138765461365,tanh,5,sae,"{'ae__activation': 'tanh', 'ae__n_layers': 5, 'ae__type': 'sae'}",0.38202247191011235,0.46153846153846156,0.41838649155722324,0.42064914166859907,0.032501670119024315,60
1492,6.854786952336629,1.3285308270147478,0.004922310511271159,0.000890522326836717,tanh,5,ae,"{'ae__activation': 'tanh', 'ae__n_layers': 5, 'ae__type': 'ae'}",0.40074906367041196,0.44090056285178236,0.20075046904315197,0.3474666985217821,0.10503102626033078,68
1492,7.341970205307007,0.3902091439989907,0.004377126693725586,0.0009422186615590902,tanh,5,dae,"{'ae__activation': 'tanh', 'ae__n_layers': 5, 'ae__type': 'dae'}",0.25842696629213485,0.46153846153846156,0.3696060037523452,0.3631904771943139,0.08304392055236898,65
1492,6.249379714330037,1.221571271241544,0.00501259167989095,0.0014651498687521121,selu,1,vae,"{'ae__activation': 'selu', 'ae__n_layers': 1, 'ae__type': 'vae'}",0.4756554307116105,0.4709193245778612,0.525328330206379,0.4906343618319502,0.02460841666993814,39
1492,17.159473021825153,1.0640169094209184,0.005134979883829753,0.0014123226699560463,selu,1,sae,"{'ae__activation': 'selu', 'ae__n_layers': 1, 'ae__type': 'sae'}",0.5692883895131086,0.6022514071294559,0.6022514071294559,0.5912637345906734,0.015538915523260555,3
1492,14.366095542907715,1.024648065271861,0.004359006881713867,0.0018438718380069503,selu,1,ae,"{'ae__activation': 'selu', 'ae__n_layers': 1, 'ae__type': 'ae'}",0.5823970037453183,0.5909943714821764,0.5984990619136961,0.5906301457137303,0.00657868095301052,5
1492,13.752969026565552,0.9897714104923216,0.0027958552042643228,0.00012058612658103102,selu,1,dae,"{'ae__activation': 'selu', 'ae__n_layers': 1, 'ae__type': 'dae'}",0.5936329588014981,0.5816135084427767,0.5834896810506567,0.5862453827649772,0.005279660070192262,7
1492,5.388435045878093,0.6935038952493585,0.006167491277058919,0.000552160694807221,selu,2,vae,"{'ae__activation': 'selu', 'ae__n_layers': 2, 'ae__type': 'vae'}",0.49063670411985016,0.48592870544090055,0.5234521575984991,0.50000585571975,0.016690079223545227,36
1492,17.25769503911336,0.779406815978059,0.004352092742919922,0.0008294067570602145,selu,2,sae,"{'ae__activation': 'selu', 'ae__n_layers': 2, 'ae__type': 'sae'}",0.5561797752808989,0.6041275797373359,0.5984990619136961,0.586268805643977,0.021399881064551617,6
1492,14.807204723358154,0.4712357114873825,0.003506183624267578,0.0012225229852659912,selu,2,ae,"{'ae__activation': 'selu', 'ae__n_layers': 2, 'ae__type': 'ae'}",0.5917602996254682,0.6097560975609756,0.6041275797373359,0.6018813256412598,0.007516489824911937,1
1492,13.367735703786215,1.9906781220633039,0.0040120283762613935,5.850228188598745e-05,selu,2,dae,"{'ae__activation': 'selu', 'ae__n_layers': 2, 'ae__type': 'dae'}",0.5262172284644194,0.5891181988742964,0.5309568480300187,0.5487640917895783,0.0286001919266326,19
1492,4.699931542078654,0.2715504929459895,0.004592498143513997,0.0003455129897839347,selu,3,vae,"{'ae__activation': 'selu', 'ae__n_layers': 3, 'ae__type': 'vae'}",0.44569288389513106,0.41838649155722324,0.4709193245778612,0.4449995666767385,0.021452041905415387,55
1492,13.092769463857016,2.0216660455837547,0.004053831100463867,0.0004727172491779769,selu,3,sae,"{'ae__activation': 'selu', 'ae__n_layers': 3, 'ae__type': 'sae'}",0.5655430711610487,0.6041275797373359,0.575984990619137,0.5818852138391738,0.016295204837683402,11
1492,10.244283517201742,1.6591871700471763,0.0037376880645751953,0.0005199465185380461,selu,3,ae,"{'ae__activation': 'selu', 'ae__n_layers': 3, 'ae__type': 'ae'}",0.5561797752808989,0.5853658536585366,0.5403377110694184,0.5606277800029513,0.018649789377935592,18
1492,8.482576688130697,0.5468262137180467,0.004347483317057292,0.0016953962464147094,selu,3,dae,"{'ae__activation': 'selu', 'ae__n_layers': 3, 'ae__type': 'dae'}",0.5205992509363296,0.5272045028142589,0.5384615384615384,0.5287550974040424,0.007374215736592228,25
1492,4.78063686688741,0.21784244702427405,0.004832744598388672,0.0001051003255100584,selu,4,vae,"{'ae__activation': 'selu', 'ae__n_layers': 4, 'ae__type': 'vae'}",0.4400749063670412,0.4090056285178236,0.4727954971857411,0.4406253440235353,0.02604501324473721,56
1492,10.127299626668295,2.4370237849842504,0.0058430830637613935,0.0014176677236511998,selu,4,sae,"{'ae__activation': 'selu', 'ae__n_layers': 4, 'ae__type': 'sae'}",0.5205992509363296,0.5684803001876173,0.5478424015009381,0.5456406508749616,0.019609257995741015,21
1492,11.031140168507894,2.3211166560153846,0.005090236663818359,0.00181447322038779,selu,4,ae,"{'ae__activation': 'selu', 'ae__n_layers': 4, 'ae__type': 'ae'}",0.552434456928839,0.549718574108818,0.5084427767354597,0.5368652692577055,0.02012829792035519,23
1492,7.761744578679402,0.5503378987277071,0.003726800282796224,0.0008723841113668683,selu,4,dae,"{'ae__activation': 'selu', 'ae__n_layers': 4, 'ae__type': 'dae'}",0.5224719101123596,0.5328330206378987,0.5234521575984991,0.5262523627829191,0.0046704043106030385,27
1492,4.874945878982544,0.6188761558727545,0.005530595779418945,0.0005132376600016291,selu,5,vae,"{'ae__activation': 'selu', 'ae__n_layers': 5, 'ae__type': 'vae'}",0.3970037453183521,0.4202626641651032,0.43151969981238275,0.41626203643194604,0.014372231219797405,61
1492,10.470281998316446,1.6958823718049991,0.008801142374674479,0.0015985744890272262,selu,5,sae,"{'ae__activation': 'selu', 'ae__n_layers': 5, 'ae__type': 'sae'}",0.5374531835205992,0.5666041275797373,0.5384615384615384,0.5475062831872917,0.013510488277637744,20
1492,9.127907196680704,0.898768725970228,0.0036056836446126304,0.0001484789972366339,selu,5,ae,"{'ae__activation': 'selu', 'ae__n_layers': 5, 'ae__type': 'ae'}",0.49812734082397003,0.5028142589118199,0.5084427767354597,0.5031281254904165,0.004217103167094883,34
1492,6.157113949457805,0.33881428028997107,0.004892190297444661,0.0008401535223892945,selu,5,dae,"{'ae__activation': 'selu', 'ae__n_layers': 5, 'ae__type': 'dae'}",0.4868913857677903,0.5328330206378987,0.5290806754221389,0.516268360609276,0.02082906641822945,29
40668,91.2821946144104,6.47256639926759,0.017900387446085613,0.0010025333389780003,sigmoid,1,vae,"{'ae__activation': 'sigmoid', 'ae__n_layers': 1, 'ae__type': 'vae'}",0.6617967050046627,0.6792930414316799,0.6675696078866735,0.669553118107672,0.007279248207035598,51
40668,535.5695751508077,1.2898595592544648,0.027037779490152996,0.009458494381665622,sigmoid,1,sae,"{'ae__activation': 'sigmoid', 'ae__n_layers': 1, 'ae__type': 'sae'}",0.6895954527288067,0.6753852302500111,0.676673031662152,0.6805512382136566,0.006416799319822793,31
40668,403.053645213445,0.9352326670331813,0.03100474675496419,0.0016526632967436643,sigmoid,1,ae,"{'ae__activation': 'sigmoid', 'ae__n_layers': 1, 'ae__type': 'ae'}",0.6785825303077402,0.6818686442559616,0.683822549846796,0.6814245748034993,0.002162151621476378,30
40668,413.4404537677765,2.642538492951349,0.02490345637003581,0.004571183714983391,sigmoid,1,dae,"{'ae__activation': 'sigmoid', 'ae__n_layers': 1, 'ae__type': 'dae'}",0.6841333984635197,0.6842222123540121,0.6795594831031573,0.6826383646402298,0.002177399919824905,23
40668,52.53236802419027,6.979758705274541,0.030668894449869793,0.0007274791300419003,sigmoid,2,vae,"{'ae__activation': 'sigmoid', 'ae__n_layers': 2, 'ae__type': 'vae'}",0.697144633420667,0.6711665704516186,0.6850215373684444,0.6844442470802433,0.010613352815003025,18
40668,588.4295887152354,4.754937319795256,0.028801600138346355,0.007509141764566634,sigmoid,2,sae,"{'ae__activation': 'sigmoid', 'ae__n_layers': 2, 'ae__type': 'sae'}",0.6661041786935477,0.6765842177716594,0.6824015275989165,0.6750299746880413,0.006743522769199245,40
40668,463.91658624013263,0.5525984197938496,0.018442312876383465,0.0002658172447285164,sigmoid,2,ae,"{'ae__activation': 'sigmoid', 'ae__n_layers': 2, 'ae__type': 'ae'}",0.6822683067631777,0.6893290110573294,0.6912829166481638,0.6876267448228903,0.0038720434393487474,9
40668,463.92720317840576,1.4054348929657214,0.017664353052775066,0.004136314399927361,sigmoid,2,dae,"{'ae__activation': 'sigmoid', 'ae__n_layers': 2, 'ae__type': 'dae'}",0.6796038900484036,0.6872862915760025,0.6809805053510369,0.6826235623251478,0.003344602664288043,24
40668,55.93717288970947,14.746318895208239,0.021050453186035156,0.0006362526965732999,sigmoid,3,vae,"{'ae__activation': 'sigmoid', 'ae__n_layers': 3, 'ae__type': 'vae'}",0.6719214885208047,0.6826679692703939,0.6678360495581509,0.6741418357831165,0.006255339962066912,42
40668,644.8733588059744,0.5054230484917479,0.030583302179972332,0.012543839277181902,sigmoid,3,sae,"{'ae__activation': 'sigmoid', 'ae__n_layers': 3, 'ae__type': 'sae'}",0.6717882676850659,0.6659265509125627,0.6546471868200187,0.664120668472549,0.007113371064218177,69
40668,189.4277568658193,234.03616139842595,0.019837697347005207,0.005173516381901303,sigmoid,3,ae,"{'ae__activation': 'sigmoid', 'ae__n_layers': 3, 'ae__type': 'ae'}",0.669345885696523,0.6661485856387939,0.6665038412007638,0.6673327708453601,0.0014308564292191627,58
40668,356.7114719549815,234.12323021777942,0.02136651674906413,0.003718442303232658,sigmoid,3,dae,"{'ae__activation': 'sigmoid', 'ae__n_layers': 3, 'ae__type': 'dae'}",0.6600204271948132,0.6629512855810649,0.6783604955815089,0.667110736119129,0.008044264983664654,60
40668,36.99753546714783,11.914765640793014,0.022574106852213543,0.008263337599952401,sigmoid,4,vae,"{'ae__activation': 'sigmoid', 'ae__n_layers': 4, 'ae__type': 'vae'}",0.6583329632754563,0.65828855633021,0.6588214396731649,0.6584809864262771,0.00024141845301449056,76
40668,33.74859046936035,9.010871257557605,0.015104055404663086,0.00509465103603543,sigmoid,4,sae,"{'ae__activation': 'sigmoid', 'ae__n_layers': 4, 'ae__type': 'sae'}",0.6652604467338692,0.658466184111195,0.65828855633021,0.6606717290584246,0.003245523618344386,74
40668,28.822625557581585,16.457905258570708,0.019621928532918293,0.012654572657819631,sigmoid,4,ae,"{'ae__activation': 'sigmoid', 'ae__n_layers': 4, 'ae__type': 'ae'}",0.682890003996625,0.65828855633021,0.65828855633021,0.6664890388856817,0.011597233647952022,63
40668,211.5001676082611,252.6306160785189,0.027146657307942707,0.0076149276930740995,sigmoid,4,dae,"{'ae__activation': 'sigmoid', 'ae__n_layers': 4, 'ae__type': 'dae'}",0.6583329632754563,0.6751631955237799,0.657711266042009,0.6637358082804151,0.008084368096100926,72
40668,28.57421867052714,7.049973675855246,0.015841881434122723,0.0020957105787222847,sigmoid,5,vae,"{'ae__activation': 'sigmoid', 'ae__n_layers': 5, 'ae__type': 'vae'}",0.6583329632754563,0.65828855633021,0.65828855633021,0.6583033586452921,2.0933634743636237e-05,77
40668,50.17769662539164,8.859669076140161,0.013854106267293295,0.0021292106912855573,sigmoid,5,sae,"{'ae__activation': 'sigmoid', 'ae__n_layers': 5, 'ae__type': 'sae'}",0.6583329632754563,0.65828855633021,0.65828855633021,0.6583033586452921,2.0933634743636237e-05,77
40668,23.482847293217976,3.2266791033825233,0.02158379554748535,0.004564470950609186,sigmoid,5,ae,"{'ae__activation': 'sigmoid', 'ae__n_layers': 5, 'ae__type': 'ae'}",0.6583329632754563,0.65828855633021,0.65828855633021,0.6583033586452921,2.0933634743636237e-05,77
40668,32.924889961878456,18.949876429444274,0.017158667246500652,0.0044919062616981505,sigmoid,5,dae,"{'ae__activation': 'sigmoid', 'ae__n_layers': 5, 'ae__type': 'dae'}",0.678182867800524,0.65828855633021,0.65828855633021,0.6649199934869814,0.009378268365130874,66
40668,79.74934720993042,1.4902510882999935,0.0146025021870931,0.0032274680068995706,relu,1,vae,"{'ae__activation': 'relu', 'ae__n_layers': 1, 'ae__type': 'vae'}",0.6875971401927261,0.6754740441405036,0.6943025889249078,0.6857912577527125,0.007792065760115257,14
40668,533.0955018997192,1.547947052326922,0.016231457392374676,0.0016505183716002644,relu,1,sae,"{'ae__activation': 'relu', 'ae__n_layers': 1, 'ae__type': 'sae'}",0.6752964163595186,0.7067365335938541,0.676673031662152,0.6862353272051749,0.014507431772859892,10
40668,401.191423813502,0.5620040907848489,0.010309934616088867,0.001876408514782639,relu,1,ae,"{'ae__activation': 'relu', 'ae__n_layers': 1, 'ae__type': 'ae'}",0.6873751054664949,0.6842222123540121,0.6829788178871176,0.6848587119025416,0.0018503485935728525,17
40668,410.3694457213084,2.64981349749034,0.012185335159301758,0.0010252244155375084,relu,1,dae,"{'ae__activation': 'relu', 'ae__n_layers': 1, 'ae__type': 'dae'}",0.6887517207691283,0.6800923664461122,0.681735423420223,0.6835265035451545,0.0037551813390148425,19
40668,59.84678769111633,5.73442147712168,0.017836570739746094,0.002548058458388146,relu,2,vae,"{'ae__activation': 'relu', 'ae__n_layers': 2, 'ae__type': 'vae'}",0.6658377370220703,0.6709889426706337,0.6914605444291487,0.6760957413739509,0.011066213131335406,38
40668,301.1264185110728,3.3206740830994534,0.013537247975667318,0.00015581273841906032,relu,2,sae,"{'ae__activation': 'relu', 'ae__n_layers': 2, 'ae__type': 'sae'}",0.6993649806829788,0.6843110262445047,0.6840889915182734,0.6892549994819189,0.00714941092068667,5
40668,324.6528588930766,15.318749965415357,0.012667496999104818,0.001186199391347745,relu,2,ae,"{'ae__activation': 'relu', 'ae__n_layers': 2, 'ae__type': 'ae'}",0.6840445845730272,0.702029397397753,0.6836005151205649,0.6898914990304483,0.008584704693073446,4
40668,242.61776773134866,15.28557767470787,0.013509194056193033,0.0019109674171902354,relu,2,dae,"{'ae__activation': 'relu', 'ae__n_layers': 2, 'ae__type': 'dae'}",0.6888405346596208,0.6917269861006261,0.6906168124694703,0.6903947777432391,0.0011888019305333747,2
40668,71.20874389012654,5.075184894174039,0.018075068791707356,0.0017056356540855878,relu,3,vae,"{'ae__activation': 'relu', 'ae__n_layers': 3, 'ae__type': 'vae'}",0.6700119898752165,0.6554021048892047,0.6722767440827745,0.6658969462823986,0.007478348739589705,64
40668,263.767639875412,40.62892166222989,0.014708757400512695,0.0004944753432034213,relu,3,sae,"{'ae__activation': 'relu', 'ae__n_layers': 3, 'ae__type': 'sae'}",0.6735201385496692,0.6820462720369466,0.6992317598472401,0.684932723477952,0.010693317816231049,16
40668,262.27385663986206,39.391871337841664,0.013977130254109701,0.001300527293746369,relu,3,ae,"{'ae__activation': 'relu', 'ae__n_layers': 3, 'ae__type': 'ae'}",0.6800479595008659,0.6740086149473777,0.668413339846352,0.6741566380981986,0.004750966692241682,41
40668,295.63551902770996,18.423509045472194,0.013742208480834961,0.0004756948378103324,relu,3,dae,"{'ae__activation': 'relu', 'ae__n_layers': 3, 'ae__type': 'dae'}",0.6780052400195391,0.6829788178871176,0.6801811803366047,0.6803884127477536,0.002035735437197014,32
40668,61.45728619893392,9.46502360370294,0.021419445673624676,0.0035747507663771365,relu,4,vae,"{'ae__activation': 'relu', 'ae__n_layers': 4, 'ae__type': 'vae'}",0.6661929925840402,0.6628180647453261,0.6625516230738487,0.6638542268010718,0.0016573305507679378,70
40668,262.96916937828064,24.883116816733505,0.023911078770955402,0.008231624969997279,relu,4,sae,"{'ae__activation': 'relu', 'ae__n_layers': 4, 'ae__type': 'sae'}",0.668413339846352,0.6665038412007638,0.676673031662152,0.6705300709030894,0.004413125984674525,48
40668,225.74724658330283,40.32548968758365,0.01372981071472168,0.00014467208470827234,relu,4,ae,"{'ae__activation': 'relu', 'ae__n_layers': 4, 'ae__type': 'ae'}",0.666725875926995,0.671610639904081,0.6645055286646832,0.6676140148319197,0.0029678549455664717,57
40668,219.044895807902,47.87530940040197,0.014502366383870443,0.0005397199264252139,relu,4,dae,"{'ae__activation': 'relu', 'ae__n_layers': 4, 'ae__type': 'dae'}",0.6649051911718993,0.6754296371952574,0.6668146898174875,0.6690498393948814,0.004578057175239129,53
40668,52.14593354860941,4.423934074603859,0.019938230514526367,0.0036554361583970847,relu,5,vae,"{'ae__activation': 'relu', 'ae__n_layers': 5, 'ae__type': 'vae'}",0.6576668590967627,0.658466184111195,0.6580221146587326,0.6580517192888967,0.00032699382794342983,80
40668,272.1026306947072,21.031862869502092,0.015681982040405273,0.0014372400878643599,relu,5,sae,"{'ae__activation': 'relu', 'ae__n_layers': 5, 'ae__type': 'sae'}",0.6711221635063724,0.6680580842843821,0.6683245259558594,0.6691682579155379,0.0013858951582510397,52
40668,172.60700058937073,35.36579708060032,0.01507258415222168,0.001107138613371287,relu,5,ae,"{'ae__activation': 'relu', 'ae__n_layers': 5, 'ae__type': 'ae'}",0.6706336871086638,0.6606421244282605,0.6562902437941294,0.6625220184436845,0.0060046699971070166,73
40668,237.0991779168447,15.352204464844663,0.017017364501953125,0.003166031515874565,relu,5,dae,"{'ae__activation': 'relu', 'ae__n_layers': 5, 'ae__type': 'dae'}",0.6633065411430348,0.6717882676850659,0.6659265509125627,0.6670071199135545,0.003545950113192726,61
40668,90.15451868375142,9.635861431196211,0.015395800272623697,7.617771049679182e-05,tanh,1,vae,"{'ae__activation': 'tanh', 'ae__n_layers': 1, 'ae__type': 'vae'}",0.6750743816332875,0.6616190772236777,0.6756516719214886,0.6707817102594845,0.006483245027548943,47
40668,532.7976393699646,1.9028538744473695,0.01473220189412435,0.0018981912481098027,tanh,1,sae,"{'ae__activation': 'tanh', 'ae__n_layers': 1, 'ae__type': 'sae'}",0.6740530218926241,0.6852879790399219,0.679692703938896,0.679677901623814,0.004586663991530481,34
40668,401.74487622578937,0.45358553435562626,0.009940385818481445,0.0014510036545956587,tanh,1,ae,"{'ae__activation': 'tanh', 'ae__n_layers': 1, 'ae__type': 'ae'}",0.6951907278298326,0.6835117012300724,0.6874195124117412,0.6887073138238821,0.004854121268730347,8
40668,409.6556285222371,4.383317554044528,0.01174489657084147,0.0003130998094509066,tanh,1,dae,"{'ae__activation': 'tanh', 'ae__n_layers': 1, 'ae__type': 'dae'}",0.6901727430170078,0.6712553843421111,0.6880412096451886,0.6831564456681024,0.00846019322642027,20
40668,61.604729890823364,12.112244727106713,0.018024921417236328,0.0017223966181349004,tanh,2,vae,"{'ae__activation': 'tanh', 'ae__n_layers': 2, 'ae__type': 'vae'}",0.6819574581464541,0.6801811803366047,0.6873306985212487,0.6831564456681024,0.00303941670675371,20
40668,375.160841067632,52.92229909241346,0.013621966044108072,0.00014410167416740782,tanh,2,sae,"{'ae__activation': 'tanh', 'ae__n_layers': 2, 'ae__type': 'sae'}",0.6958124250632799,0.6778276122385541,0.6738309871663928,0.6824903414894089,0.009560393508420001,26
40668,458.661892970403,2.0176409408206397,0.013937632242838541,0.0016505407343180845,tanh,2,ae,"{'ae__activation': 'tanh', 'ae__n_layers': 2, 'ae__type': 'ae'}",0.6929259736222745,0.698077179270838,0.6809360984057906,0.6906464170996344,0.007181060588355865,1
40668,339.4382361570994,67.42789075938427,0.013038555781046549,0.0009434950359506289,tanh,2,dae,"{'ae__activation': 'tanh', 'ae__n_layers': 2, 'ae__type': 'dae'}",0.6879079888094498,0.6923486833340734,0.6754296371952574,0.6852287697795935,0.00716227112580473,15
40668,59.797122637430824,8.045847136215041,0.01826190948486328,0.002059964817052964,tanh,3,vae,"{'ae__activation': 'tanh', 'ae__n_layers': 3, 'ae__type': 'vae'}",0.6677916426129047,0.6855100137661531,0.6779164261290466,0.6770726941693681,0.007258056755353696,37
40668,291.43824728329975,40.7043572115234,0.015324831008911133,0.0005151102050059545,tanh,3,sae,"{'ae__activation': 'tanh', 'ae__n_layers': 3, 'ae__type': 'sae'}",0.6755184510857498,0.6768950663883831,0.6645055286646832,0.6723063487129387,0.005544568663224121,44
40668,395.3714683850606,61.93886096055389,0.01377089818318685,0.0036048201983185494,tanh,3,ae,"{'ae__activation': 'tanh', 'ae__n_layers': 3, 'ae__type': 'ae'}",0.685687641547138,0.6842222123540121,0.6882632443714197,0.6860576994241899,0.0016703676373190884,13
40668,407.94561791419983,59.8679459787696,0.01290289560953776,0.0007027417536430893,tanh,3,dae,"{'ae__activation': 'tanh', 'ae__n_layers': 3, 'ae__type': 'dae'}",0.688884941604867,0.693014787512767,0.6842666192992584,0.6887221161389642,0.0035732800871860647,7
40668,56.4125243028005,4.546705829470189,0.017704168955485027,0.0015683346214818198,tanh,4,vae,"{'ae__activation': 'tanh', 'ae__n_layers': 4, 'ae__type': 'vae'}",0.6799591456103735,0.6724543718637594,0.680625249789067,0.6776795890877333,0.0037047802429206887,36
40668,318.01711932818097,67.94255340932617,0.017424583435058594,0.0012334741050727465,tanh,4,sae,"{'ae__activation': 'tanh', 'ae__n_layers': 4, 'ae__type': 'sae'}",0.6656601092410853,0.6659265509125627,0.6738753941116391,0.6684873514217623,0.0038114739766504564,54
40668,338.6682481765747,9.32146088623288,0.015522241592407227,0.0008808727529871945,tanh,4,ae,"{'ae__activation': 'tanh', 'ae__n_layers': 4, 'ae__type': 'ae'}",0.6616190772236777,0.6586438118921799,0.6741418357831165,0.6648015749663246,0.006715326005612088,67
40668,370.5082155863444,43.59290833336072,0.023040374120076496,0.014199697007119741,tanh,4,dae,"{'ae__activation': 'tanh', 'ae__n_layers': 4, 'ae__type': 'dae'}",0.6796038900484036,0.674630312180825,0.6720991163017896,0.6754444395103394,0.003117425190598079,39
40668,46.02647336324056,16.530787513765397,0.025214274724324543,0.00881084324127065,tanh,5,vae,"{'ae__activation': 'tanh', 'ae__n_layers': 5, 'ae__type': 'vae'}",0.6603756827567832,0.6689462231893069,0.6752076024690261,0.6681765028050387,0.00607951822049926,55
40668,508.3087269465129,184.21074343135896,0.02988910675048828,0.015675022985468114,tanh,5,sae,"{'ae__activation': 'tanh', 'ae__n_layers': 5, 'ae__type': 'sae'}",0.6629068786358187,0.6702340246014477,0.6581553354944714,0.6637654129105792,0.004968332615103444,71
40668,408.46536080042523,5.602149290019362,0.014110565185546875,0.001904050249986084,tanh,5,ae,"{'ae__activation': 'tanh', 'ae__n_layers': 5, 'ae__type': 'ae'}",0.6653936675696079,0.6634841689240197,0.6524268395577069,0.6604348920171115,0.0057159557039226285,75
40668,318.25332736968994,60.74900113753015,0.015256325403849283,0.00044299516485219283,tanh,5,dae,"{'ae__activation': 'tanh', 'ae__n_layers': 5, 'ae__type': 'dae'}",0.6649940050623918,0.6653048536791154,0.6653492606243616,0.665216039788623,0.00015804547644254188,65
40668,91.84853450457256,7.769769160750967,0.01936038335164388,0.004040113918418709,selu,1,vae,"{'ae__activation': 'selu', 'ae__n_layers': 1, 'ae__type': 'vae'}",0.673475731604423,0.660908566099738,0.6758292997024735,0.6700711991355449,0.0065498195298132255,50
40668,529.7074615955353,1.852675617561419,0.020628849665323894,0.005472698438013766,selu,1,sae,"{'ae__activation': 'selu', 'ae__n_layers': 1, 'ae__type': 'sae'}",0.6884408721524047,0.6807584706248058,0.6772059150051069,0.6821350859274391,0.004688807083113845,28
40668,404.5713787873586,1.288770520873923,0.012350877126057943,0.0004875214109942383,selu,1,ae,"{'ae__activation': 'selu', 'ae__n_layers': 1, 'ae__type': 'ae'}",0.675562858030996,0.6805808428438208,0.6837781429015498,0.6799739479254555,0.003381219450389722,33
40668,413.6730086803436,0.7353420133130927,0.012933731079101562,0.0013045477884069206,selu,1,dae,"{'ae__activation': 'selu', 'ae__n_layers': 1, 'ae__type': 'dae'}",0.6773391358408455,0.6942581819796616,0.6871086637950176,0.6862353272051749,0.006934722689058574,10
40668,50.009127060572304,14.207153547216919,0.018282413482666016,0.0026916711553073977,selu,2,vae,"{'ae__activation': 'selu', 'ae__n_layers': 2, 'ae__type': 'vae'}",0.6678360495581509,0.6893734180025756,0.6784937164172476,0.678567727992658,0.00879274959508101,35
40668,345.8525181611379,61.32963838595566,0.019751866658528645,0.004745652727761634,selu,2,sae,"{'ae__activation': 'selu', 'ae__n_layers': 2, 'ae__type': 'sae'}",0.6769838802788756,0.6915937652648875,0.6896398596740531,0.686072501739272,0.006475940951051455,12
40668,346.9892732302348,49.12955673246256,0.013675848642985025,0.0019018574620157157,selu,2,ae,"{'ae__activation': 'selu', 'ae__n_layers': 2, 'ae__type': 'ae'}",0.6704560593276788,0.704649407167281,0.6720991163017896,0.6824015275989165,0.015745920487994794,27
40668,304.73956688245136,33.02837733832554,0.018647273381551106,0.010523630693033238,selu,2,dae,"{'ae__activation': 'selu', 'ae__n_layers': 2, 'ae__type': 'dae'}",0.6887961277143745,0.6906612194147165,0.6910608819219326,0.6901727430170078,0.0009869936840398534,3
40668,85.48581488927205,14.09013483187209,0.015868504842122395,0.0028206986902916216,selu,3,vae,"{'ae__activation': 'selu', 'ae__n_layers': 3, 'ae__type': 'vae'}",0.6675252009414272,0.6645943425551756,0.6697011412584928,0.6672735615850319,0.0020924212487476277,59
40668,255.73910943667093,20.934754925233243,0.014886935551961264,0.000958279385685726,selu,3,sae,"{'ae__activation': 'selu', 'ae__n_layers': 3, 'ae__type': 'sae'}",0.6721879301922821,0.6853323859851681,0.6919490208268573,0.6831564456681024,0.008212844126308,20
40668,175.4887259801229,32.009013640504556,0.02109416325887044,0.011317332820323763,selu,3,ae,"{'ae__activation': 'selu', 'ae__n_layers': 3, 'ae__type': 'ae'}",0.6980327723255917,0.6953239486655713,0.6741862427283627,0.6891809879065086,0.01066040082496646,6
40668,190.68695775667825,20.00386615899692,0.012994527816772461,0.00015383461910683228,selu,3,dae,"{'ae__activation': 'selu', 'ae__n_layers': 3, 'ae__type': 'dae'}",0.6844442470802433,0.6827567831608864,0.6805364358985745,0.6825791553799014,0.0016002938853696476,25
40668,69.85503546396892,9.35746827442503,0.017457246780395508,0.004685619462947509,selu,4,vae,"{'ae__activation': 'selu', 'ae__n_layers': 4, 'ae__type': 'vae'}",0.6572671965895466,0.6623739952928638,0.6733869177139304,0.6643427031987802,0.006726475570266617,68
40668,192.4444521268209,17.299649226073655,0.020774682362874348,0.009699143554465578,selu,4,sae,"{'ae__activation': 'selu', 'ae__n_layers': 4, 'ae__type': 'sae'}",0.6866645943425552,0.6683245259558594,0.6645943425551756,0.6731944876178634,0.009645772767785376,43
40668,186.55277713139853,43.11950594729685,0.018600861231486004,0.004512353578511624,selu,4,ae,"{'ae__activation': 'selu', 'ae__n_layers': 4, 'ae__type': 'ae'}",0.6640170522669746,0.6746747191260714,0.6721879301922821,0.6702932338617761,0.004552572266202711,49
40668,197.49033935864767,64.07017591511065,0.0139466921488444,0.0014463000730321883,selu,4,dae,"{'ae__activation': 'selu', 'ae__n_layers': 4, 'ae__type': 'dae'}",0.6784493094720014,0.6759181135929659,0.6900839291265154,0.6814837840638276,0.0061683930629711885,29
40668,74.46681650479634,7.602320056324311,0.01722550392150879,0.0033119289469677586,selu,5,vae,"{'ae__activation': 'selu', 'ae__n_layers': 5, 'ae__type': 'vae'}",0.663528575869266,0.6832896665038412,0.6680136773391359,0.6716106399040811,0.008458872286429456,46
40668,182.68222633997598,49.68706794114913,0.020396073659261067,0.006033907088540967,selu,5,sae,"{'ae__activation': 'selu', 'ae__n_layers': 5, 'ae__type': 'sae'}",0.6675696078866735,0.6702340246014477,0.6631289133620498,0.6669775152833903,0.002930708864103399,62
40668,159.1043299039205,33.41988137854987,0.02133973439534505,0.004526210549589757,selu,5,ae,"{'ae__activation': 'selu', 'ae__n_layers': 5, 'ae__type': 'ae'}",0.6675696078866735,0.6641502731027132,0.6724987788090058,0.6680728865994642,0.0034267918893196984,56
40668,169.3149709701538,27.45548804106535,0.01466067632039388,0.0003446248171215343,selu,5,dae,"{'ae__activation': 'selu', 'ae__n_layers': 5, 'ae__type': 'dae'}",0.6686353745725832,0.6720547093565433,0.6756960788667348,0.6721287209319536,0.00288299549858983,45
40996,86.13808790842693,8.209809854067588,0.1866002877553304,0.00240737812905225,sigmoid,1,vae,"{'ae__activation': 'sigmoid', 'ae__n_layers': 1, 'ae__type': 'vae'}",0.8140910259706865,0.8203831483306905,0.8185831226160374,0.8176857656391382,0.0026459576850115926,57
40996,284.05267731348675,15.958830818079763,0.1821161905924479,0.001451469051475788,sigmoid,1,sae,"{'ae__activation': 'sigmoid', 'ae__n_layers': 1, 'ae__type': 'sae'}",0.8609325447844347,0.8639694852783611,0.8646980671152446,0.8632000323926802,0.0016307120966863999,39
40996,462.56237530708313,0.42940991374542953,0.19410014152526855,0.013343007444471418,sigmoid,1,ae,"{'ae__activation': 'sigmoid', 'ae__n_layers': 1, 'ae__type': 'ae'}",0.8573755035570412,0.85955513650195,0.8631980456863669,0.8600428952484527,0.0024019340343475622,46
40996,179.48262731234232,24.84141961175099,0.18885628382364908,0.006208365719976872,sigmoid,1,dae,"{'ae__activation': 'sigmoid', 'ae__n_layers': 1, 'ae__type': 'dae'}",0.8570326562098226,0.8606265803797197,0.8660266575236789,0.8612286313710737,0.003696382371594782,44
40996,58.54345305760702,6.300363789128159,0.19243963559468588,0.006219230161149625,sigmoid,2,vae,"{'ae__activation': 'sigmoid', 'ae__n_layers': 2, 'ae__type': 'vae'}",0.7111939658866889,0.7109244417777397,0.7157673681052587,0.7126285919232291,0.0022221757734231574,68
40996,335.4788727760315,46.1213169035225,0.18677783012390137,0.002773859561869775,sigmoid,2,sae,"{'ae__activation': 'sigmoid', 'ae__n_layers': 2, 'ae__type': 'sae'}",0.8660323990743122,0.8711695881369734,0.8756696524236061,0.8709572132116307,0.003937257113042432,11
40996,289.3358941078186,43.499624617037924,0.18443918228149414,0.0029099373155274345,sigmoid,2,ae,"{'ae__activation': 'sigmoid', 'ae__n_layers': 2, 'ae__type': 'ae'}",0.861361103968458,0.8688124116058801,0.8671409591565594,0.8657714915769659,0.003192394865462248,30
40996,246.45217164357504,41.82226488442151,0.19587437311808267,0.01635312825072988,sigmoid,2,dae,"{'ae__activation': 'sigmoid', 'ae__n_layers': 2, 'ae__type': 'dae'}",0.8705751264249593,0.873269618137402,0.8790554150773583,0.8743000532132399,0.0035379062773660958,4
40996,60.32313323020935,3.326211103266382,0.19127329190572104,0.008617855127796227,sigmoid,3,vae,"{'ae__activation': 'sigmoid', 'ae__n_layers': 3, 'ae__type': 'vae'}",0.434944715865261,0.24908927270389578,0.3253332190459864,0.3364557358717144,0.07628168947430228,76
40996,365.0016845862071,97.17888060672206,0.1851024627685547,0.0015329580205368663,sigmoid,3,sae,"{'ae__activation': 'sigmoid', 'ae__n_layers': 3, 'ae__type': 'sae'}",0.8510328276334962,0.8663266618094544,0.8737839111987314,0.8637144668805607,0.009469974396585696,37
40996,362.6136025587718,36.461448532982445,0.18749872843424478,0.00532119370921873,sigmoid,3,ae,"{'ae__activation': 'sigmoid', 'ae__n_layers': 3, 'ae__type': 'ae'}",0.8669752292791635,0.869026700381434,0.8723696052800755,0.8694571783135577,0.0022231818859970096,17
40996,443.42032225926715,69.17189853995185,0.1879917780558268,0.004915816251357686,sigmoid,3,dae,"{'ae__activation': 'sigmoid', 'ae__n_layers': 3, 'ae__type': 'dae'}",0.8711322533641896,0.8745124930356148,0.8733981914027343,0.8730143126008464,0.0014064203401955018,8
40996,62.625707149505615,19.883613011968585,0.1934361457824707,0.003105267825678775,sigmoid,4,vae,"{'ae__activation': 'sigmoid', 'ae__n_layers': 4, 'ae__type': 'vae'}",0.253749892860204,0.24613208760125144,0.25136073372476747,0.2504142380620743,0.0031811559503272867,78
40996,291.01595910390216,156.2256481763782,0.18914167086283365,0.003619208612972475,sigmoid,4,sae,"{'ae__activation': 'sigmoid', 'ae__n_layers': 4, 'ae__type': 'sae'}",0.7345932973343618,0.8245832083315476,0.7600394291347019,0.7730719782668705,0.03787639126581927,64
40996,321.345773935318,40.92158409055243,0.18966150283813477,0.010156919388727183,sigmoid,4,ae,"{'ae__activation': 'sigmoid', 'ae__n_layers': 4, 'ae__type': 'ae'}",0.8449901431387674,0.8425406077229675,0.8372262460892298,0.8415856656503214,0.0032407262684503984,53
40996,393.08734313646954,82.70056059956786,0.18370230992635092,0.011954559762265846,sigmoid,4,dae,"{'ae__activation': 'sigmoid', 'ae__n_layers': 4, 'ae__type': 'dae'}",0.8446901517099511,0.8493549907855826,0.8375691081301161,0.8438714168752166,0.004846270218034521,52
40996,53.925090869267784,20.135436763964723,0.18270317713419595,0.0057961636708677156,sigmoid,5,vae,"{'ae__activation': 'sigmoid', 'ae__n_layers': 5, 'ae__type': 'vae'}",0.1719379446301534,0.13650195002785753,0.18540264860926584,0.16461418108909223,0.02062438224919669,80
40996,69.7054575284322,7.028640028918391,0.1881741682688395,0.0024476320057697253,sigmoid,5,sae,"{'ae__activation': 'sigmoid', 'ae__n_layers': 5, 'ae__type': 'sae'}",0.535313276763521,0.49346419234560496,0.39519135987656967,0.4746562763285653,0.05873012388145423,74
40996,123.73843272527058,19.8401755588472,0.21313746770222983,0.02419700766258156,sigmoid,5,ae,"{'ae__activation': 'sigmoid', 'ae__n_layers': 5, 'ae__type': 'ae'}",0.7194651581383389,0.7250246432091887,0.7339819140273433,0.7261572384582903,0.005980308207439442,67
40996,161.17057394981384,16.086636054425934,0.20452149709065756,0.017816240674341906,sigmoid,5,dae,"{'ae__activation': 'sigmoid', 'ae__n_layers': 5, 'ae__type': 'dae'}",0.7444501585668981,0.7310675866798098,0.7411391591308447,0.7388856347925176,0.005691050666666431,66
40996,75.21204129854839,1.3094931912490306,0.20279081662495932,0.010969508510193172,relu,1,vae,"{'ae__activation': 'relu', 'ae__n_layers': 1, 'ae__type': 'vae'}",0.8119482300505699,0.8157116530236146,0.8217117387391248,0.8164572072711032,0.004020647860717055,59
40996,268.8179935614268,59.52075574448164,0.20935972531636557,0.013478495303930907,relu,1,sae,"{'ae__activation': 'relu', 'ae__n_layers': 1, 'ae__type': 'sae'}",0.8603325619268021,0.86499807140102,0.8682981185445506,0.864542917290791,0.003267812418696776,33
40996,453.0853046576182,21.04348962250245,0.19974708557128906,0.016395115049359477,relu,1,ae,"{'ae__activation': 'relu', 'ae__n_layers': 1, 'ae__type': 'ae'}",0.8554469872289363,0.8592122744610637,0.863798054257918,0.8594857719826393,0.0034147894811996137,49
40996,225.66071502367654,47.017606606221435,0.18495853741963705,0.0036270259434290127,relu,1,dae,"{'ae__activation': 'relu', 'ae__n_layers': 1, 'ae__type': 'dae'}",0.855661266820948,0.8584408348690695,0.8653409334419063,0.8598143450439747,0.004069306584964201,48
40996,76.04560327529907,3.0857517581284912,0.18869845072428384,0.007418555839303311,relu,2,vae,"{'ae__activation': 'relu', 'ae__n_layers': 2, 'ae__type': 'vae'}",0.4747578640610268,0.497878541122016,0.5064929498992843,0.4930431183607757,0.013399375688201121,73
40996,248.21154514948526,11.895921406257267,0.19534715016682944,0.009886804346059878,relu,2,sae,"{'ae__activation': 'relu', 'ae__n_layers': 2, 'ae__type': 'sae'}",0.8602039941715951,0.8665838083401192,0.8688552693609909,0.8652143572909017,0.0036622113294944147,32
40996,160.48460475603738,16.82919529934021,0.20584352811177573,0.022041311779046415,relu,2,ae,"{'ae__activation': 'relu', 'ae__n_layers': 2, 'ae__type': 'ae'}",0.8555755549841433,0.8653409334419063,0.869026700381434,0.8633143962691613,0.005675295458338263,38
40996,140.96017082532248,22.187508233399154,0.18506813049316406,0.0018378959137308115,relu,2,dae,"{'ae__activation': 'relu', 'ae__n_layers': 2, 'ae__type': 'dae'}",0.8708322619353732,0.8726267518107401,0.8795697081386877,0.8743429072949337,0.0037678140234889117,3
40996,87.40949932734172,20.347429270031547,0.1894389788309733,0.0021650010588475867,relu,3,vae,"{'ae__activation': 'relu', 'ae__n_layers': 3, 'ae__type': 'vae'}",0.37567498071483674,0.44284918355976516,0.2459177988256975,0.3548139877000998,0.08173892726434988,75
40996,214.93518614768982,47.21026338733432,0.18327673276265463,0.004210899089148584,relu,3,sae,"{'ae__activation': 'relu', 'ae__n_layers': 3, 'ae__type': 'sae'}",0.8656038398902889,0.8703124330347577,0.8748982128316118,0.8702714952522195,0.0037945222817133348,13
40996,173.33985431989035,5.920371804886051,0.18916026751200357,0.009531303472315582,relu,3,ae,"{'ae__activation': 'relu', 'ae__n_layers': 3, 'ae__type': 'ae'}",0.8618325190708837,0.8656409377276818,0.871255303647195,0.8662429201485868,0.003870314751989514,28
40996,184.8445508480072,33.50014053455899,0.19618535041809082,0.003781464438817467,relu,3,dae,"{'ae__activation': 'relu', 'ae__n_layers': 3, 'ae__type': 'dae'}",0.8722893631610525,0.8734839069129559,0.876483949770711,0.8740857399482397,0.0017645190956274309,5
40996,71.06158089637756,7.868584148379775,0.20013880729675293,0.015619938396335459,relu,4,vae,"{'ae__activation': 'relu', 'ae__n_layers': 4, 'ae__type': 'vae'}",0.18753749892860205,0.10003000042857756,0.29503278618265977,0.19420009517994644,0.07974883177647785,79
40996,233.1092840830485,71.04311523184613,0.18576924006144205,0.0017420883264708878,relu,4,sae,"{'ae__activation': 'relu', 'ae__n_layers': 4, 'ae__type': 'sae'}",0.8642324505014143,0.8647409248703553,0.867826683238332,0.8656000195367005,0.0015881141806326825,31
40996,165.69624511400858,50.280927269658676,0.18718496958414713,0.0037222677650844355,relu,4,ae,"{'ae__activation': 'relu', 'ae__n_layers': 4, 'ae__type': 'ae'}",0.8676180680551985,0.8678695409934427,0.8691981314018772,0.8682285801501729,0.0006932204468654315,22
40996,160.00297284126282,14.297495170695026,0.19101945559183756,0.003219387560773994,relu,4,dae,"{'ae__activation': 'relu', 'ae__n_layers': 4, 'ae__type': 'dae'}",0.8679180594840148,0.869240989156988,0.8678695409934427,0.8683428632114819,0.0006353797664784706,20
40996,75.56542483965556,7.070332950906005,0.19524439175923666,0.006710593062181224,relu,5,vae,"{'ae__activation': 'relu', 'ae__n_layers': 5, 'ae__type': 'vae'}",0.35450415702408505,0.2514035914798783,0.25196074229631854,0.28595616360009396,0.048471284668345715,77
40996,186.37631479899088,21.639396572251055,0.2273852825164795,0.0068217665173011975,relu,5,sae,"{'ae__activation': 'relu', 'ae__n_layers': 5, 'ae__type': 'sae'}",0.8572469358018342,0.8540264860926585,0.8547979256846526,0.8553571158597152,0.0013729152246824367,51
40996,148.64350851376852,32.43114817921522,0.19140036900838217,0.018079131090206056,relu,5,ae,"{'ae__activation': 'relu', 'ae__n_layers': 5, 'ae__type': 'ae'}",0.8564755292705922,0.8653837911970171,0.8621266018085972,0.8613286407587356,0.0036802933773699984,43
40996,179.72623221079508,8.93157903356238,0.19726387659708658,0.01735248649151616,relu,5,dae,"{'ae__activation': 'relu', 'ae__n_layers': 5, 'ae__type': 'dae'}",0.8573755035570412,0.8611408734410492,0.8610551579308275,0.8598571783096393,0.001755157917004497,47
40996,78.5089882214864,1.7558773445974998,0.20252466201782227,0.006527170572813066,tanh,1,vae,"{'ae__activation': 'tanh', 'ae__n_layers': 1, 'ae__type': 'vae'}",0.8112625353561327,0.8216260232289033,0.8187974113915913,0.8172286566588758,0.004373878048965176,58
40996,262.59471368789673,9.414240363796083,0.18755674362182617,0.005076637304111986,tanh,1,sae,"{'ae__activation': 'tanh', 'ae__n_layers': 1, 'ae__type': 'sae'}",0.8600325704979858,0.8645266360948014,0.8679981142587752,0.8641857736171875,0.0032608395925739293,36
40996,462.4057361284892,4.204793362331993,0.19767610232035318,0.01156624550271746,tanh,1,ae,"{'ae__activation': 'tanh', 'ae__n_layers': 1, 'ae__type': 'ae'}",0.8544613011056827,0.8610123001757168,0.8662409462992329,0.8605715158602107,0.004819109760877641,45
40996,220.71669975916544,65.77509554911452,0.17805242538452148,0.006904350293405653,tanh,1,dae,"{'ae__activation': 'tanh', 'ae__n_layers': 1, 'ae__type': 'dae'}",0.8576326390674552,0.8613551622166031,0.8665409505850084,0.8618429172896889,0.003653120335816405,42
40996,77.11165396372478,13.522900297067194,0.1849052906036377,0.0016050512045069959,tanh,2,vae,"{'ae__activation': 'tanh', 'ae__n_layers': 2, 'ae__type': 'vae'}",0.7662638210336847,0.778553979342562,0.7884969785282647,0.7777715929681704,0.009093492888647527,63
40996,173.10931770006815,22.183411529232856,0.1850756804148356,0.0005588950654810156,tanh,2,sae,"{'ae__activation': 'tanh', 'ae__n_layers': 2, 'ae__type': 'sae'}",0.8629467729493443,0.8719838854840783,0.8748553550765011,0.8699286711699746,0.005074216621146726,14
40996,183.27050964037576,16.110566082780796,0.18698740005493164,0.006365386784898827,tanh,2,ae,"{'ae__activation': 'tanh', 'ae__n_layers': 2, 'ae__type': 'ae'}",0.8605039856004114,0.8673552479321133,0.871255303647195,0.8663715123932398,0.004443985571804152,27
40996,185.38454643885294,27.5945652100735,0.19142524401346842,0.011012857223559769,tanh,2,dae,"{'ae__activation': 'tanh', 'ae__n_layers': 2, 'ae__type': 'dae'}",0.8665038141767378,0.8726696095658509,0.8760553722196032,0.8717429319873973,0.003954079223819614,10
40996,69.25988181432088,11.911119571389357,0.18585936228434244,0.0009459061813568227,tanh,3,vae,"{'ae__activation': 'tanh', 'ae__n_layers': 3, 'ae__type': 'vae'}",0.7906916945230136,0.7791111301590022,0.7691252732181888,0.7796426993000681,0.008812474351285616,61
40996,215.11659598350525,74.72439733925549,0.1855472723642985,0.0015804267053974837,tanh,3,sae,"{'ae__activation': 'tanh', 'ae__n_layers': 3, 'ae__type': 'sae'}",0.8685180423416474,0.8704838640552008,0.873055329361848,0.8706857452528988,0.0018578321397816,12
40996,169.69001110394797,32.6604935432422,0.18563969930013022,0.004366715474292387,tanh,3,ae,"{'ae__activation': 'tanh', 'ae__n_layers': 3, 'ae__type': 'ae'}",0.8656895517270935,0.8654266489521278,0.8721981742596323,0.8677714583129511,0.0031320004280248398,23
40996,186.3346688747406,11.533091432407634,0.18413503964742026,0.0020314444302118426,tanh,3,dae,"{'ae__activation': 'tanh', 'ae__n_layers': 3, 'ae__type': 'dae'}",0.8703608468329477,0.8713410191574166,0.8759696567093815,0.8725571742332486,0.0024459438442517444,9
40996,64.58607927958171,11.764205805905936,0.18756477038065592,0.0012438910681867564,tanh,4,vae,"{'ae__activation': 'tanh', 'ae__n_layers': 4, 'ae__type': 'vae'}",0.7294077312076798,0.7285818368833841,0.504521493164188,0.6541703537517507,0.1058182612839124,70
40996,162.94160525004068,22.452474950830045,0.18894545237223306,0.004498325398075292,tanh,4,sae,"{'ae__activation': 'tanh', 'ae__n_layers': 4, 'ae__type': 'sae'}",0.8656038398902889,0.8630694724210346,0.8714267346676381,0.8667000156596538,0.003498776838899863,26
40996,218.59530862172446,67.60912386989921,0.18602625528971353,0.02015225043834589,tanh,4,ae,"{'ae__activation': 'tanh', 'ae__n_layers': 4, 'ae__type': 'ae'}",0.8635038998885746,0.8662838040543437,0.8634551922170317,0.8644142987199833,0.0013220894462221988,34
40996,208.11315488815308,26.742870157178306,0.1993714173634847,0.02348773717941332,tanh,4,dae,"{'ae__activation': 'tanh', 'ae__n_layers': 4, 'ae__type': 'dae'}",0.861361103968458,0.8616980242574894,0.869840997728539,0.8643000419848287,0.003920461004831468,35
40996,66.33998862902324,9.2096249019116,0.19719155629475912,0.007754890606639414,tanh,5,vae,"{'ae__activation': 'tanh', 'ae__n_layers': 5, 'ae__type': 'vae'}",0.6082969058026914,0.5212360176573951,0.6583808340119145,0.595971252490667,0.05666343006681277,72
40996,119.29695749282837,10.54499647998653,0.1856835683186849,0.0006620256838559629,tanh,5,sae,"{'ae__activation': 'tanh', 'ae__n_layers': 5, 'ae__type': 'sae'}",0.8362475357846919,0.8376976813954485,0.8370548150687867,0.8370000107496424,0.0005932864446717276,56
40996,150.01363031069437,27.072352246510423,0.20159355799357095,0.017087274979631608,tanh,5,ae,"{'ae__activation': 'tanh', 'ae__n_layers': 5, 'ae__type': 'ae'}",0.8389474586440387,0.8430977585394077,0.8409977285389791,0.8410143152408085,0.0016943934301853873,54
40996,125.67826239267985,17.36768555239441,0.19372089703877768,0.0154324144291335,tanh,5,dae,"{'ae__activation': 'tanh', 'ae__n_layers': 5, 'ae__type': 'dae'}",0.8347904345590126,0.8404405777225389,0.8371405305790083,0.83745718095352,0.0023175029718563492,55
40996,90.71951405207317,7.4921750028466345,0.19562101364135742,0.016839253211379357,selu,1,vae,"{'ae__activation': 'selu', 'ae__n_layers': 1, 'ae__type': 'vae'}",0.8107054084169024,0.8156687952685039,0.8196545664938071,0.8153429233930711,0.003660737806395093,60
40996,279.22137514750165,17.82324828758129,0.18711535135904947,0.0048303437857693705,selu,1,sae,"{'ae__activation': 'selu', 'ae__n_layers': 1, 'ae__type': 'sae'}",0.8582754778434902,0.8638409120130287,0.8658980842583466,0.8626714913716218,0.003219905859531054,40
40996,432.28780913352966,34.843518544368614,0.18567570050557455,0.009443242141313894,selu,1,ae,"{'ae__activation': 'selu', 'ae__n_layers': 1, 'ae__type': 'ae'}",0.8541613096768663,0.8592551322161746,0.8649552136459092,0.8594572185129833,0.004408909152821396,50
40996,223.35488096872965,23.16616280204037,0.19153610865275064,0.0065906997384018624,selu,1,dae,"{'ae__activation': 'selu', 'ae__n_layers': 1, 'ae__type': 'dae'}",0.855789834576155,0.8640123430334719,0.865812368748125,0.8618715154525839,0.004362732695256819,41
40996,71.01667912801106,13.438390543539402,0.1857908566792806,0.0016649062073997968,selu,2,vae,"{'ae__activation': 'selu', 'ae__n_layers': 2, 'ae__type': 'vae'}",0.7944201594240164,0.7696395662795182,0.7719967428106116,0.7786854895047154,0.011167630258973228,62
40996,214.49211430549622,22.594518507765507,0.19076752662658691,0.005641629441258508,selu,2,sae,"{'ae__activation': 'selu', 'ae__n_layers': 2, 'ae__type': 'sae'}",0.8627324933573326,0.8657695109930141,0.8693267046672095,0.8659429030058522,0.0026948660192316503,29
40996,158.76943961779276,18.062667507922875,0.18721659978230795,0.00913762252351323,selu,2,ae,"{'ae__activation': 'selu', 'ae__n_layers': 2, 'ae__type': 'ae'}",0.8633753321333676,0.8668409548707838,0.8706981528307547,0.8669714799449687,0.0029909533973593826,24
40996,142.96540641784668,42.01688550262516,0.20624788602193198,0.032834706023436404,selu,2,dae,"{'ae__activation': 'selu', 'ae__n_layers': 2, 'ae__type': 'dae'}",0.869503728464901,0.872455320790297,0.8780268289546993,0.8733286260699659,0.0035339125695111272,7
40996,61.47895614306132,15.038731892711963,0.21664746602376303,0.002720115255160793,selu,3,vae,"{'ae__activation': 'selu', 'ae__n_layers': 3, 'ae__type': 'vae'}",0.782206222679352,0.7883684052629323,0.709252989328419,0.7599425390902343,0.035931100408420735,65
40996,205.5423948764801,47.96690118164191,0.1945780118306478,0.011430861085685976,selu,3,sae,"{'ae__activation': 'selu', 'ae__n_layers': 3, 'ae__type': 'sae'}",0.8665038141767378,0.8681695452792183,0.8731839026271804,0.8692857540277122,0.002839053469508767,19
40996,157.04845889409384,19.26379275402138,0.22028756141662598,0.027374885047372354,selu,3,ae,"{'ae__activation': 'selu', 'ae__n_layers': 3, 'ae__type': 'ae'}",0.8613182480500557,0.8694552779325418,0.8740410577293961,0.8682715279039979,0.005261078446588529,21
40996,112.66489728291829,17.683792177953382,0.2040712038675944,0.017046815139702475,selu,3,dae,"{'ae__activation': 'selu', 'ae__n_layers': 3, 'ae__type': 'dae'}",0.8729750578554898,0.8737839111987314,0.8763125187502678,0.8743571626014962,0.0014215306736336758,2
40996,72.57834490140279,8.814239273818533,0.19304839769999185,0.002357237609599531,selu,4,vae,"{'ae__activation': 'selu', 'ae__n_layers': 4, 'ae__type': 'vae'}",0.622482214793863,0.6180088286975528,0.7829683281189731,0.674486457203463,0.07673000297054045,69
40996,161.72100241978964,27.590090119768252,0.18645858764648438,0.003281204740746128,selu,4,sae,"{'ae__activation': 'selu', 'ae__n_layers': 4, 'ae__type': 'sae'}",0.8647038656038399,0.8709981571165303,0.8722838897698538,0.8693286374967414,0.0033120651573687143,18
40996,151.79091676076254,32.27227806244032,0.192399263381958,0.008999761617867877,selu,4,ae,"{'ae__activation': 'selu', 'ae__n_layers': 4, 'ae__type': 'ae'}",0.8665038141767378,0.868426691809883,0.8741267732396177,0.8696857597420795,0.003236903382555617,16
40996,144.86667243639627,17.628475632982976,0.19073017438252768,0.007500457016853845,selu,4,dae,"{'ae__activation': 'selu', 'ae__n_layers': 4, 'ae__type': 'dae'}",0.8715608125482129,0.8745553507907255,0.8773411048729267,0.8744857560706217,0.00236030752354942,1
40996,70.14178347587585,10.93423172192838,0.19345506032307944,0.006959661199259265,selu,5,vae,"{'ae__activation': 'selu', 'ae__n_layers': 5, 'ae__type': 'vae'}",0.5630839118882318,0.6426091801311448,0.6657952256460806,0.6238294392218191,0.04398418272464066,71
40996,166.00396116574606,29.418033910304604,0.186690092086792,0.0024679176039699015,selu,5,sae,"{'ae__activation': 'selu', 'ae__n_layers': 5, 'ae__type': 'sae'}",0.8624325019285163,0.8680838297689967,0.8699695709938713,0.8668286342304614,0.003202445878174156,25
40996,136.9020144144694,40.50556216687294,0.18686731656392416,0.0029316324799365146,selu,5,ae,"{'ae__activation': 'selu', 'ae__n_layers': 5, 'ae__type': 'ae'}",0.8655181280534842,0.8700124287489821,0.8736981956885098,0.8697429174969921,0.0033449318742051638,15
40996,134.68396321932474,20.208148691746107,0.18540803591410318,0.003035071928940167,selu,5,dae,"{'ae__activation': 'selu', 'ae__n_layers': 5, 'ae__type': 'dae'}",0.8686894660152568,0.8729696138516264,0.8789268418120258,0.8735286405596363,0.004198043111281707,6
