dataset_id,mean_fit_time,std_fit_time,mean_score_time,std_score_time,mean_test_accuracy,hidden_dims,type,compression,mean_test_reconstruction_error
44,20.99646155039469,3.6138482204989963,0.009123484293619793,0.0015368282878161401,0.8843765423751493,0.05,AE,95.0,0.061024134357770286
44,17.489192406336468,2.2444151855095047,0.009827613830566406,0.0007637628443404237,0.8787224307307892,0.05,DAE,95.0,0.061372622847557075
44,23.25211477279663,0.8554332046128584,0.010712782541910808,0.0007523114396625593,0.8835060793500542,0.05,SAE,95.0,0.060838834693034485
44,19.29721315701802,4.110946426648368,0.011412541071573893,0.002694067000138621,0.8904590108444298,0.1,AE,90.0,0.05667101840178172
44,17.133464177449547,3.1406804812913043,0.01319559415181478,0.0019063612680403914,0.8950229529519058,0.1,DAE,90.0,0.05767771725853285
44,22.27257601420085,2.975784316942933,0.01274418830871582,0.0016627743935735545,0.8954596727988879,0.1,SAE,90.0,0.05703990782300631
44,21.828055381774906,1.2293931184125657,0.01153890291849772,0.0007825004391070013,0.9076263106910888,0.15000000000000002,AE,85.0,0.054011167337497085
44,19.036074161529537,3.2336917293816487,0.011335293451944986,0.001897798883743918,0.9006739461812598,0.15000000000000002,DAE,85.0,0.055117111653089516
44,24.902097145716358,0.5103050781022179,0.01411302884419759,0.003757229758613932,0.9041512624052674,0.15000000000000002,SAE,85.0,0.05443124597271284
44,23.73394091924032,0.1828725026566503,0.014453172683715819,0.002839361229373343,0.902193181273748,0.2,AE,80.0,0.052646514028310776
44,17.041535933812455,2.7249864231974192,0.015307426452636719,0.00034270346604200813,0.9032819333492657,0.2,DAE,80.0,0.054644564787546784
44,25.08290298779805,0.5242280091699805,0.017102638880411785,0.0034452351354267072,0.8987195504492927,0.2,SAE,80.0,0.0529738316933314
44,22.769593636194863,0.9788938122361782,0.02180814743041992,0.0074577487058591204,0.9063259316335702,0.25,AE,75.0,0.05112935354312261
44,19.02950636545817,1.4239472683838783,0.012248357137044271,0.0016236259762561346,0.9089320761018,0.25,DAE,75.0,0.053586984674135835
44,23.524124463399247,2.6980043554953186,0.01645827293395996,0.0023959551790183825,0.9098023973807582,0.25,SAE,75.0,0.05147803698976835
44,19.08859697977702,0.4264102849027484,0.015266974767049152,0.0010043096436089703,0.9091500816599494,0.3,AE,70.0,0.05084099620580673
44,15.054918845494587,2.176515114773008,0.015713612238566082,0.000377869521692952,0.9128449782036966,0.3,DAE,70.0,0.05197674408555032
44,25.29994773864746,0.28813758465899064,0.01325662930806478,0.0014110259087820375,0.9134977191629154,0.3,SAE,70.0,0.05161046236753464
44,19.55782151222229,3.1766678268118067,0.013100147247314451,0.0029533420954914393,0.9121937964519808,0.35000000000000003,AE,64.99999999999999,0.0498092124859492
44,17.595272620518998,2.4462825134457167,0.024583816528320312,0.009706753521765624,0.9108877475489968,0.35000000000000003,DAE,64.99999999999999,0.052804614106814064
44,23.70415425300598,3.2057530062922366,0.01950303713480632,0.00480683602697672,0.911540205015942,0.35000000000000003,SAE,64.99999999999999,0.05083677793542544
44,23.655703783035282,1.4014399927448475,0.012989838918050127,0.0024752017830470077,0.9121953556594838,0.4,AE,60.0,0.049946187684933335
44,14.005689859390259,0.7764367880661349,0.01366424560546875,0.002567899308649505,0.9080634557764812,0.4,DAE,60.0,0.05149957910180092
44,23.99852967262268,0.4224308207575761,0.023902177810668945,0.0037927113843995264,0.9167550453828603,0.4,SAE,60.0,0.05000894516706467
44,23.63119721412659,1.3412325706975872,0.014294385910034181,0.0037715580996814414,0.9213196962210196,0.45,AE,55.00000000000001,0.04919415588180224
44,16.043786764144894,0.803318005435994,0.0345762570699056,0.005735823780448751,0.9137143072596984,0.45,DAE,55.00000000000001,0.05155384664734205
44,25.10385950406393,1.483349270212874,0.029445648193359375,0.01735912211917424,0.9150196474319996,0.45,SAE,55.00000000000001,0.05076965813835462
44,18.357593774795532,1.8038893384550991,0.0197134017944336,0.009950066171816202,0.9121935129597076,0.5,AE,50.0,0.04881190632780393
44,15.503382682800293,0.9021311545552996,0.015902121861775715,0.004244178040223732,0.9128449782036966,0.5,DAE,50.0,0.052075405915578216
44,23.815162897109985,2.134100558734357,0.019477685292561848,0.006320544643643465,0.9182773988903546,0.5,SAE,50.0,0.04965204621354738
44,19.513017654418945,1.3183750017006892,0.015401601791381838,0.003032430645941049,0.9180625117472112,0.55,AE,44.99999999999999,0.048648198445638016
44,13.942218621571861,1.707044153528002,0.02793264389038086,0.011903991627555751,0.915670120453032,0.55,DAE,44.99999999999999,0.0510872316857179
44,23.62871654828389,1.9059525493681515,0.015912294387817383,0.003591486464663376,0.9171923322143892,0.55,SAE,44.99999999999999,0.04954024404287338
44,19.902586698532104,2.862777653743361,0.018944501876831055,0.01046983081891088,0.9167597230053696,0.6000000000000001,AE,39.99999999999999,0.04840250685811043
44,16.139958302179977,0.3906312045624011,0.016118526458740234,0.0064327611009786356,0.9163228614122508,0.6000000000000001,DAE,39.99999999999999,0.050996392965316766
44,23.25342845916748,3.0837810750264016,0.022329648335774745,0.006883995132553006,0.9247991386370767,0.6000000000000001,SAE,39.99999999999999,0.04948534816503525
44,20.67573507626852,3.5509234629977344,0.02828176816304525,0.018379196869290845,0.9180623700010744,0.6500000000000001,AE,34.999999999999986,0.048513313134511314
44,14.563476324081421,1.1139153245771545,0.011460542678833008,0.0005773672025910682,0.9171920487221159,0.6500000000000001,DAE,34.999999999999986,0.05110010504722595
44,24.720104932785034,3.230386531116765,0.01641996701558431,0.0034127045104345856,0.9148023506045332,0.6500000000000001,SAE,34.999999999999986,0.04914294431606928
44,22.90688943862915,1.4589741584980402,0.0155793825785319,0.0018261341318468,0.9182786746055844,0.7000000000000001,AE,29.999999999999993,0.048597836246093117
44,13.075522502263384,0.6393167073211754,0.010637521743774414,0.00023262673970284947,0.9158894017264112,0.7000000000000001,DAE,29.999999999999993,0.051221041629711785
44,26.045789559682213,1.8617661551575009,0.0213476022084554,0.0060299148443113786,0.9208873705042732,0.7000000000000001,SAE,29.999999999999993,0.04948941245675087
44,18.87016995747884,2.702236624102159,0.014487346013387043,0.0022294076057789197,0.9180623700010744,0.7500000000000001,AE,24.99999999999998,0.04788043474157652
44,15.419357458750405,1.1998512826466108,0.015056212743123371,0.004829934018878326,0.9167583055440032,0.7500000000000001,DAE,24.99999999999998,0.0512853575249513
44,18.993017037709556,2.655346238749224,0.02246586481730144,0.006976782925232974,0.9252337322920096,0.7500000000000001,SAE,24.99999999999998,0.04923918346563975
44,20.07675631841024,2.2658679341408736,0.016146262486775715,0.0010273864688362334,0.9221910097229346,0.8,AE,19.999999999999996,0.047689867516358696
44,13.85536773999532,3.019628193109195,0.01165191332499186,0.0007811026473153603,0.9171946001525756,0.8,DAE,19.999999999999996,0.05088063205281893
44,24.600345055262252,0.9090952557964508,0.02609697977701823,0.005058497786740378,0.9178420965047388,0.8,SAE,19.999999999999996,0.04911847785115242
44,21.708846410115555,1.165426231968731,0.018639246622721355,0.007427805155910215,0.9187142604834734,0.8500000000000001,AE,14.999999999999991,0.04778909062345823
44,13.614528020222984,1.7068240958210723,0.014015515645345051,0.002724195601405773,0.9187125595298338,0.8500000000000001,DAE,14.999999999999991,0.050762706746657685
44,21.51701307296753,0.4916461849112132,0.02290217081705729,0.006791688406347368,0.9189309903263932,0.8500000000000001,SAE,14.999999999999991,0.04896605387330055
44,21.355537335077926,2.631311183000776,0.019174893697102863,0.004437042978837179,0.9252335905458728,0.9000000000000001,AE,9.999999999999986,0.048142417023579284
44,10.952394962310793,1.927372089007172,0.022982199986775715,0.006477913229857156,0.9154535323562488,0.9000000000000001,DAE,9.999999999999986,0.0507808563609918
44,24.01462809244792,1.479841316397733,0.03374210993448893,0.008172897205959973,0.9213206884439762,0.9000000000000001,SAE,9.999999999999986,0.048526915411154434
44,15.722296555836994,2.023932184093379,0.023411273956298828,0.005959562064840761,0.9169750353869228,0.95,AE,4.999999999999993,0.047781738142172486
44,13.34596347808838,0.8589775328964733,0.017650922139485676,0.004186809784743119,0.9124118020101304,0.95,DAE,4.999999999999993,0.0504379520813624
44,20.035249789555863,2.2058770181111047,0.02616985638936361,0.00938058994831105,0.9217566995602752,0.95,SAE,4.999999999999993,0.04861980925003687
44,19.296752373377487,2.0389013568647365,0.01777823766072591,0.003304476519699089,0.9239303765656214,1.0,AE,0.0,0.04767366995414098
44,14.169900019963588,3.4509650209543663,0.024206797281901043,0.010328878023942771,0.9191478619154496,1.0,DAE,0.0,0.05036954085032145
44,20.613140583038327,1.9805309545976584,0.02256321907043457,0.005325714152366082,0.923276785129583,1.0,SAE,0.0,0.0483758474389712
44,22.932945807774853,4.090980355817713,0.02097288767496745,0.007867846431886387,0.9219738546416048,1.05,AE,-5.000000000000004,0.047503174593051284
44,14.350057045618696,2.169029273162137,0.028189738591512043,0.018214709716640985,0.9184962549253238,1.05,DAE,-5.000000000000004,0.05052936697999636
44,21.166392167409263,3.212302964174419,0.01532101631164551,0.002766596501137311,0.9250168607029532,1.05,SAE,-5.000000000000004,0.04808992023269335
44,20.952117760976158,2.217000800240561,0.025268952051798504,0.006725869116681721,0.9219737128954684,1.1,AE,-9.999999999999986,0.0478059376279513
44,13.58465854326884,3.4042926659841184,0.027357180913289387,0.008664625258497339,0.9180616612703912,1.1,DAE,-9.999999999999986,0.05108530819416046
44,23.616863886515304,3.334832742115001,0.02223682403564453,0.007826537735377304,0.9213218224130691,1.1,SAE,-9.999999999999986,0.04821217805147171
44,18.933166106541947,2.60180084992053,0.01848459243774414,0.00382803882143176,0.9202356217680108,1.15,AE,-14.999999999999991,0.04836667204896609
44,12.582628885904946,1.7802082066377352,0.017929553985595703,0.007784127486831989,0.9180615195242544,1.15,DAE,-14.999999999999991,0.05047178144256274
44,21.69668960571289,2.6216840572756865,0.0253283182779948,0.003630545227332094,0.9211045255856029,1.15,SAE,-14.999999999999991,0.0484478697180748
44,18.418394486109413,2.262914906799774,0.022059122721354168,0.004595554068958368,0.918932549533896,1.2000000000000002,AE,-20.000000000000018,0.047592351833979286
44,13.941535393397011,1.8165783875652761,0.028886079788208008,0.002909803385684261,0.9176263588847756,1.2000000000000002,DAE,-20.000000000000018,0.050824290762344994
44,22.453182697296143,2.8685463489212237,0.018534183502197262,0.002522471699234977,0.9271889785007964,1.2000000000000002,SAE,-20.000000000000018,0.048291386415561036
44,17.941895961761478,4.441426982184523,0.028771956761678062,0.016783631624588548,0.9191489958845428,1.2500000000000002,AE,-25.00000000000002,0.04816566407680512
44,11.317394495010376,0.22483503047930245,0.02483542760213216,0.007785362611090931,0.9178452149197448,1.2500000000000002,DAE,-25.00000000000002,0.05101621896028519
44,22.89349134763081,1.796805665197426,0.0275576114654541,0.002500831176620952,0.9261040535709678,1.2500000000000002,SAE,-25.00000000000002,0.04800251747171084
44,20.792043050130207,3.5063746293327163,0.016806523005167644,0.0007036127827078009,0.9234963498952354,1.3,AE,-30.000000000000004,0.04767614354689916
44,12.072840054829914,1.0157515105312702,0.020299832026163738,0.00689207802627947,0.9271903959621628,1.3,DAE,-30.000000000000004,0.0506143793463707
44,19.62065227826436,1.487654513054826,0.020395994186401367,0.0014025418014018591,0.9224071725813076,1.3,SAE,-30.000000000000004,0.048530458162228264
44,18.084597746531173,3.2164270087852502,0.019531806310017902,0.0014045219990316206,0.9219737128954684,1.35,AE,-35.00000000000001,0.0479394868016243
44,13.020878076553345,2.4029993189379257,0.021570126215616863,0.005513264311067152,0.9254514543578856,1.35,DAE,-35.00000000000001,0.05040900285045306
44,18.085594574610397,1.6449122414280914,0.0211018721262614,0.005018424950690935,0.9202344877989178,1.35,SAE,-35.00000000000001,0.04826730489730835
44,16.864979028701782,4.181800663890188,0.020608186721801758,0.0023154817407733197,0.9254508873733392,1.4,AE,-39.99999999999999,0.047700002789497375
44,13.458385229110718,2.41707706205862,0.024875164031982425,0.005595089622546226,0.9189312738186663,1.4,DAE,-39.99999999999999,0.05079917858044306
44,21.15201727549235,4.947644059851472,0.023708740870157882,0.00209082962724913,0.9226264538546872,1.4,SAE,-39.99999999999999,0.04776430999239286
44,15.658616065979006,1.5347043887808451,0.01970521608988444,0.003086226819030101,0.9219737128954684,1.4500000000000002,AE,-45.00000000000004,0.04771257316072782
44,14.556117693583168,1.9773136616240408,0.036901791890462235,0.016858539105983433,0.9241485238699076,1.4500000000000002,DAE,-45.00000000000004,0.050797924399375916
44,22.43531664212545,1.796953684467767,0.02594955762227376,0.0013310016838309151,0.9230609057634828,1.4500000000000002,SAE,-45.00000000000004,0.04809380571047465
44,19.486111958821613,4.400237943697464,0.025750239690144856,0.006482675331247673,0.9254517378501592,1.5000000000000002,AE,-50.00000000000004,0.047951813787221916
44,14.271585702896118,1.7794424350774778,0.05630389849344889,0.03681102805414616,0.9211042420933296,1.5000000000000002,DAE,-50.00000000000004,0.05084062491854032
44,17.622812350591023,1.6003703119157573,0.02382810910542806,0.005034555967096209,0.9208877957426832,1.5000000000000002,SAE,-50.00000000000004,0.04918447881937027
44,18.512415965398148,1.422836156159896,0.02178843816121419,0.004310991922495522,0.9206700736768068,1.55,AE,-55.00000000000001,0.048001339038213096
44,11.011839707692463,0.6857149094047135,0.01829385757446289,0.0027523965254427213,0.9176270676154586,1.55,DAE,-55.00000000000001,0.05044445892175039
44,20.09423359235128,5.4200001140369976,0.026797691980997733,0.0031462436000615785,0.921539686225082,1.55,SAE,-55.00000000000001,0.04839149862527847
44,18.57708859443665,2.553777262381506,0.02422054608662923,0.004416959671241828,0.9221915767074812,1.6,AE,-60.00000000000001,0.04822402199109396
44,11.960180044174194,1.4397522306038577,0.027016401290893555,0.007030245091063338,0.9202340625605078,1.6,DAE,-60.00000000000001,0.05039082715908686
44,19.37647557258606,2.4429408337426644,0.02059308687845866,0.001896330573746677,0.9217554238450454,1.6,SAE,-60.00000000000001,0.04860175028443337
44,16.233392874399822,2.8257302858017934,0.029630025227864582,0.008633706495197206,0.924580849586654,1.65,AE,-64.99999999999999,0.04841575026512146
44,11.087759176890057,0.20548440218974404,0.030310233434041337,0.015781953264896457,0.9213233816205724,1.65,DAE,-64.99999999999999,0.05027394369244576
44,20.724935293197632,1.962884744449172,0.02813442548116048,0.00421431476228325,0.9234954994184156,1.65,SAE,-64.99999999999999,0.04874898617466291
44,18.398622115453087,2.2484138268990925,0.03332710266113281,0.015946610481677188,0.9250160102261332,1.7000000000000002,AE,-70.00000000000001,0.04732547203699748
44,10.149613380432127,0.941058399579039,0.021868308385213208,0.006278239916079913,0.9221924271843008,1.7000000000000002,DAE,-70.00000000000001,0.05057655274868012
44,21.099587122599285,2.755149018114357,0.02447231610616048,0.004945555162973333,0.9226257451240036,1.7000000000000002,SAE,-70.00000000000001,0.04830527553955714
44,16.637839396794632,1.0868149090661023,0.030501445134480793,0.008330875863514428,0.923711945769062,1.7500000000000002,AE,-75.0,0.047605777780214936
44,10.20671812693278,0.9445581052098764,0.02424001693725586,0.0006542900002742457,0.9289287705818934,1.7500000000000002,DAE,-75.0,0.05022579804062843
44,21.115554730097454,3.4438241820649376,0.033605337142944336,0.004752706557517128,0.923713221484292,1.7500000000000002,SAE,-75.0,0.04803398872415225
44,17.282482226689652,1.8651823615263032,0.024203062057495117,0.0032909227529025428,0.9202356217680108,1.8,AE,-79.99999999999999,0.047771943112214416
44,9.326428333918251,0.5340194566221806,0.0197138786315918,0.000525860412548393,0.9202354800218744,1.8,DAE,-79.99999999999999,0.050424626717964806
44,19.219348748524986,2.8305800907411283,0.025743166605631508,0.002338295497529614,0.9182783911133108,1.8,SAE,-79.99999999999999,0.04788519193728765
44,18.608755191167194,2.588916427243524,0.021576960881551102,0.0012731445018763876,0.9258863315050916,1.85,AE,-85.00000000000003,0.04711826890707016
44,11.192387819290161,1.6480073311666623,0.029538869857788086,0.008320638662627087,0.9230607640173464,1.85,DAE,-85.00000000000003,0.05088877926270167
44,19.730556646982826,3.420538817295971,0.052075465520222984,0.028731648985562363,0.9165401582397172,1.85,SAE,-85.00000000000003,0.04779342313607534
44,19.417826970418293,2.869836177388733,0.02244432767232259,0.007337602568094342,0.9224080230581274,1.9,AE,-90.00000000000001,0.04758119707306226
44,11.741174618403114,0.8796565120223562,0.02530503273010254,0.007716550777498431,0.9176280598384152,1.9,DAE,-90.00000000000001,0.050410110503435135
44,22.758693854014076,3.210856889542096,0.024349530537923176,0.003424208605067759,0.9243636945053244,1.9,SAE,-90.00000000000001,0.04778960843880972
44,19.352587223052982,2.9948594924671936,0.01955540974934896,0.0015764826395729984,0.9261040535709678,1.95,AE,-94.99999999999997,0.047978694240252175
44,11.176124334335327,1.982302714601296,0.03362830479939779,0.009784353045042396,0.9211050925701496,1.95,DAE,-94.99999999999997,0.05041665335496267
44,18.69698437054952,2.5227790114615054,0.02675151824951172,0.004443287276402032,0.925451029119476,1.95,SAE,-94.99999999999997,0.04821261391043663
44,14.126077095667519,2.879258498480396,0.02756214141845703,0.004129435792999681,0.9226270208392334,2.0,AE,-100.0,0.04824913417299589
44,11.906995137532554,1.5734287805453877,0.02233783404032389,0.0009570636589172104,0.9267559440533668,2.0,DAE,-100.0,0.05053646365801493
44,16.656794945398968,1.8782472164165087,0.02862064043680827,0.0024918614496652197,0.9193653004890526,2.0,SAE,-100.0,0.048138016213973366
1492,10.312036037445068,1.10883894980221,0.013064304987589521,0.0018676881470356145,0.3825178658009571,0.05,AE,95.0,0.5112151503562927
1492,11.434587717056274,2.4359967827067246,0.012066682179768879,0.0022633913611386962,0.3718721672955709,0.05,DAE,95.0,0.5116521914800009
1492,10.8372372786204,1.0877663894320264,0.014247894287109375,0.00026020640070739654,0.3837545938121438,0.05,SAE,95.0,0.5104566613833109
1492,9.958748896916706,1.4399656650342347,0.022882699966430664,0.00788904438844867,0.4399917551465921,0.1,AE,90.0,0.5094994902610779
1492,9.143594821294153,0.5179959350414307,0.02147674560546875,0.005181290381579711,0.455604275143875,0.1,DAE,90.0,0.5111729900042216
1492,9.367950598398844,1.6117032307178734,0.01894100507100423,0.005406980042310878,0.4812534987925506,0.1,SAE,90.0,0.5101558764775594
1492,9.100141048431396,0.5419964845525712,0.023654699325561523,0.002565076363751837,0.5181199391942061,0.15000000000000002,AE,85.0,0.5088167190551758
1492,9.093578656514486,1.1407584199496534,0.024192333221435547,0.002622513820067567,0.4943539150171104,0.15000000000000002,DAE,85.0,0.5100599527359009
1492,9.697840054829916,0.5204346514789859,0.020103613535563152,0.0015211571256450696,0.5412406630548587,0.15000000000000002,SAE,85.0,0.5097915331522623
1492,10.128596703211468,0.846820033952678,0.015067259470621744,0.003437162184080596,0.5456148857080619,0.2,AE,80.0,0.5088102221488953
1492,9.099798281987507,0.34639110526512723,0.015168507893880209,0.002730160456674732,0.5193718920767427,0.2,DAE,80.0,0.5104762315750122
1492,10.632115364074707,2.232774418508787,0.026425520579020183,0.01065993749628303,0.551874650120745,0.2,SAE,80.0,0.5088015198707581
1492,10.516361872355144,0.9297279763392124,0.013386170069376629,0.00125890175897223,0.5825035778447673,0.25,AE,75.0,0.5084652900695801
1492,8.467900911966959,1.5444275348695091,0.013272126515706379,0.004057767248192448,0.5431238625264386,0.25,DAE,75.0,0.5109323859214783
1492,9.504738410313923,1.221697031683208,0.028637806574503582,0.007223334688974571,0.5675082507091277,0.25,SAE,75.0,0.5082608660062155
1492,10.47142235438029,1.4406223287638062,0.017437060674031574,0.0033755969074807826,0.5750000585571975,0.3,AE,70.0,0.5084104935328165
1492,8.413458665211996,0.6023186497450365,0.014283100763956703,0.0008530260331765608,0.5556281664804549,0.3,DAE,70.0,0.5093226234118143
1492,9.977842410405476,0.6179860014126215,0.016153732935587566,0.0007515968470996734,0.5862453827649771,0.3,SAE,70.0,0.5092204610506693
1492,9.618202606836952,1.3760126727764972,0.015499273935953775,0.0023012393474966105,0.5912473385753736,0.35000000000000003,AE,64.99999999999999,0.5082343816757202
1492,8.608606894810995,1.2942045838019116,0.014797210693359375,0.001337632531050519,0.5837520172954539,0.35000000000000003,DAE,64.99999999999999,0.5097039143244425
1492,9.947859048843382,1.5211002479785505,0.015807390213012695,0.0002274031691420668,0.5874891376398639,0.35000000000000003,SAE,64.99999999999999,0.5091866254806519
1492,12.232943852742515,1.1662197086375503,0.014324029286702475,0.0016581051027926975,0.6093731334893296,0.4,AE,60.0,0.5080063144365946
1492,10.853080034255981,1.4450882214168357,0.01804049809773764,0.005983052867571993,0.580003185511544,0.4,DAE,60.0,0.5099390149116516
1492,10.718119223912556,0.4606489398986525,0.02019008000691732,0.006053574823331709,0.5987403175673934,0.4,SAE,60.0,0.5081569155057272
1492,13.954444646835327,0.22591883447636424,0.02076125144958496,0.007446994890132038,0.6337575216720187,0.45,AE,55.00000000000001,0.5076874295870463
1492,9.885089317957561,1.3285436851117465,0.023503621419270832,0.00800223388095807,0.5818793581194238,0.45,DAE,55.00000000000001,0.5090610384941101
1492,12.325215021769203,0.6537013194192552,0.018379052480061848,0.0015568229635667856,0.5893863908388436,0.45,SAE,55.00000000000001,0.5082659522692362
1492,14.708215395609535,2.42999760897947,0.02660655975341797,0.010318333612516876,0.6262633715360489,0.5,AE,50.0,0.5073486169179281
1492,10.971199035644533,0.3047705790230971,0.016991058985392254,0.003877329139260125,0.5825000644129172,0.5,DAE,50.0,0.5092384815216064
1492,9.992334683736166,0.5958449631834001,0.02524741490681966,0.010874955228802163,0.6037504713854399,0.5,SAE,50.0,0.5091303785641988
1492,14.385091384251911,0.5520547796708422,0.029719988505045574,0.0064114555737520154,0.6025067165105532,0.55,AE,44.99999999999999,0.507425586382548
1492,10.712531884511312,0.4514003033155356,0.02181235949198405,0.0008703800907186051,0.5918891254599667,0.55,DAE,44.99999999999999,0.5094617207845052
1492,11.552277882893884,1.155965117047821,0.018709262212117512,0.0015892820142531141,0.60187664106546,0.55,SAE,44.99999999999999,0.5085335969924927
1492,13.38808290163676,0.8652100439714444,0.017628033955891926,0.002639226576137901,0.6281360307120789,0.6000000000000001,AE,39.99999999999999,0.5076085329055786
1492,10.008820295333864,0.3828261476919793,0.01477996508280436,0.0008598059864132945,0.5975117875638566,0.6000000000000001,DAE,39.99999999999999,0.5099378426869711
1492,16.511256615320846,2.076880666699835,0.029128154118855793,0.0112566121498604,0.6012582770598666,0.6000000000000001,SAE,39.99999999999999,0.5085336168607076
1492,14.103423515955608,2.607884531823024,0.0280762513478597,0.008790217508428668,0.6187657079682292,0.6500000000000001,AE,34.999999999999986,0.5073680082956951
1492,10.934141556421917,0.8933871504895846,0.017934401830037434,0.00232367379121735,0.609995010926773,0.6500000000000001,DAE,34.999999999999986,0.509559710820516
1492,14.149191617965698,1.973377466551731,0.029911120732625324,0.0029645497665513236,0.6137578964380829,0.6500000000000001,SAE,34.999999999999986,0.5081528027852377
1492,14.133155504862465,1.3934826469049837,0.02677607536315918,0.01456539876191918,0.6256414940986056,0.7000000000000001,AE,29.999999999999993,0.5073024630546571
1492,11.484789768854775,1.1286863899077892,0.021973212560017902,0.007422812518370627,0.5837496750075538,0.7000000000000001,DAE,29.999999999999993,0.5095614194869995
1492,14.410562515258787,1.386224189528911,0.03301747639973958,0.0033919899945968265,0.6168707970571494,0.7000000000000001,SAE,29.999999999999993,0.5084363420804342
1492,14.83457612991333,0.8751491518186099,0.015588363011678059,0.0003835107587137491,0.6156328979020127,0.7500000000000001,AE,24.99999999999998,0.5072146852811178
1492,10.964266618092857,1.6645448598716917,0.024802366892496742,0.004106202107644998,0.5987496867189934,0.7500000000000001,DAE,24.99999999999998,0.5103018283843994
1492,13.393301089604694,2.050718608751792,0.03394381205240885,0.012012269049615006,0.6224922880170893,0.7500000000000001,SAE,24.99999999999998,0.5092055201530457
1492,14.262764294942222,1.9638283437554067,0.029502073923746742,0.009139848595448221,0.6300098610320589,0.8,AE,19.999999999999996,0.5071279803911845
1492,11.183471600214641,1.5620911618037834,0.02682646115620931,0.0045630750802154825,0.6068867948835063,0.8,DAE,19.999999999999996,0.5092118183771769
1492,13.724401473999025,1.1858513258954728,0.025031328201293945,0.004468540211683179,0.6093778180651297,0.8,SAE,19.999999999999996,0.5081535776456197
1492,14.700382232666016,0.9181220511108272,0.04373836517333984,0.022135255330135897,0.622515710896089,0.8500000000000001,AE,14.999999999999991,0.507565438747406
1492,11.176400502522789,0.7684684620740674,0.02274775505065918,0.005069300439167225,0.6074957897374998,0.8500000000000001,DAE,14.999999999999991,0.5092766682306925
1492,15.685114781061804,1.4370225219991255,0.03290804227193197,0.006406519656241251,0.6224922880170893,0.8500000000000001,SAE,14.999999999999991,0.5085150400797526
1492,14.046211322148645,0.19655432346546364,0.026755650838216145,0.0071698493584030016,0.6299911227288592,0.9000000000000001,AE,9.999999999999986,0.5073408683141073
1492,10.799865325291954,0.3030484147744389,0.03960704803466797,0.0236984801038044,0.6131407035764395,0.9000000000000001,DAE,9.999999999999986,0.5091588497161865
1492,13.408273617426556,1.2707057253931842,0.022907177607218426,0.0025688858333702386,0.6212543888619525,0.9000000000000001,SAE,9.999999999999986,0.5084348718325297
1492,13.793763240178428,0.5203888269803133,0.01950613657633464,0.0012364464185553572,0.6331297885148255,0.95,AE,4.999999999999993,0.5072560111681621
1492,11.05082106590271,1.5395831226667849,0.02918553352355957,0.01184404515064893,0.6112610175367096,0.95,DAE,4.999999999999993,0.5099966526031494
1492,13.193044980367027,0.8399729507586128,0.02577948570251465,0.003983259950255181,0.6175125839417426,0.95,SAE,4.999999999999993,0.5084717075030009
1492,14.110174735387169,2.434910898597304,0.020520766576131184,0.003855923610481111,0.6212532177180026,1.0,AE,0.0,0.5069897373517355
1492,10.237794081370037,1.2452460085741728,0.02271334330240885,0.0050526543794677655,0.6200094628431159,1.0,DAE,0.0,0.5101229548454285
1492,14.666949431101479,1.4627010694285891,0.0499113400777181,0.02313841914102761,0.6143750892997262,1.0,SAE,0.0,0.5082177321116129
1492,13.36059061686198,1.003689073497059,0.025381406148274745,0.008584125684058624,0.6237629792028258,1.05,AE,-5.000000000000004,0.5071344375610352
1492,8.777717669804893,0.4264510569714849,0.02104949951171875,0.004967660934209557,0.6150004801690194,1.05,DAE,-5.000000000000004,0.5099612275759379
1492,11.12196683883667,1.3517440381188948,0.02678847312927246,0.003668432113999175,0.6337446390885689,1.05,SAE,-5.000000000000004,0.5081684192021688
1492,13.859586795171099,1.5148394852419835,0.03004741668701172,0.0017837223919652079,0.6356348654238486,1.1,AE,-9.999999999999986,0.5076658527056376
1492,10.48830231030782,1.408301713408247,0.01929473876953125,0.003379759453138948,0.6168871930724493,1.1,DAE,-9.999999999999986,0.5100451111793518
1492,11.175297180811565,1.5899996374489296,0.030910571416219074,0.009023881751247544,0.6318801779201889,1.1,SAE,-9.999999999999986,0.5080229441324869
1492,12.724622170130413,0.7921242368195126,0.023267825444539387,0.0037571880122151493,0.6137578964380829,1.15,AE,-14.999999999999991,0.5072241226832072
1492,9.17952315012614,1.2344558025673846,0.01658495267232259,0.002362240215295784,0.6087629674913861,1.15,DAE,-14.999999999999991,0.5095812479654948
1492,10.940292119979858,0.8628103933897742,0.021739562352498368,0.00096725807993001,0.6168813373526995,1.15,SAE,-14.999999999999991,0.5082421104113259
1492,12.22584946950277,1.2876780047352885,0.017923275629679363,0.0002647763526778937,0.6124965744039463,1.2000000000000002,AE,-20.000000000000018,0.5071754455566406
1492,8.647658745447794,0.3705514098103392,0.02494215965270996,0.005102498219162744,0.6275047841230357,1.2000000000000002,DAE,-20.000000000000018,0.5095588366190592
1492,11.220980405807495,0.8638311283463763,0.03312110900878906,0.018840046313178642,0.6343817413973621,1.2000000000000002,SAE,-20.000000000000018,0.5084489782651266
1492,10.467823425928753,0.8591191210961242,0.021826823552449543,0.0032662912893410448,0.6306282250376523,1.2500000000000002,AE,-25.00000000000002,0.5070514678955078
1492,10.246186971664427,1.933052303420464,0.03569801648457845,0.02365503279829376,0.6168801662087494,1.2500000000000002,DAE,-25.00000000000002,0.5091652671496073
1492,12.838211854298912,0.8926418376622113,0.03154134750366211,0.0053819975182148394,0.6375122091756786,1.2500000000000002,SAE,-25.00000000000002,0.5079317887624105
1492,12.583218256632485,0.5120162216329037,0.01951877276102702,0.0021410768456232953,0.6218973468904957,1.3,AE,-30.000000000000004,0.5069401661554972
1492,9.014229218165081,0.3377508220305019,0.02660369873046875,0.01220937821959197,0.6118735258225528,1.3,DAE,-30.000000000000004,0.509652296702067
1492,11.608055512110393,2.0984182650049616,0.029206752777099613,0.007827092282288868,0.6037481290975398,1.3,SAE,-30.000000000000004,0.5082678198814392
1492,12.992066780726116,1.6531872335812514,0.024768988291422527,0.0036180986124062227,0.6231305614698325,1.35,AE,-35.00000000000001,0.5071195165316263
1492,10.374436855316162,1.6728837876015896,0.02096843719482422,0.0008103568209849822,0.6256368095228056,1.35,DAE,-35.00000000000001,0.5093229611714681
1492,11.466307481129967,1.6100857760448917,0.04153156280517578,0.018871525557678258,0.6156410959096627,1.35,SAE,-35.00000000000001,0.5079152782758077
1492,11.820772488911949,1.1523484650900926,0.02176094055175781,0.005246869001466471,0.6318801779201889,1.4,AE,-39.99999999999999,0.5068614284197489
1492,9.142919063568117,0.5671956165161666,0.024740934371948242,0.004476880311358964,0.6187551676726794,1.4,DAE,-39.99999999999999,0.5090596675872803
1492,11.45965576171875,0.4962056200993894,0.028171857198079426,0.008625477502020829,0.6168590856176496,1.4,SAE,-39.99999999999999,0.5077924728393555
1492,11.046937227249146,0.34727142583790105,0.01954166094462077,0.0017450479483502293,0.6237547811951757,1.4500000000000002,AE,-45.00000000000004,0.5071172316869099
1492,10.193338553110758,2.174913902983701,0.029718716939290363,0.011941107545966804,0.614380945019476,1.4500000000000002,DAE,-45.00000000000004,0.5091277162233988
1492,13.064427773157757,0.8483325706018334,0.024848143259684246,0.003726671160464957,0.6312512736190456,1.4500000000000002,SAE,-45.00000000000004,0.5080898006757101
1492,12.77822454770406,1.4570377920572315,0.023164033889770508,0.005544673024798378,0.6331297885148255,1.5000000000000002,AE,-50.00000000000004,0.5069592396418253
1492,8.492288510004679,0.6513133372515302,0.025992631912231445,0.008354605283873558,0.6268700241021424,1.5000000000000002,DAE,-50.00000000000004,0.5094038844108582
1492,11.087779601415,1.3123772991552891,0.029425303141276043,0.009327519793824188,0.6450098727434984,1.5000000000000002,SAE,-50.00000000000004,0.5076999266942342
1492,11.006932258605957,0.4306936156322149,0.01978588104248047,0.0003099150521726565,0.6293774432990656,1.55,AE,-55.00000000000001,0.5071079333623251
1492,7.696352163950603,0.8238940122090425,0.018282413482666016,0.001190964848537121,0.6193700182464227,1.55,DAE,-55.00000000000001,0.5096553365389506
1492,11.392171780268347,0.8673845988865023,0.04741191864013672,0.014938509031954926,0.623740727467776,1.55,SAE,-55.00000000000001,0.5079989433288574
1492,42.19711136817932,5.53563164299942,0.047364632288614913,0.004166108947319586,0.6268875912613924,1.6,AE,-60.00000000000001,0.5070907473564148
1492,36.28916319211324,0.8772586931129696,0.039645115534464516,0.0106165770762889,0.6168766527768994,1.6,DAE,-60.00000000000001,0.5094231565793356
1492,37.15287510553996,1.7131579812912694,0.04697704315185547,0.017513470542861592,0.6393778414880087,1.6,SAE,-60.00000000000001,0.5085498690605164
1492,43.86408066749573,2.9940581599631244,0.08334692319234213,0.02603640510385284,0.6200082916991659,1.65,AE,-64.99999999999999,0.5069541931152344
1492,38.489095052083336,2.1778731882290243,0.05849591890970865,0.018602637004855926,0.6256309538030558,1.65,DAE,-64.99999999999999,0.5097527106602987
1492,41.389340400695794,0.6417651639895153,0.04636160532633463,0.0025682908698497864,0.6106192306521163,1.65,SAE,-64.99999999999999,0.5079884727795919
1492,41.42320903142294,3.62929117790125,0.05215152104695638,0.008416661842687759,0.6156235287504128,1.7000000000000002,AE,-70.00000000000001,0.5070794026056925
1492,40.79398965835571,0.8165569311614367,0.05077942212422689,0.0003719484870755031,0.6187680502561291,1.7000000000000002,DAE,-70.00000000000001,0.5093160072962443
1492,52.87560351689658,16.62806052539185,0.06093764305114746,0.016663982128571973,0.6231293903258825,1.7000000000000002,SAE,-70.00000000000001,0.5085682670275371
1492,43.920842409133904,3.0932294786273027,0.037856101989746094,0.0028806576382051576,0.618136803667086,1.7500000000000002,AE,-75.0,0.5071603457132975
1492,39.559328635533646,1.8145004390718291,0.04797633488972982,0.005095383740307425,0.6168731393450495,1.7500000000000002,DAE,-75.0,0.5093922019004822
1492,39.70030665397643,6.328360220230263,0.06039023399353027,0.0026712091665357486,0.6106157172202664,1.7500000000000002,SAE,-75.0,0.5077801346778871
1492,39.83543634414673,1.7970667704249828,0.04393545786539713,0.010218026224943165,0.6281254904165291,1.8,AE,-79.99999999999999,0.5069729089736938
1492,33.093391180038445,2.7075963008566437,0.043407599131266274,0.004906908704372682,0.6162454061878561,1.8,DAE,-79.99999999999999,0.5094391703605652
1492,36.728257815043136,1.8436739352616047,0.06946913401285808,0.0009901487390609344,0.6306317384695022,1.8,SAE,-79.99999999999999,0.5081222852071127
1492,40.923817475636795,2.9959744606000203,0.04337692260742188,0.008225151805586006,0.6293950104583156,1.85,AE,-85.00000000000003,0.5069166819254557
1492,35.350658655166626,1.3244664793374743,0.04238589604695638,0.003306937127173362,0.6256356383788558,1.85,DAE,-85.00000000000003,0.5091333587964376
1492,39.20156224568685,2.6119146064864482,0.058240811030069985,0.005218110333050213,0.6331496979619753,1.85,SAE,-85.00000000000003,0.5080797274907429
1492,42.26387317975362,2.486107555570499,0.03678115208943685,0.012592831217169677,0.6356360365677987,1.9,AE,-90.00000000000001,0.5068554282188416
1492,39.62802211443583,1.2946953436166273,0.07172067960103352,0.01415881039860538,0.6149981378811196,1.9,DAE,-90.00000000000001,0.5097927649815878
1492,40.85331694285074,7.263667824216781,0.05308628082275391,0.0028293097924268627,0.628129003848379,1.9,SAE,-90.00000000000001,0.5083576242129008
1492,37.48137148221335,1.1526282405369346,0.059658606847127274,0.031827758077735635,0.6212625868696026,1.95,AE,-94.99999999999997,0.5069204966227213
1492,32.433294216791786,1.1785530055619329,0.04711643854777018,0.012830705003371278,0.6137590675820328,1.95,DAE,-94.99999999999997,0.5096153219540914
1492,33.752791166305535,2.7983628094303667,0.048520167668660484,0.007686300721730307,0.6300040053123089,1.95,SAE,-94.99999999999997,0.5082526604334513
1492,36.82050784428915,3.780228904110444,0.04587515195210775,0.00928577351652803,0.6093789892090796,2.0,AE,-100.0,0.5069191257158915
1492,30.148611783981323,3.636033300690973,0.03532115618387858,0.012536397676652787,0.6287508812858223,2.0,DAE,-100.0,0.5093288222948711
1492,35.86621864636739,0.9874213891567118,0.046665589014689125,0.008471373093811093,0.6362532294294421,2.0,SAE,-100.0,0.5079182386398315
40668,167.65167109171546,26.126968605712253,0.07974974314371745,0.028907725237155683,0.658466184111195,0.05,AE,95.0,0.13409486413002014
40668,187.38871955871585,12.022487465469256,0.07302157084147136,0.017169087127157697,0.6583033586452921,0.05,DAE,95.0,0.14966963231563568
40668,211.31176916758216,49.51129670457907,0.09893345832824707,0.031870301729868954,0.6580961262341429,0.05,SAE,95.0,0.11983700841665268
40668,190.03123084704083,21.25388591452182,0.05885990460713705,0.013069845158545165,0.6656305046109211,0.1,AE,90.0,0.057843903700510665
40668,150.30766503016153,28.35194915288922,0.06559284528096516,0.008389264028256481,0.6645203309797653,0.1,DAE,90.0,0.09058059006929398
40668,289.34528803825384,37.26889293045637,0.057932535807291664,0.007682447405374063,0.6662077948991222,0.1,SAE,90.0,0.04009659339984258
40668,136.05545202891028,24.86717348520409,0.0569920539855957,0.01271451298757983,0.6675696078866734,0.15000000000000002,AE,85.0,0.023718561977148056
40668,131.52050956090292,10.51599572195006,0.08533835411071777,0.030641152532920712,0.6734905339195049,0.15000000000000002,DAE,85.0,0.043294801066319145
40668,148.18467259407043,19.79715364018137,0.08101471265157062,0.02757805086779344,0.6709001287801413,0.15000000000000002,SAE,85.0,0.013909637617568173
40668,113.58849509557085,16.890180396472708,0.09691794713338216,0.05988047856114378,0.6868718267537043,0.2,AE,80.0,0.008734086838861307
40668,145.68297131856286,24.749063716607257,0.06677023569742839,0.015319355762929003,0.6813061562828427,0.2,DAE,80.0,0.03026575657228629
40668,115.2234182357788,2.62926368472662,0.06537151336669922,0.013831737222557488,0.6728540343709756,0.2,SAE,80.0,0.004385838285088539
40668,119.74388202031452,23.93902074379243,0.07396284739176433,0.02417886304265831,0.6852287697795935,0.25,AE,75.0,0.006006011584152778
40668,135.4939879576365,17.53477027833068,0.08303006490071614,0.0101542758249586,0.6994093876282249,0.25,DAE,75.0,0.019091608623663586
40668,103.0586174329122,4.3826019666382585,0.08398278554280597,0.011943557854912431,0.6908240448806193,0.25,SAE,75.0,0.003245160138855377
40668,124.41901628176373,9.964114613875248,0.07150602340698242,0.0006632012094307308,0.6985656556685466,0.3,AE,70.0,0.003086301575725277
40668,123.1167151927948,20.714394769920965,0.07380072275797528,0.02598668516449152,0.711961750817828,0.3,DAE,70.0,0.016755365456144016
40668,101.52343193689985,29.425641683607626,0.0987846851348877,0.03780607817381984,0.6984916440931362,0.3,SAE,70.0,0.0022425835874552527
40668,118.28689249356589,11.95885423527261,0.09480778376261394,0.034499403150628716,0.7084536021433752,0.35000000000000003,AE,64.99999999999999,0.002107188804075122
40668,151.71858843167627,12.024956822080474,0.10129737854003906,0.032941156938685566,0.7086904391846884,0.35000000000000003,DAE,64.99999999999999,0.015980733558535576
40668,89.14541260401406,9.596417969828133,0.09093038241068524,0.033612568466658124,0.7023846529597231,0.35000000000000003,SAE,64.99999999999999,0.0023095428866023817
40668,120.57557368278505,15.034260146848052,0.0595085620880127,0.0006640979938091435,0.7164320499726159,0.4,AE,60.0,0.0019781623656551037
40668,113.61245099703473,22.07098779653985,0.13354714711507162,0.04195622674375612,0.7154698994922807,0.4,DAE,60.0,0.01340775533268849
40668,95.98097236951193,4.996644748971127,0.06921553611755371,0.005444460315810029,0.7155439110676909,0.4,SAE,60.0,0.001418145412268738
40668,122.16918468475342,26.845965894487023,0.08190528551737468,0.02188855130665863,0.7187708157555841,0.45,AE,55.00000000000001,0.0018041493215908608
40668,96.17863599459332,13.944658977107947,0.07412783304850261,0.011739925185704709,0.7214352324703585,0.45,DAE,55.00000000000001,0.014257893897593018
40668,73.85856596628825,11.023744881002129,0.07544183731079103,0.015806543248364616,0.7035540358512072,0.45,SAE,55.00000000000001,0.0015226099640130995
40668,85.62153474489848,14.31956517751627,0.10049192110697427,0.028228938091911564,0.7145521559571918,0.5,AE,50.0,0.002168270836894711
40668,96.42479546864828,19.94158520782775,0.0862118403116862,0.017348699405499983,0.7206211051408441,0.5,DAE,50.0,0.012381638710697493
40668,83.76360082626344,8.105315563668022,0.06754215558369954,0.012062596908587249,0.7040277099338336,0.5,SAE,50.0,0.0015590547118335962
40668,89.85470867156981,5.308509384775811,0.0637350082397461,0.011853710526444414,0.7212428023742913,0.55,AE,44.99999999999999,0.0012833894385645788
40668,100.82623855272932,11.377349702795662,0.06555008888244629,0.002072687334023898,0.7214204301552763,0.55,DAE,44.99999999999999,0.010602882442375023
40668,78.23664911588033,7.693919272126851,0.12451823552449545,0.038705857077717176,0.718548781029353,0.55,SAE,44.99999999999999,0.0010700629403193787
40668,106.57332372665405,5.085217974264714,0.07982842127482097,0.015921149202128025,0.7235371612120135,0.6000000000000001,AE,39.99999999999999,0.0014971228859697778
40668,81.67452335357666,6.025661677870422,0.12504728635152182,0.027591787819550642,0.7266900543244964,0.6000000000000001,DAE,39.99999999999999,0.010221143874029318
40668,78.90850559870401,10.170309540402313,0.11639841397603352,0.021842121681463152,0.7201622333732995,0.6000000000000001,SAE,39.99999999999999,0.0015495906118303535
40668,86.24828243255615,4.490004361877271,0.08189193407694499,0.012625704903594966,0.7201770356883817,0.6500000000000001,AE,34.999999999999986,0.001471134756381313
40668,91.6060291926066,18.2526043767478,0.08692439397176106,0.010382712075765464,0.7321521085897835,0.6500000000000001,DAE,34.999999999999986,0.009993020134667557
40668,72.65065558751424,8.044968430783065,0.12112021446228027,0.035301455374547416,0.7243216839113638,0.6500000000000001,SAE,34.999999999999986,0.0010426475976904233
40668,82.53917002677917,12.247633411263593,0.10931889216105144,0.02326167654736771,0.7255946830084227,0.7000000000000001,AE,29.999999999999993,0.0012515500226678948
40668,103.82422685623169,10.318792094400644,0.07109713554382324,0.009469713267238208,0.7303610284648521,0.7000000000000001,DAE,29.999999999999993,0.008335018840928873
40668,64.45834032694499,14.163959188179321,0.10019373893737793,0.039246708047940886,0.7267048566395783,0.7000000000000001,SAE,29.999999999999993,0.0010073666150371234
40668,80.8428087234497,19.39784059884241,0.1118783950805664,0.04811441736397642,0.7258167177346536,0.7500000000000001,AE,24.99999999999998,0.0011458371106224756
40668,75.44532998402912,20.271202285062532,0.11716341972351076,0.026356657263386204,0.7315748183015823,0.7500000000000001,DAE,24.99999999999998,0.009092958954473335
40668,54.35939661661784,10.488436630260733,0.10345745086669922,0.03001104312570436,0.7252394274464526,0.7500000000000001,SAE,24.99999999999998,0.000619137465643386
40668,61.22396771113078,9.837594556756974,0.12501072883605954,0.05356696112419022,0.7208431398670753,0.8,AE,19.999999999999996,0.0008728711400181055
40668,78.63502462704977,13.411640075494162,0.09561459223429362,0.022638197335264874,0.7303314238346877,0.8,DAE,19.999999999999996,0.00893153560658296
40668,64.75001772244771,15.129450561798599,0.11049977938334148,0.0256355998963464,0.725135811240878,0.8,SAE,19.999999999999996,0.0007511653238907456
40668,72.62495239575702,10.808150812243133,0.11295016606648765,0.026082237980925384,0.7224269875808577,0.8500000000000001,AE,14.999999999999991,0.0010214434199345608
40668,88.09484672546387,15.376126627581368,0.10520752271016436,0.04341670708234447,0.7342688396465208,0.8500000000000001,DAE,14.999999999999991,0.007950297401597103
40668,55.43098012606304,10.7168810519098,0.11905797322591145,0.01887207578414316,0.7262311825569521,0.8500000000000001,SAE,14.999999999999991,0.0006727285217493773
40668,62.003509442011506,9.056230899923591,0.10826849937438963,0.03704970319103894,0.7267936705300708,0.9000000000000001,AE,9.999999999999986,0.0009481974023704727
40668,98.66338308652244,18.23105858690741,0.0872797966003418,0.021611450400454025,0.735808280415057,0.9000000000000001,DAE,9.999999999999986,0.007372935923437278
40668,59.75758647918701,14.217797941104436,0.09174823760986328,0.0254653457312539,0.7346388975235727,0.9000000000000001,SAE,9.999999999999986,0.0010877364935974279
40668,68.78398497899373,2.778890153346485,0.07990002632141112,0.01124693907266078,0.7297541335464867,0.95,AE,4.999999999999993,0.0010104241858546932
40668,68.36286807060243,20.225358042586826,0.09723615646362303,0.011105362509754262,0.734875734564886,0.95,DAE,4.999999999999993,0.008127879196157059
40668,58.92191306749979,3.7876492066515786,0.10817551612854004,0.020392831410106827,0.7339579910297971,0.95,SAE,4.999999999999993,0.00079336038713033
40668,51.85537687937418,2.454977417349849,0.08012549082438153,0.010125690191525854,0.730005772902882,1.0,AE,0.0,0.0008590477906788389
40668,91.724143743515,13.027957822862401,0.10768659909566244,0.04312425396462104,0.7447192740944684,1.0,DAE,0.0,0.008809515585501991
40668,56.896694024403885,10.999897310941195,0.11976854006449382,0.02285309427769497,0.7312047604245304,1.0,SAE,0.0,0.0008978031304044027
40668,43.44442693392436,6.334608093654963,0.08975720405578612,0.01496443641514067,0.7279778557366372,1.05,AE,-5.000000000000004,0.000954212504439056
40668,75.85724854469301,3.877980915670916,0.09993537267049153,0.012803867863480306,0.7425729384075669,1.05,DAE,-5.000000000000004,0.0088389051767687
40668,55.33183828989665,3.7722585474889168,0.08701896667480469,0.01541356505667302,0.725875926994982,1.05,SAE,-5.000000000000004,0.0006582324664729338
40668,55.796119689941406,3.4330774396788506,0.07118860880533855,0.005747827787831884,0.7355270364284975,1.1,AE,-9.999999999999986,0.0008777428884059193
40668,73.27572997411092,20.25680104769091,0.07422375679016112,0.00211491053016954,0.740145358734106,1.1,DAE,-9.999999999999986,0.007155901752412319
40668,50.40197857220969,5.790203458453168,0.07490420341491699,0.005236795454851261,0.7358230827301391,1.1,SAE,-9.999999999999986,0.0007600577470536032
40668,43.05225618680319,5.779569218862142,0.08109347025553386,0.010510483669587015,0.7312195627396125,1.15,AE,-14.999999999999991,0.0007262712654968102
40668,73.41182080904645,15.009039616363435,0.10245625178019206,0.0038189755942411563,0.7444824370531551,1.15,DAE,-14.999999999999991,0.007684546522796155
40668,67.59467792510986,18.00295405889198,0.08567428588867188,0.016248185137199906,0.7415959856121498,1.15,SAE,-14.999999999999991,0.0006569676916114986
40668,49.032872676849365,2.4275368512810247,0.0912938912709554,0.01514503036004239,0.7305534585609189,1.2000000000000002,AE,-20.000000000000018,0.0007383309615155061
40668,100.03979396820068,3.2341309367945774,0.1022775173187256,0.022080863310956683,0.7457110292049677,1.2000000000000002,DAE,-20.000000000000018,0.0076543414033949375
40668,59.656365791956574,14.910465892923375,0.12042951583862305,0.023551754815229867,0.7379102091567121,1.2000000000000002,SAE,-20.000000000000018,0.0006496405500608188
40668,54.62166428565979,11.857046149443018,0.09052761395772298,0.0226641053598826,0.7344168627973415,1.2500000000000002,AE,-25.00000000000002,0.0006517202709801495
40668,72.93621881802876,13.751141937708333,0.07002512613932292,0.0062773908072514435,0.7427949731337979,1.2500000000000002,DAE,-25.00000000000002,0.007351372856646776
40668,65.42074290911357,16.786181229158913,0.09977245330810547,0.021877397557158538,0.7433278564767529,1.2500000000000002,SAE,-25.00000000000002,0.00045147927691383915
40668,43.16477743784585,6.2951692629209495,0.10558923085530596,0.009479465739363438,0.7290732270527109,1.3,AE,-30.000000000000004,0.0005210287636145949
40668,72.24401005109152,24.095737559746556,0.0835874875386556,0.008787590732603311,0.7433574611069171,1.3,DAE,-30.000000000000004,0.007660130970180035
40668,60.43385823567709,6.360046415287268,0.11925188700358072,0.03708040891116253,0.7406042305016505,1.3,SAE,-30.000000000000004,0.0008358181027385093
40668,38.924760580062866,0.6957693885868429,0.0981147289276123,0.018971338697316226,0.7346092928934086,1.35,AE,-35.00000000000001,0.0005882173427380621
40668,74.23579581578572,19.596772545628138,0.10986026128133138,0.028425960453512363,0.7441271814911853,1.35,DAE,-35.00000000000001,0.007213792918870847
40668,44.41557383537293,2.3034504059402368,0.08002225557963054,0.006964153396933291,0.7489231315777788,1.35,SAE,-35.00000000000001,0.0005928993535538515
40668,60.222519874572754,11.90358264748965,0.11327242851257326,0.045687947950616266,0.7382210577734357,1.4,AE,-39.99999999999999,0.0005001738803305974
40668,63.690344731012964,22.19670588320653,0.08409770329793294,0.009993436839899065,0.7433130541616708,1.4,DAE,-39.99999999999999,0.007908528981109459
40668,54.70674467086792,10.01806194801618,0.0981731414794922,0.00857412190719402,0.742780170818716,1.4,SAE,-39.99999999999999,0.0004342058722007399
40668,47.24504566192627,8.196121934287612,0.09126885732014972,0.003198908116265349,0.7313675858904333,1.4500000000000002,AE,-45.00000000000004,0.0004895394862008592
40668,87.1714270909627,17.37261278404507,0.09398714701334636,0.009259185016614364,0.7490859570436816,1.4500000000000002,DAE,-45.00000000000004,0.007889963841686646
40668,55.76388120651245,7.692102589730593,0.11214756965637207,0.0181416362631914,0.7468360051512057,1.4500000000000002,SAE,-45.00000000000004,0.0009970536921173334
40668,42.26846170425415,8.32255422920351,0.1019147237141927,0.023435580367200427,0.7337211539884838,1.5000000000000002,AE,-50.00000000000004,0.00044457022643958527
40668,68.48819716771443,5.5401444793042005,0.0837860107421875,0.004479485650971364,0.7471172491377652,1.5000000000000002,DAE,-50.00000000000004,0.00816974819948276
40668,56.64854176839194,16.408437937318926,0.09557056427001953,0.011607631645325234,0.7458738546708705,1.5000000000000002,SAE,-50.00000000000004,0.0004955980208857605
40668,38.80576475461324,2.0701989614083565,0.09604978561401367,0.009141138337954923,0.7365335938540788,1.55,AE,-55.00000000000001,0.0006557147232039523
40668,62.48558561007182,8.647847843600672,0.09841958681742352,0.013917846018235577,0.7491895732492563,1.55,DAE,-55.00000000000001,0.00807417401423057
40668,52.639295419057206,2.0856858528579822,0.10550872484842937,0.018636566278155242,0.7488639223174505,1.55,SAE,-55.00000000000001,0.0004070073870631556
40668,42.80781364440918,8.069570053026897,0.1205581823984782,0.01896477527938334,0.739360836034756,1.6,AE,-60.00000000000001,0.0005506566667463629
40668,73.50381851196289,20.082035305125178,0.09243957201639813,0.011518712490553943,0.7523868733069853,1.6,DAE,-60.00000000000001,0.007614009237537781
40668,54.719462553660065,4.456773079283859,0.13315518697102866,0.01678562096164039,0.7483606436046597,1.6,SAE,-60.00000000000001,0.00031044294397967564
40668,42.42108980814616,4.172612010722824,0.09312176704406737,0.01855599992707069,0.7366520123747354,1.65,AE,-64.99999999999999,0.0003474275872576982
40668,79.26612559954327,9.18411344724538,0.08334183692932129,0.007418758912943938,0.7523128617315749,1.65,DAE,-64.99999999999999,0.009501715501149496
40668,64.63621807098389,11.035852762017058,0.1214279333750407,0.04119823184267812,0.7488935269476146,1.65,SAE,-64.99999999999999,0.0005778161430498585
40668,44.580541054407746,5.612653019124954,0.09102090199788412,0.011082923139720223,0.7390795920481964,1.7000000000000002,AE,-70.00000000000001,0.0005485160315098861
40668,71.29788907368976,6.9802391629043,0.11672115325927734,0.03313587857218386,0.7521944432109181,1.7000000000000002,DAE,-70.00000000000001,0.008813788493474325
40668,56.142712990442895,3.3976527170726234,0.09671807289123537,0.009249813599562978,0.7435498912029841,1.7000000000000002,SAE,-70.00000000000001,0.00033192024663245934
40668,50.8972471555074,6.363353782108168,0.08753641446431477,0.008502550533237313,0.7421880782154329,1.7500000000000002,AE,-75.0,0.0003993018666127076
40668,96.41708525021869,25.776064700174388,0.10863073666890463,0.02073785152148076,0.7570644048729221,1.7500000000000002,DAE,-75.0,0.007565528930475314
40668,67.44977347056071,8.371019692742706,0.1232782204945882,0.02883970641860438,0.7509954556892698,1.7500000000000002,SAE,-75.0,0.0005470236064866184
40668,54.067997376124055,1.9826153865441696,0.13682111104329428,0.04016172627541903,0.7394052429800021,1.8,AE,-79.99999999999999,0.0005150613433215766
40668,62.636251370112106,6.8929012937349965,0.10732618967692058,0.007500081689448961,0.7524460825673135,1.8,DAE,-79.99999999999999,0.007046774805833896
40668,45.185857852299996,6.231980280392122,0.1615138053894043,0.051220852403272926,0.7485530737007268,1.8,SAE,-79.99999999999999,0.00045387116066801037
40668,40.355677843093865,5.89439727624325,0.12289841969807942,0.033153527458163745,0.7368000355255563,1.85,AE,-85.00000000000003,0.0005201251575878508
40668,70.18913682301839,14.532550636897724,0.09235072135925293,0.0051183276134416,0.7512322927305831,1.85,DAE,-85.00000000000003,0.008417089314510427
40668,59.95752835273743,2.304793443052252,0.16790262858072916,0.02547931867566489,0.7540891395414242,1.85,SAE,-85.00000000000003,0.0003545999061316252
40668,60.25635051727295,7.704447147355185,0.12023504575093588,0.0316276366452218,0.7424545198869104,1.9,AE,-90.00000000000001,0.00030071227229200304
40668,62.17832636833191,10.471436427621112,0.09149901072184244,0.013224745403371416,0.75291975664994,1.9,DAE,-90.00000000000001,0.0075243750276664904
40668,48.89795819918314,7.270226431404438,0.1039421558380127,0.008358254834461492,0.7479313764672795,1.9,SAE,-90.00000000000001,0.0004491648530044282
40668,52.13347864151001,13.527269785300408,0.1133411725362142,0.01754176807311345,0.7411815207898514,1.95,AE,-94.99999999999997,0.00047852368637298537
40668,84.60179726282756,15.664910419306901,0.11079907417297363,0.0189552779453244,0.7531269890610891,1.95,DAE,-94.99999999999997,0.008157747952888409
40668,64.34102121988933,8.515658405955756,0.11226304372151692,0.0030808822126766515,0.7532306052666637,1.95,SAE,-94.99999999999997,0.0002660260603685553
40668,41.775296926498406,1.81192888602409,0.10184574127197266,0.005873241258871968,0.7406338351318147,2.0,AE,-100.0,0.00038786232471466064
40668,79.91830905278523,11.80576945802114,0.11363561948140465,0.01841456501962692,0.7543111742676555,2.0,DAE,-100.0,0.006767065574725469
40668,52.641029914220184,6.8107813010954485,0.1377567450205485,0.02313469256986137,0.7549624761312671,2.0,SAE,-100.0,0.0005508823960553857
40996,282.14041670163465,32.0038407241365,0.5710956255594889,0.006869896321493215,0.8418714678940796,0.05,AE,95.0,0.2724405129750569
40996,276.50588925679523,46.48890714811943,0.5675178368886312,0.009285904998541884,0.8457714054475841,0.05,DAE,95.0,0.27480271458625793
40996,226.6329824924469,31.928818202918443,0.5777310530344645,0.014967375482377185,0.8450714946296977,0.05,SAE,95.0,0.2693925301233928
40996,259.6421000162761,93.19112324265828,0.6000933647155762,0.01043105746936031,0.8571429015737092,0.1,AE,90.0,0.26572421193122864
40996,241.47851371765137,28.664904031881214,0.6076533794403076,0.0194741965160083,0.8625571299440854,0.1,DAE,90.0,0.2717033326625824
40996,249.2937475045522,41.476683740918226,0.6017782688140869,0.018434787763946924,0.8581000507576831,0.1,SAE,90.0,0.26648253202438354
40996,289.1150279045105,41.872092315539795,0.6112194061279297,0.011069081155196805,0.8658857611690794,0.15000000000000002,AE,85.0,0.2633358140786489
40996,273.232003847758,93.2322919792608,0.6089111963907877,0.004292861452206241,0.8709571421922369,0.15000000000000002,DAE,85.0,0.2703117330869039
40996,269.83015934626263,46.88642216594136,0.6146360238393148,0.010030385845440802,0.8643143064749337,0.15000000000000002,SAE,85.0,0.2638413508733113
40996,283.5013233025868,32.89620321640396,0.6111393769582113,0.013974058801206495,0.86954288096682,0.2,AE,80.0,0.2626702090104421
40996,249.1355531215668,73.40237237995208,0.6086617310841879,0.003017183908423723,0.8739285801524993,0.2,DAE,80.0,0.2680011689662933
40996,271.46400674184156,45.217698562671174,0.6240396499633789,0.016731740927448568,0.8683286256597675,0.2,SAE,80.0,0.26282002528508497
40996,269.1256004969279,44.71538857156671,0.6296212673187256,0.008511234613105916,0.8722857142335867,0.25,AE,75.0,0.2613618572552999
40996,199.06772637367249,22.610769893769344,0.6273933251698812,0.005043208927797111,0.8759857340307325,0.25,DAE,75.0,0.2689360976219177
40996,346.102481842041,63.129375741631314,0.6154096921284994,0.004599260054534106,0.871400013620785,0.25,SAE,75.0,0.26124714811642963
40996,296.0696015357971,33.798608451491326,0.6848525206247965,0.007410431385049813,0.8746000330095693,0.3,AE,70.0,0.2617821494738261
40996,222.81539018948882,32.080904783216056,0.6966593265533447,0.007758685991402415,0.8776714166849336,0.3,DAE,70.0,0.2686025400956472
40996,305.9047093391418,49.640065607797574,0.6778204441070557,0.01366442826757948,0.8734857497437734,0.3,SAE,70.0,0.2603207528591156
40996,239.10565217336014,68.87321776105672,0.715113639831543,0.017774159575075384,0.8750571658670415,0.35000000000000003,AE,64.99999999999999,0.2586177388827006
40996,233.92797740300492,63.32880087811597,0.6984701156616211,0.012923930410865859,0.8799572064807063,0.35000000000000003,DAE,64.99999999999999,0.2675588428974152
40996,264.2137084801992,40.70042745130001,0.7051479816436768,0.005199858403442298,0.87517145382624,0.35000000000000003,SAE,64.99999999999999,0.2605603833993276
40996,268.67075498898816,12.624739923090427,0.6957875092824302,0.05014860214303985,0.8763000285205313,0.4,AE,60.0,0.25789108872413635
40996,263.99958793322253,91.52734856960777,0.6301500002543131,0.007588274734808308,0.8819000019925838,0.4,DAE,60.0,0.2675437033176422
40996,294.23813573519385,31.79073769056089,0.6224273840586344,0.003151556314938072,0.8753571903566101,0.4,SAE,60.0,0.2606762647628784
40996,318.93521245320636,88.13129547841162,0.6606152852376302,0.04276473500608656,0.8780428799498958,0.45,AE,55.00000000000001,0.257936288913091
40996,246.30419103304538,35.01222803758308,0.6234040260314941,0.01326795400771733,0.8821286017881902,0.45,DAE,55.00000000000001,0.267719825108846
40996,273.0534380276997,47.9892354234507,0.6173519293467203,0.0014979222658690616,0.8766143309694002,0.45,SAE,55.00000000000001,0.2588786681493123
40996,266.0622957547505,26.107313291532396,0.7042831579844157,0.08246703191990422,0.8781714348481436,0.5,AE,50.0,0.2582663794358571
40996,304.82133499781287,61.06042243978757,0.6385874748229979,0.01687997522091959,0.8831285585239103,0.5,DAE,50.0,0.2681185305118561
40996,377.22435331344604,31.18536300229834,0.6330406665802002,0.009813731397680128,0.8773000495410473,0.5,SAE,50.0,0.2606821159521739
40996,286.8724170525868,104.31206577275455,0.656761089960734,0.015871171709954363,0.8783286209700387,0.55,AE,44.99999999999999,0.25749802589416504
40996,323.1542723178864,67.71928652315704,0.6663260459899902,0.009185854475292856,0.8818714234212456,0.55,DAE,44.99999999999999,0.2678396999835968
40996,246.8122297128041,31.92335445543323,0.6706933180491129,0.010094947349973028,0.8776857521944322,0.55,SAE,44.99999999999999,0.2597522437572479
40996,293.0170205434163,33.7460460909602,0.670514186223348,0.007928328856915764,0.8803143170935576,0.6000000000000001,AE,39.99999999999999,0.2585963507493337
40996,306.464248975118,15.76956679796358,0.6789228916168213,0.011396968520521687,0.8840857132180094,0.6000000000000001,DAE,39.99999999999999,0.2686187525590261
40996,299.48231824239093,131.34363498295428,0.6781318187713623,0.006217838237593588,0.8784143107663418,0.6000000000000001,SAE,39.99999999999999,0.25935136278470355
40996,204.10502529144287,20.37225842641361,0.6762686570485433,0.010536871147744356,0.881871445461747,0.6500000000000001,AE,34.999999999999986,0.25695057710011804
40996,284.069118976593,56.749853749147434,0.6778794924418131,0.001215927496952852,0.8854999940349831,0.6500000000000001,DAE,34.999999999999986,0.2682953377564748
40996,340.96950070063275,186.5483965402295,0.6909434000651041,0.006879773965708381,0.8792571560729773,0.6500000000000001,SAE,34.999999999999986,0.2589969535668691
40996,272.56655963261915,89.42776058867473,0.6977070172627767,0.01186885036242095,0.8799428862771115,0.7000000000000001,AE,29.999999999999993,0.2575024366378784
40996,247.08776513735447,58.37865631951933,0.7073706785837809,0.005733305992586125,0.8842571460751609,0.7000000000000001,DAE,29.999999999999993,0.2693368196487427
40996,303.41190727551776,6.864827802440977,0.7022762298583984,0.005295004111984001,0.8791714650522019,0.7000000000000001,SAE,29.999999999999993,0.25969119866689044
40996,358.48898204167676,59.02053737923436,0.7697890599568685,0.031467896352580925,0.8802143401544118,0.7500000000000001,AE,24.99999999999998,0.2576770981152852
40996,265.9677669207255,72.13830344225407,0.7770477135976156,0.007997023480294836,0.8831571456665546,0.7500000000000001,DAE,24.99999999999998,0.26919082800547284
40996,278.04693969090783,69.0328278613967,0.7929331461588541,0.007587304996284172,0.8787000328071639,0.7500000000000001,SAE,24.99999999999998,0.2601394355297089
40996,263.2246197064717,43.52038066688673,0.8308910528818766,0.023667278683050692,0.8806999983186771,0.8,AE,19.999999999999996,0.2574516832828522
40996,246.41611909866333,56.06484542463802,0.8087432384490967,0.013513655235707123,0.8831571487277353,0.8,DAE,19.999999999999996,0.26806971430778503
40996,283.2119850317638,86.60371550828306,0.8026926517486572,0.003528771916884476,0.8781285752563243,0.8,SAE,19.999999999999996,0.2604422171910604
40996,316.9141729672748,77.09453830584377,0.8266887664794922,0.006426183161525279,0.8821857497473243,0.8500000000000001,AE,14.999999999999991,0.2583588858445485
40996,215.9892566204071,47.10773217074604,0.8273924191792806,0.0037746326303857852,0.8847285936261028,0.8500000000000001,DAE,14.999999999999991,0.2690448462963104
40996,346.09004290898633,70.0012283343531,0.826242208480835,0.020815418198521243,0.8791000299502252,0.8500000000000001,SAE,14.999999999999991,0.2588972747325897
40996,336.0694689750672,100.56660279700407,0.8725540637969971,0.004951112165529082,0.8804428903588898,0.9000000000000001,AE,9.999999999999986,0.25832298398017883
40996,281.15582426389057,100.94586662638227,0.8985129197438558,0.037128717610220935,0.8849142879121784,0.9000000000000001,DAE,9.999999999999986,0.26961541175842285
40996,299.8841524124145,44.427451489325954,0.9033547242482504,0.024730749009728176,0.8795428811749804,0.9000000000000001,SAE,9.999999999999986,0.2598808606465657
40996,293.00722495714825,24.48075303663243,0.9131284554799398,0.0074860439886914095,0.8790714489299424,0.95,AE,4.999999999999993,0.2588943541049957
40996,287.1128138701121,79.73664982763141,0.920452038447062,0.010794992776196072,0.8826285850539395,0.95,DAE,4.999999999999993,0.2689504822095235
40996,339.1981100241344,106.85308029830729,0.9612144629160564,0.008320131716891619,0.8792857628071786,0.95,SAE,4.999999999999993,0.2615431745847066
40996,249.96338526407882,23.20206434220952,0.9575657844543456,0.02441374472213229,0.8830285895438346,1.0,AE,0.0,0.2579985360304515
40996,331.3505149682362,50.215765560242005,0.958746592203776,0.027043421494385725,0.8834143013807617,1.0,DAE,0.0,0.2691602011521657
40996,325.16031781832385,10.084769761427733,0.9745398362477622,0.03317928026521225,0.8812428772981785,1.0,SAE,0.0,0.26130523284276325
40996,259.5525494416554,48.386459720491075,1.0699184735616047,0.031887929432824265,0.880742856686024,1.05,AE,-5.000000000000004,0.2592559556166331
40996,276.9247015317281,36.79988023425987,1.0689613024393718,0.019363097968700786,0.8828714364826916,1.05,DAE,-5.000000000000004,0.2698652346928914
40996,337.93132297197985,81.54650757293629,1.0838838418324788,0.00811236645941601,0.8793571556648607,1.05,SAE,-5.000000000000004,0.2608468333880107
40996,289.4462628364563,65.51447668777672,1.080036163330078,0.022293765684300068,0.8794000317870562,1.1,AE,-9.999999999999986,0.25877413153648376
40996,235.6151557763417,18.52793032056539,1.1054866313934326,0.02628227194252719,0.8835428581157179,1.1,DAE,-9.999999999999986,0.26979079842567444
40996,306.1840781370799,73.31581453670512,1.127557118733724,0.015647613254794874,0.8791285552570182,1.1,SAE,-9.999999999999986,0.2592686315377553
40996,233.54002062479648,58.40747600822645,1.0813304583231609,0.05287715527180141,0.8800714534200823,1.15,AE,-14.999999999999991,0.25885889927546185
40996,260.4631315072377,101.07183013068857,1.0898302396138508,0.010572454363811679,0.8821428613804059,1.15,DAE,-14.999999999999991,0.2699349323908488
40996,386.0417710145314,153.15203256202346,1.128911018371582,0.019849265346518628,0.8819714677063679,1.15,SAE,-14.999999999999991,0.2598177790641785
40996,240.17730657259625,76.99185806498609,1.148603439331055,0.05029445301779989,0.8801000172977528,1.2000000000000002,AE,-20.000000000000018,0.25982635219891864
40996,216.5388017495473,56.703983741348345,1.1226459344228108,0.015314484994757587,0.8825571879106041,1.2000000000000002,DAE,-20.000000000000018,0.2700174152851105
40996,370.71901774406433,61.812356905511045,1.135778268178304,0.0012323620936162648,0.8794999946447705,1.2000000000000002,SAE,-20.000000000000018,0.26063547531763714
40996,334.10935624440515,78.4721407018179,1.1211798985799153,0.017854074405022,0.8820143224002982,1.2500000000000002,AE,-25.00000000000002,0.2596767246723175
40996,337.9415358702342,52.75519265019555,1.1428266366322837,0.00574433220366208,0.8846857340342836,1.2500000000000002,DAE,-25.00000000000002,0.27120549480120343
40996,372.3053003152211,106.82472245336832,1.175336837768555,0.01740674697139884,0.8792000454602485,1.2500000000000002,SAE,-25.00000000000002,0.2620538572470347
40996,308.9721220334372,41.64907340284596,1.1480576992034912,0.05456083972532711,0.8812143305631203,1.3,AE,-30.000000000000004,0.2595748106638591
40996,407.6858531634014,134.9805328515999,1.1609151363372805,0.031405049202800364,0.8839571509729277,1.3,DAE,-30.000000000000004,0.2710067431131999
40996,358.4402642250061,167.89439531440192,1.214385747909546,0.014743139674563584,0.8817428924002076,1.3,SAE,-30.000000000000004,0.2601448098818461
40996,314.45538385709125,31.832457197059025,1.183497190475464,0.013422872698003921,0.8800714497466654,1.35,AE,-35.00000000000001,0.2585630714893341
40996,388.539499203364,48.69376401739742,1.1841951211293538,0.023942088068681814,0.8840428989316654,1.35,DAE,-35.00000000000001,0.2706380585829417
40996,482.4634734789531,143.82604394211813,1.2591032187143962,0.0248612831989766,0.880257167297715,1.35,SAE,-35.00000000000001,0.26148629188537603
40996,319.48388687769574,41.83190722050474,1.1830355326334636,0.031437059601430214,0.8796285740324642,1.4,AE,-39.99999999999999,0.2605406939983368
40996,379.85237058003736,126.93812286571695,1.2177574634552002,0.056148226285713004,0.8821428650538229,1.4,DAE,-39.99999999999999,0.2719087898731232
40996,323.8874813715617,19.774037467325687,1.235135793685913,0.022828479027923683,0.8790142728079453,1.4,SAE,-39.99999999999999,0.26073352495829266
40996,247.5551784833273,43.474030037908754,1.2292895317077637,0.011843523302175014,0.8817286156653797,1.4500000000000002,AE,-45.00000000000004,0.2599526445070903
40996,304.5557604630788,148.031181803421,1.1673236687978108,0.015342362566035897,0.8842571197490064,1.4500000000000002,DAE,-45.00000000000004,0.2703855236371358
40996,369.4107539653778,89.97717695962147,1.2602868874867756,0.04085818459601938,0.8812714797467267,1.4500000000000002,SAE,-45.00000000000004,0.2617510755856832
40996,501.5884519418081,22.44543494550376,1.27163561185201,0.025875996154595425,0.8798286099504001,1.5000000000000002,AE,-50.00000000000004,0.2610178391138713
40996,319.66854715347284,133.0974153736755,1.2394564151763916,0.015202928531969325,0.8823571611762105,1.5000000000000002,DAE,-50.00000000000004,0.27186142404874164
40996,364.1565624872844,101.00442710360943,1.2713572978973389,0.02974837405328836,0.8800428172985458,1.5000000000000002,SAE,-50.00000000000004,0.2609715263048808
40996,403.2825903892517,82.75964656847599,1.276830832163493,0.014699281062467297,0.8799142972977587,1.55,AE,-55.00000000000001,0.2616479794184367
40996,336.2180443604787,59.932315043790176,1.239782174428304,0.04140927816117685,0.8820143077066304,1.55,DAE,-55.00000000000001,0.2723731497923533
40996,544.7649416923523,162.81690146981384,1.2759770552317302,0.015124446514720726,0.8807429215830561,1.55,SAE,-55.00000000000001,0.2621331910292308
40996,428.80549105008436,80.16586383789816,1.2710233529408772,0.029620625664792444,0.8796857226038345,1.6,AE,-60.00000000000001,0.26258740822474164
40996,273.6141991615296,11.328371256165507,1.31706436475118,0.026130502659429004,0.8813428891347849,1.6,DAE,-60.00000000000001,0.2717351118723552
40996,485.9369743665058,65.96256079533673,1.3464554945627851,0.031730031061033274,0.8817142770947003,1.6,SAE,-60.00000000000001,0.26374563574790955
40996,286.15266760190326,41.77242023623719,1.2724380493164062,0.0057684275968189255,0.8815285932166391,1.65,AE,-64.99999999999999,0.26033686598141986
40996,333.78962635993963,63.008675816982795,1.3056342601776123,0.0065747705251665975,0.8808714030129656,1.65,DAE,-64.99999999999999,0.27218249440193176
40996,435.58912364641833,87.51946405829933,1.3108341693878174,0.01907609768813155,0.8827428987270561,1.65,SAE,-64.99999999999999,0.26167481144269306
40996,448.99184958140063,94.52443382270646,1.280657688776652,0.021713038038678002,0.8801428591347237,1.7000000000000002,AE,-70.00000000000001,0.2601016163825989
40996,359.2124222119648,64.08465072626669,1.309545914332072,0.03166203160977838,0.8808428513800179,1.7000000000000002,DAE,-70.00000000000001,0.2721377114454905
40996,496.23238587379456,94.52801906928538,1.3906069596608477,0.0457540506920405,0.8817286009717121,1.7000000000000002,SAE,-70.00000000000001,0.2626694242159526
40996,257.59651533762616,25.369425460137485,1.3797249794006348,0.06385990749532809,0.8820999962784614,1.7500000000000002,AE,-75.0,0.2620196938514709
40996,476.4366246064503,68.35334832529749,1.3108677069346109,0.026686988523703558,0.8790714526033594,1.7500000000000002,DAE,-75.0,0.27316512664159137
40996,383.06469885508216,89.56578442928854,1.3796747525533035,0.016675973522696282,0.8809285956653389,1.7500000000000002,SAE,-75.0,0.2662556370099385
40996,311.72287750244135,60.220312028425425,1.3291581471761067,0.04466289219640393,0.8807714175025138,1.8,AE,-79.99999999999999,0.26082706451416016
40996,355.5106770992279,10.318472515311537,1.3546509742736816,0.01692495048183227,0.879757152195686,1.8,DAE,-79.99999999999999,0.2722183664639791
40996,308.71766599019367,24.731810965132052,1.3536512056986492,0.013140395903691955,0.8823142519932631,1.8,SAE,-79.99999999999999,0.2652465502421061
40996,274.7415781815846,25.115294303372888,1.3273632526397705,0.032276881860396164,0.8828571499520853,1.85,AE,-85.00000000000003,0.261572927236557
40996,357.8169821103413,99.39542347051369,1.3270095189412434,0.020225222406634345,0.8818856701565021,1.85,DAE,-85.00000000000003,0.2742638885974884
40996,448.9048569997152,11.985759970888864,1.3834098180135088,0.007751226004310952,0.8817143542364555,1.85,SAE,-85.00000000000003,0.26936195294062304
40996,295.4207961559296,27.954386992477986,1.4097795486450195,0.0384074948936927,0.8798714089308404,1.9,AE,-90.00000000000001,0.2614720066388448
40996,402.1979366938273,66.86076311392573,1.4159912268320718,0.03611612845176502,0.8788143140317647,1.9,DAE,-90.00000000000001,0.272746483484904
40996,480.75523241360986,29.563722404142474,1.4127581914265948,0.02159863719833166,0.8821999762787879,1.9,SAE,-90.00000000000001,0.26318663358688354
40996,404.95556298891717,149.03562838809768,1.4445787270863848,0.014045857646887702,0.8810142983186013,1.95,AE,-94.99999999999997,0.26055019100507104
40996,250.1746168931325,22.816984211659666,1.464428186416626,0.03266158619724025,0.881700055461126,1.95,DAE,-94.99999999999997,0.2756080726782481
40996,396.94231239954627,102.91413784105184,1.5100518862406414,0.017861298409020177,0.8826428856659773,1.95,SAE,-94.99999999999997,0.2651536663373311
40996,367.2462991873424,87.27462148270929,1.4850934346516926,0.011290135979576841,0.8809142840330503,2.0,AE,-100.0,0.2615513801574707
40996,521.7175279458364,73.16127847563419,1.4895874659220378,0.039837779912922935,0.8808143040327238,2.0,DAE,-100.0,0.27365759015083313
40996,553.4743533929188,101.25950079492428,1.5153595606486003,0.04058173535407538,0.8819428983185723,2.0,SAE,-100.0,0.26466240485509235
