,Unnamed: 0,dataset_id,transformer,clf,noise_level,split0_test_accuracy,split1_test_accuracy,split2_test_accuracy,mean_test_accuracy
0,0,40996,VAE,LogisticRegression,5.0,0.8328190623125054,0.8372262460892298,0.8401834311918742,0.8367429131978699
1,1,40996,VAE,GaussianNB,5.0,0.6400959972572212,0.6399948570693867,0.6480949727853255,0.6427286090373112
2,2,40996,VAE,KNeighborsClassifier,5.0,0.8320047998628609,0.8307975828226117,0.8313975913941628,0.8313999913598785
3,3,40996,VAE,DecisionTreeClassifier,5.0,0.7228936316105254,0.719324561779454,0.7272532464749496,0.723157146621643
4,4,40996,SAE,LogisticRegression,5.0,0.8398474329304877,0.842240603437192,0.8405691509878712,0.8408857291185171
5,5,40996,SAE,GaussianNB,5.0,0.7152224222165081,0.725367505250075,0.7281532593322761,0.7229143955996197
6,6,40996,SAE,KNeighborsClassifier,5.0,0.8178623467900917,0.8207688681266875,0.8193974199631423,0.8193428782933072
7,7,40996,SAE,DecisionTreeClassifier,5.0,0.7236650381417674,0.7270818154545065,0.7245103501478593,0.7250857345813776
8,8,40996,DAE,LogisticRegression,5.0,0.8538184623296478,0.8532121887455535,0.8544550636437663,0.8538285715729893
9,9,40996,DAE,GaussianNB,5.0,0.7483071912231078,0.7425963228046115,0.7492821326018944,0.746728548876538
10,10,40996,DAE,KNeighborsClassifier,5.0,0.8521899374303591,0.8523121758882269,0.854540779153988,0.8530142974908579
11,11,40996,DAE,DecisionTreeClassifier,5.0,0.7421787948915746,0.7405391505592938,0.7495821368876698,0.7441000274461794
12,12,40996,AE,LogisticRegression,5.0,0.8428902031370532,0.8415548793554194,0.8434406205802941,0.8426285676909222
13,13,40996,AE,GaussianNB,5.0,0.7375503557041228,0.7263532336176232,0.7447392105601509,0.7362142666272989
14,14,40996,AE,KNeighborsClassifier,5.0,0.8448187194651582,0.8466978099687138,0.8402691467020957,0.8439285587119892
15,15,40996,AE,DecisionTreeClassifier,5.0,0.7003514185308991,0.7110530150430721,0.7073672481035443,0.7062572272258385
16,16,40996,None,LogisticRegression,5.0,0.8224050741407388,0.8181545450649295,0.8208545836369091,0.8204714009475258
17,17,40996,None,GaussianNB,5.0,0.6908374046455815,0.6939099129987572,0.6954956499378563,0.6934143225273983
18,18,40996,None,KNeighborsClassifier,5.0,0.833547612925345,0.8312690181288304,0.8298547122101745,0.8315571144214499
19,19,40996,None,DecisionTreeClassifier,5.0,0.7342933059055455,0.7356533664766639,0.7382676895384219,0.7360714539735437
20,20,40996,VAE,LogisticRegression,10.0,0.8240335990400274,0.8248832126173231,0.8202974328204689,0.8230714148259398
21,21,40996,VAE,GaussianNB,10.0,0.6022113653895603,0.6463378048257832,0.6210945870655296,0.623214585760291
22,22,40996,VAE,KNeighborsClassifier,10.0,0.8218908031199108,0.8244117773111045,0.8218403120044572,0.8227142974784908
23,23,40996,VAE,DecisionTreeClassifier,10.0,0.709651152824205,0.7042386319804569,0.7093815625937513,0.707757115799471
24,24,40996,SAE,LogisticRegression,10.0,0.8233050484271878,0.8239403420048858,0.8257403677195388,0.8243285860505375
25,25,40996,SAE,GaussianNB,10.0,0.6594240164566727,0.6855097929970428,0.6600094287061243,0.6683144127199466
26,26,40996,SAE,KNeighborsClassifier,10.0,0.7477072083654752,0.7497107101530022,0.7487249817854541,0.7487143001013105
27,27,40996,SAE,DecisionTreeClassifier,10.0,0.6946515813833891,0.7050529293275618,0.7023100330004715,0.700671514570474
28,28,40996,DAE,LogisticRegression,10.0,0.8361618239478872,0.8378262546607809,0.8401834311918742,0.8380571699335141
29,29,40996,DAE,GaussianNB,10.0,0.746764378160624,0.7367248103544336,0.7499678566836671,0.7444856817329081
30,30,40996,DAE,KNeighborsClassifier,10.0,0.8316619525156425,0.8307547250675009,0.8332404748639266,0.8318857174823565
31,31,40996,DAE,DecisionTreeClassifier,10.0,0.7164652438501757,0.721124587494107,0.7182531179016843,0.7186143164153224
32,32,40996,AE,LogisticRegression,10.0,0.8242907345504414,0.826126087515536,0.8274546779239703,0.8259571666633159
33,33,40996,AE,GaussianNB,10.0,0.7173652181366247,0.7223674623923199,0.735824797497107,0.7251858260086839
34,34,40996,AE,KNeighborsClassifier,10.0,0.8197480071997942,0.8144687781254017,0.8165688081258303,0.8169285311503421
35,35,40996,AE,DecisionTreeClassifier,10.0,0.658952601354247,0.6818240260575151,0.6710238717695967,0.6706001663937862
36,36,40996,None,LogisticRegression,10.0,0.8074483586183252,0.8066258089401277,0.8075258217974542,0.8071999964519692
37,37,40996,None,GaussianNB,10.0,0.6767378074912145,0.6833240474863926,0.6803668623837483,0.6801429057871186
38,38,40996,None,KNeighborsClassifier,10.0,0.8146481529099169,0.8163116615951657,0.8193117044529208,0.8167571729860011
39,39,40996,None,DecisionTreeClassifier,10.0,0.6911802519928002,0.6940813440192003,0.6954099344276347,0.6935571768132117
40,40,40996,VAE,LogisticRegression,15.000000000000002,0.8096340104568441,0.812411605880084,0.8169545279218274,0.8130000480862519
41,41,40996,VAE,GaussianNB,15.000000000000002,0.6371817948058627,0.5964942356319376,0.6124373205331505,0.615371116990317
42,42,40996,VAE,KNeighborsClassifier,15.000000000000002,0.8076197822919345,0.8085115501650023,0.812411605880084,0.8095143127790069
43,43,40996,VAE,DecisionTreeClassifier,15.000000000000002,0.6993657324076455,0.7025671795311361,0.7032529036129087,0.7017286051838969
44,44,40996,SAE,LogisticRegression,15.000000000000002,0.8138338904602725,0.8098829983285476,0.8130973299618566,0.8122714062502255
45,45,40996,SAE,GaussianNB,15.000000000000002,0.5831404817005228,0.5915227360390862,0.5760510864440921,0.5835714347279004
46,46,40996,SAE,KNeighborsClassifier,15.000000000000002,0.7085368989457445,0.7095101358590837,0.713281618308833,0.7104428843712204
47,47,40996,SAE,DecisionTreeClassifier,15.000000000000002,0.6843233050484272,0.6879955427934685,0.6861098015685938,0.6861428831368298
48,48,40996,DAE,LogisticRegression,15.000000000000002,0.8232621925087855,0.8220117430249003,0.8294689924141774,0.8249143093159544
49,49,40996,DAE,GaussianNB,15.000000000000002,0.7214365303848461,0.7189388419834569,0.729610423006043,0.7233285984581154
50,50,40996,DAE,KNeighborsClassifier,15.000000000000002,0.7979772006514101,0.7907255817940256,0.7987399819997428,0.7958142548150594
51,51,40996,DAE,DecisionTreeClassifier,15.000000000000002,0.7012942487357504,0.7078815411648738,0.7132387605537222,0.7074715168181155
52,52,40996,AE,LogisticRegression,15.000000000000002,0.8142624496442958,0.8119401705738654,0.8161830883298333,0.8141285695159981
53,53,40996,AE,GaussianNB,15.000000000000002,0.7140653124196451,0.6796811383019757,0.6723096044229203,0.6886853517148471
54,54,40996,AE,KNeighborsClassifier,15.000000000000002,0.7511356818376618,0.7637251960742296,0.7330390434149059,0.7492999737755991
55,55,40996,AE,DecisionTreeClassifier,15.000000000000002,0.6498242907345504,0.6336090515578794,0.6307375819654566,0.6380569747526288
56,56,40996,None,LogisticRegression,15.000000000000002,0.7967343790177424,0.7950970728153259,0.8037971971028157,0.798542882978628
57,57,40996,None,GaussianNB,15.000000000000002,0.657924059312591,0.6600951442163461,0.6623237474821069,0.6601143170036813
58,58,40996,None,KNeighborsClassifier,15.000000000000002,0.7890631696237249,0.791668452406463,0.787425534650495,0.7893857188935609
59,59,40996,None,DecisionTreeClassifier,15.000000000000002,0.659081169109454,0.661080872583894,0.6674666780954014,0.6625429065962498
60,60,40996,VAE,LogisticRegression,20.0,0.8024770720836547,0.8044829211845883,0.8042257746539236,0.8037285893073888
61,61,40996,VAE,GaussianNB,20.0,0.6475100711408246,0.6150516435949085,0.6674666780954014,0.6433427976103782
62,62,40996,VAE,KNeighborsClassifier,20.0,0.7997771492243079,0.8020828868983843,0.8000257146530665,0.8006285835919197
63,63,40996,VAE,DecisionTreeClassifier,20.0,0.6925516413816748,0.7042386319804569,0.7000814297347105,0.6989572343656141
64,64,40996,SAE,LogisticRegression,20.0,0.8019199451444244,0.8072686752667895,0.8034543350619294,0.8042143184910477
65,65,40996,SAE,GaussianNB,20.0,0.4946858661181109,0.5055500792868469,0.511378733981914,0.5038715597956239
66,66,40996,SAE,KNeighborsClassifier,20.0,0.6851375674980715,0.67719538850555,0.6853812197317104,0.6825713919117774
67,67,40996,SAE,DecisionTreeClassifier,20.0,0.6659809719722294,0.6696524236060515,0.6755239360562294,0.6703857772115035
68,68,40996,DAE,LogisticRegression,20.0,0.8136624667866632,0.8205545793511336,0.8109115844512065,0.815042876863001
69,69,40996,DAE,GaussianNB,20.0,0.6824805005571272,0.6912955899369991,0.6836669095272789,0.6858143333404684
70,70,40996,DAE,KNeighborsClassifier,20.0,0.761892517356647,0.7577251103587194,0.7612823040329147,0.760299977249427
71,71,40996,DAE,DecisionTreeClassifier,20.0,0.6825233564755293,0.6974242489178417,0.6974671066729524,0.6924715706887744
72,72,40996,AE,LogisticRegression,20.0,0.8016199537156081,0.8031114730210431,0.8000685724081773,0.8015999997149429
73,73,40996,AE,GaussianNB,20.0,0.660623982171938,0.6505378648266403,0.6305232931899027,0.647228380062827
74,74,40996,AE,KNeighborsClassifier,20.0,0.6893803034199023,0.6715381648309262,0.6789096987099815,0.6799427223202701
75,75,40996,AE,DecisionTreeClassifier,20.0,0.6145538698894317,0.6232803325761797,0.6252089315561651,0.6210143780072588
76,76,40996,None,LogisticRegression,20.0,0.7894917288077483,0.7921398877126816,0.7865255217931685,0.7893857127711995
77,77,40996,None,GaussianNB,20.0,0.6273677894917288,0.6323661766596665,0.628251832169031,0.6293285994401421
78,78,40996,None,KNeighborsClassifier,20.0,0.7477929202022799,0.7468820983156902,0.7416963099472851,0.7454571094884184
79,79,40996,None,DecisionTreeClassifier,20.0,0.639538870317991,0.6356233660480864,0.6305232931899027,0.6352285098519933
80,80,40996,VAE,LogisticRegression,25.0,0.7945915830976258,0.7941542022028886,0.7928684695495649,0.7938714182833597
81,81,40996,VAE,GaussianNB,25.0,0.6262535356132682,0.6533664766639523,0.5838511978742553,0.6211570700504919
82,82,40996,VAE,KNeighborsClassifier,25.0,0.7877346361532528,0.7901684309775854,0.7878541122016028,0.7885857264441469
83,83,40996,VAE,DecisionTreeClassifier,25.0,0.6855661266820948,0.6864955213645909,0.6816954527921828,0.6845857002796228
84,84,40996,SAE,LogisticRegression,25.0,0.7892345932973344,0.7967685252646466,0.7937684824068916,0.7932572003229575
85,85,40996,SAE,GaussianNB,25.0,0.41334533299048604,0.4262632323318905,0.4452063600908585,0.4282716418044116
86,86,40996,SAE,KNeighborsClassifier,25.0,0.6713379617725208,0.6579951142159174,0.6990099858569409,0.6761143539484596
87,87,40996,SAE,DecisionTreeClassifier,25.0,0.6538956029827719,0.6609522993185617,0.6642952042172031,0.6597143688395123
88,88,40996,DAE,LogisticRegression,25.0,0.8018770892260221,0.8092829897569965,0.8067115244503493,0.805957201144456
89,89,40996,DAE,GaussianNB,25.0,0.6420673695037284,0.6403805768653837,0.6365662366605237,0.6396713943432121
90,90,40996,DAE,KNeighborsClassifier,25.0,0.715608125482129,0.7202674323918913,0.6979385419791712,0.7112713666177305
91,91,40996,DAE,DecisionTreeClassifier,25.0,0.6709094025884975,0.66956670809583,0.6750525007500107,0.6718428704781126
92,92,40996,AE,LogisticRegression,25.0,0.7888488900317134,0.79749710710153,0.7938970556722239,0.7934143509351558
93,93,40996,AE,GaussianNB,25.0,0.6057684066169537,0.6482664038057686,0.6379376848240689,0.630657498415597
94,94,40996,AE,KNeighborsClassifier,25.0,0.6413816748092912,0.5721510307290104,0.6222517464535208,0.6119281506639408
95,95,40996,AE,DecisionTreeClassifier,25.0,0.5948830033427617,0.6224231774739639,0.6205374362490893,0.6126145390219383
96,96,40996,None,LogisticRegression,25.0,0.7782206222679352,0.7834826211803025,0.7804825783225474,0.7807286072569283
97,97,40996,None,GaussianNB,25.0,0.5728550612839634,0.5793939913427335,0.5879655423648911,0.5800715316638626
98,98,40996,None,KNeighborsClassifier,25.0,0.6873232193365904,0.6958813697338534,0.6869669566708095,0.6900571819137511
99,99,40996,None,DecisionTreeClassifier,25.0,0.6087254649867146,0.6132087601251447,0.6136801954313633,0.6118714735144076
100,100,40996,VAE,LogisticRegression,30.0,0.7894060169709437,0.7867398105687224,0.7833111901598594,0.7864856725665085
101,101,40996,VAE,GaussianNB,30.0,0.5517699494300163,0.6503235760510865,0.6137230531864741,0.6052721928891923
102,102,40996,VAE,KNeighborsClassifier,30.0,0.7807491214536727,0.7765825226074659,0.7777396819954571,0.7783571086855319
103,103,40996,VAE,DecisionTreeClassifier,30.0,0.6824376446387246,0.6678095401362877,0.6735524793211332,0.6745998880320485
104,104,40996,SAE,LogisticRegression,30.0,0.7883346190108854,0.7832254746496379,0.7833969056700809,0.7849856664435347
105,105,40996,SAE,GaussianNB,30.0,0.3863032484786149,0.3913341619165988,0.3748339261989457,0.3841571121980532
106,106,40996,SAE,KNeighborsClassifier,30.0,0.6999657152652782,0.6653666480949728,0.6392662752325033,0.6681995461975848
107,107,40996,SAE,DecisionTreeClassifier,30.0,0.6500814262449645,0.6570093858483692,0.6556379376848239,0.6542429165927192
108,108,40996,DAE,LogisticRegression,30.0,0.7974200737121796,0.7956113658766554,0.793468478121116,0.7954999725699836
109,109,40996,DAE,GaussianNB,30.0,0.6385960401131396,0.6283804054343634,0.5897227103244332,0.6188997186239787
110,110,40996,DAE,KNeighborsClassifier,30.0,0.7049370017999486,0.6745382076886812,0.6791668452406463,0.686214018243092
111,111,40996,DAE,DecisionTreeClassifier,30.0,0.6677809205451273,0.6564522350319291,0.6523378905412934,0.6588570153727833
112,112,40996,AE,LogisticRegression,30.0,0.7849490014571012,0.7845112073029614,0.7812540179145416,0.7835714088915348
113,113,40996,AE,GaussianNB,30.0,0.5387846061541098,0.559336561950885,0.6336519093129902,0.5772576924726617
114,114,40996,AE,KNeighborsClassifier,30.0,0.5860118282334791,0.5170788154116487,0.5433077615394506,0.5487994683948595
115,115,40996,AE,DecisionTreeClassifier,30.0,0.5885403274192166,0.5950370719581708,0.5878798268546693,0.5904857420773522
116,116,40996,None,LogisticRegression,30.0,0.7744493014485301,0.7763682338319119,0.7717824540350576,0.7741999964384999
117,117,40996,None,GaussianNB,30.0,0.5366418102339933,0.536364805211503,0.5367933827626109,0.5365999994027023
118,118,40996,None,KNeighborsClassifier,30.0,0.6220107996914374,0.6186516950242146,0.6132516178802554,0.6179713708653024
119,119,40996,None,DecisionTreeClassifier,30.0,0.5972829347732922,0.5984656923670338,0.5909655852226461,0.5955714041209906
120,120,40996,VAE,LogisticRegression,35.0,0.7779634867575212,0.7757253675052501,0.7704538636266233,0.7747142392964649
121,121,40996,VAE,GaussianNB,35.0,0.5859261163966744,0.557322247460678,0.5707795825654652,0.5713426488076059
122,122,40996,VAE,KNeighborsClassifier,35.0,0.7708065483843318,0.7655252217888827,0.7680109715853084,0.7681142472528409
123,123,40996,VAE,DecisionTreeClassifier,35.0,0.6703951315676695,0.6715381648309262,0.6692667038100544,0.67040000006955
124,124,40996,SAE,LogisticRegression,35.0,0.7738921745092997,0.7736681952599322,0.7774825354647924,0.7750143017446748
125,125,40996,SAE,GaussianNB,35.0,0.3436187537498929,0.3604337204817212,0.3786482664038058,0.3609002468784733
126,126,40996,SAE,KNeighborsClassifier,35.0,0.6760092568783749,0.6917670252432178,0.6935670509578709,0.6871144443598212
127,127,40996,SAE,DecisionTreeClassifier,35.0,0.6400102854204166,0.6368662409462992,0.6390091287018386,0.6386285516895182
128,128,40996,DAE,LogisticRegression,35.0,0.7851632810491129,0.7911113015900227,0.7880684009771568,0.7881143278720976
129,129,40996,DAE,GaussianNB,35.0,0.6223107911202537,0.6190802725753225,0.6237089101272876,0.6216999912742879
130,130,40996,DAE,KNeighborsClassifier,35.0,0.6499957144081597,0.6500664295204217,0.662709467278104,0.6542572037355618
131,131,40996,DAE,DecisionTreeClassifier,35.0,0.6486671809376875,0.6567950970728154,0.6478378262546608,0.6511000347550545
132,132,40996,AE,LogisticRegression,35.0,0.7745350132853347,0.7765396648523549,0.7761110873012471,0.7757285884796458
133,133,40996,AE,GaussianNB,35.0,0.4587726064969572,0.5704795782796898,0.5031929027557537,0.5108150291774668
134,134,40996,AE,KNeighborsClassifier,35.0,0.4805434130453416,0.4868212403034329,0.500921441734882,0.4894286983612188
135,135,40996,AE,DecisionTreeClassifier,35.0,0.5700265706694094,0.5790082715467364,0.5766082372605323,0.5752143598255594
136,136,40996,None,LogisticRegression,35.0,0.7641638810319705,0.7654395062786611,0.7662538036257661,0.7652857303121325
137,137,40996,None,GaussianNB,35.0,0.4470300848547185,0.4743496335661938,0.4520636009085844,0.4578144397764989
138,138,40996,None,KNeighborsClassifier,35.0,0.5667266649524301,0.5656795097072815,0.5785368362405178,0.5703143369667432
139,139,40996,None,DecisionTreeClassifier,35.0,0.5826262106796949,0.5855226503235761,0.5914370205288647,0.5865286271773785
140,140,40996,VAE,LogisticRegression,40.0,0.7669066598097197,0.7668538121973171,0.7580679723996057,0.7639428148022142
141,141,40996,VAE,GaussianNB,40.0,0.6235107568355189,0.5609222988899841,0.6130373291047015,0.5991567949434016
142,142,40996,VAE,KNeighborsClassifier,40.0,0.7525927830633411,0.7514250203574336,0.7491107015814512,0.7510428350007421
143,143,40996,VAE,DecisionTreeClassifier,40.0,0.6566383817605211,0.6525950370719582,0.6505807225817511,0.6532713804714101
144,144,40996,SAE,LogisticRegression,40.0,0.7690065998114339,0.7675823940342005,0.7656966528093259,0.7674285488849867
145,145,40996,SAE,GaussianNB,40.0,0.3460615410988257,0.320361719453135,0.315947370676724,0.3274568770762282
146,146,40996,SAE,KNeighborsClassifier,40.0,0.6828662038227479,0.670766725238932,0.6411520164573778,0.6649283151730193
147,147,40996,SAE,DecisionTreeClassifier,40.0,0.6286534670437988,0.6241803454335062,0.6339090558436549,0.6289142894403199
148,148,40996,DAE,LogisticRegression,40.0,0.7779206308391189,0.7792397034243347,0.7770968156687953,0.778085716644083
149,149,40996,DAE,GaussianNB,40.0,0.6332390503128482,0.6339519135987657,0.5841940599151416,0.6171283412755851
150,150,40996,DAE,KNeighborsClassifier,40.0,0.667480929116311,0.6455663652337891,0.6108944413491622,0.6413139118997541
151,151,40996,DAE,DecisionTreeClassifier,40.0,0.6415530984829005,0.6379805425791797,0.6341662023743196,0.6378999478121332
152,152,40996,AE,LogisticRegression,40.0,0.7702494214451016,0.7665538079115416,0.7681824026057515,0.7683285439874649
153,153,40996,AE,GaussianNB,40.0,0.4799434301877089,0.5309647280675438,0.5055072215317362,0.5054717932623296
154,154,40996,AE,KNeighborsClassifier,40.0,0.4480586268963744,0.4508635837654824,0.4586208374405349,0.4525143493674639
155,155,40996,AE,DecisionTreeClassifier,40.0,0.5403702751349961,0.5711653023614623,0.5762225174645352,0.5625860316536646
156,156,40996,None,LogisticRegression,40.0,0.7582926202108511,0.7564393777053958,0.7547250675009644,0.7564856884724037
157,157,40996,None,GaussianNB,40.0,0.4042170223707894,0.3605194359919428,0.3634337633394763,0.3760567405674029
158,158,40996,None,KNeighborsClassifier,40.0,0.5235278992028799,0.5090215574508207,0.5092358462263746,0.5139284342933584
159,159,40996,None,DecisionTreeClassifier,40.0,0.5731979086311819,0.5733510478721124,0.5697081386876955,0.5720856983969966
160,160,40996,VAE,LogisticRegression,45.0,0.7539213165338133,0.7602965756653667,0.753782196888527,0.7560000296959023
161,161,40996,VAE,GaussianNB,45.0,0.5914973857889775,0.5899798568550979,0.5572793897055672,0.5795855441165475
162,162,40996,VAE,KNeighborsClassifier,45.0,0.7358789748864318,0.7391248446406378,0.7368533836197659,0.7372857343822785
163,163,40996,VAE,DecisionTreeClassifier,45.0,0.6406959801148538,0.6477092529893285,0.6498949984999786,0.6461000772013868
164,164,40996,SAE,LogisticRegression,45.0,0.7517356646952944,0.7593108472978185,0.7544250632151888,0.7551571917361005
165,165,40996,SAE,GaussianNB,45.0,0.31353389903145623,0.3058329404705781,0.31371876741096305,0.3110285356376658
166,166,40996,SAE,KNeighborsClassifier,45.0,0.6551384246164396,0.6709381562593751,0.6567950970728154,0.6609572259828767
167,167,40996,SAE,DecisionTreeClassifier,45.0,0.6307962629639153,0.6231089015557365,0.621394591351305,0.6250999186236522
168,168,40996,DAE,LogisticRegression,45.0,0.7668209479729151,0.7727681824026057,0.7686966956670809,0.7694286086808674
169,169,40996,DAE,GaussianNB,45.0,0.6142967343790178,0.6241803454335062,0.5997085672652467,0.6127285490259236
170,170,40996,DAE,KNeighborsClassifier,45.0,0.6254821290820263,0.6207517250246433,0.6370376719667424,0.6277571753578041
171,171,40996,DAE,DecisionTreeClassifier,45.0,0.6298105768406617,0.6354090772725325,0.6289375562508036,0.6313857367879993
172,172,40996,AE,LogisticRegression,45.0,0.7561069683723323,0.7649252132173316,0.7581536879098273,0.759728623166497
173,173,40996,AE,GaussianNB,45.0,0.5821547955772692,0.5126644666352377,0.5302361462306604,0.5416851361477225
174,174,40996,AE,KNeighborsClassifier,45.0,0.40391703094197307,0.4103201474306776,0.4228774696781383,0.4123715493502629
175,175,40996,AE,DecisionTreeClassifier,45.0,0.5628267763778178,0.5574508207260104,0.5476363948056401,0.5559713306364894
176,176,40996,None,LogisticRegression,45.0,0.746121539384589,0.7495392791325591,0.7501392877041101,0.7486000354070859
177,177,40996,None,GaussianNB,45.0,0.32471929373446473,0.3175331076158231,0.2945613508764411,0.312271250742243
178,178,40996,None,KNeighborsClassifier,45.0,0.4470729407731208,0.4523636051943599,0.4546779239703425,0.4513714899792744
179,179,40996,None,DecisionTreeClassifier,45.0,0.5588411759664009,0.5618651695024215,0.5585651223588909,0.5597571559425711
180,180,40996,VAE,LogisticRegression,50.0,0.7454358446901517,0.7377533964770925,0.7446106372948185,0.7425999594873542
181,181,40996,VAE,GaussianNB,50.0,0.5766692380217708,0.5979085415505936,0.6003085758367976,0.5916287851363874
182,182,40996,VAE,KNeighborsClassifier,50.0,0.7225507842633068,0.7139244846354947,0.7245960656580809,0.7203571115189608
183,183,40996,VAE,DecisionTreeClassifier,50.0,0.6213679609154024,0.6205802940042,0.6350662152316462,0.6256714900504162
184,184,40996,SAE,LogisticRegression,50.0,0.745735836118968,0.7430249003557193,0.7454249346419235,0.7447285570388703
185,185,40996,SAE,GaussianNB,50.0,0.3098482900488557,0.2943042043457764,0.3039471992457035,0.3026998978801119
186,186,40996,SAE,KNeighborsClassifier,50.0,0.6472529356304105,0.6423091758453692,0.6534093344190631,0.6476571486316143
187,187,40996,SAE,DecisionTreeClassifier,50.0,0.6073540755978399,0.6077229674709639,0.6126944670638153,0.6092571700442064
188,188,40996,DAE,LogisticRegression,50.0,0.7616353818462329,0.7541679166845241,0.7620108858697981,0.7592713948001851
189,189,40996,DAE,GaussianNB,50.0,0.6027684923287906,0.5648652123601766,0.6071229588994128,0.5915855545294599
190,190,40996,DAE,KNeighborsClassifier,50.0,0.63088197480072,0.6159945142073459,0.5967942399177131,0.6145569096419263
191,191,40996,DAE,DecisionTreeClassifier,50.0,0.6263821033684752,0.6172373891055587,0.6288089829854713,0.6241428251531683
192,192,40996,AE,LogisticRegression,50.0,0.7489500299991428,0.7465820940299147,0.7501392877041101,0.7485571372443892
193,193,40996,AE,GaussianNB,50.0,0.5249850004285592,0.4702352890755582,0.5380791154159346,0.5110998016400173
194,194,40996,AE,KNeighborsClassifier,50.0,0.3922173652181366,0.34761925170359576,0.3945056357947971,0.3781140842388431
195,195,40996,AE,DecisionTreeClassifier,50.0,0.5282849061455387,0.5229503278618266,0.5331504735781939,0.5281285691951864
196,196,40996,None,LogisticRegression,50.0,0.7417073797891489,0.7353105044357776,0.7419105987228389,0.7396428276492552
197,197,40996,None,GaussianNB,50.0,0.2410216850947116,0.2335747653537908,0.25950370719581706,0.24470005254810645
198,198,40996,None,KNeighborsClassifier,50.0,0.405588411759664,0.4100630009000129,0.4035486221231732,0.40640001159428335
199,199,40996,None,DecisionTreeClassifier,50.0,0.5540413131053399,0.5499935713367334,0.5462220888869841,0.5500856577763525
200,200,40668,VAE,LogisticRegression,5.0,0.6828011901061326,0.6773391358408455,0.6845774679159821,0.68157259795432
201,201,40668,VAE,GaussianNB,5.0,0.6210755362138638,0.6312891336204982,0.6155246680580843,0.6226297792974821
202,202,40668,VAE,KNeighborsClassifier,5.0,0.6796482969936498,0.6822683067631777,0.6743638705093477,0.6787601580887251
203,203,40668,VAE,DecisionTreeClassifier,5.0,0.5827523424663618,0.5979839246858208,0.5839069230427639,0.5882143967316488
204,204,40668,SAE,LogisticRegression,5.0,0.689817487455038,0.6919046138816111,0.7029175363026777,0.6948798792131089
205,205,40668,SAE,GaussianNB,5.0,0.6411918824104089,0.676673031662152,0.6755184510857498,0.6644611217194369
206,206,40668,SAE,KNeighborsClassifier,5.0,0.6916825791553799,0.6764065899906745,0.6902615569075004,0.6861169086845184
207,207,40668,SAE,DecisionTreeClassifier,5.0,0.6120165193836316,0.6119721124383853,0.6114392290954305,0.6118092869724824
208,208,40668,DAE,LogisticRegression,5.0,0.6971890403659132,0.7031395710289089,0.7090012878014121,0.7031099663987447
209,209,40668,DAE,GaussianNB,5.0,0.6921710555530886,0.6969670056396821,0.7021182112882455,0.6970854241603387
210,210,40668,DAE,KNeighborsClassifier,5.0,0.7114436697899551,0.7142413073404681,0.7157067365335938,0.7137972378880058
211,211,40668,DAE,DecisionTreeClassifier,5.0,0.6128158443980638,0.6175229805941649,0.6111283804787069,0.6138224018236452
212,212,40668,AE,LogisticRegression,5.0,0.7031395710289089,0.6954127625560638,0.7062924641413917,0.7016149325754547
213,213,40668,AE,GaussianNB,5.0,0.7014077001643056,0.6873306985212487,0.6991429459567476,0.6959604482141007
214,214,40668,AE,KNeighborsClassifier,5.0,0.6955903903370487,0.6946578444868777,0.7015409210000444,0.6972630519413237
215,215,40668,AE,DecisionTreeClassifier,5.0,0.611528042985923,0.5960744260402326,0.6118388916026467,0.6064804535429341
216,216,40668,None,LogisticRegression,5.0,0.7285847506550024,0.7217016741418358,0.7256982992139971,0.7253282413369452
217,217,40668,None,GaussianNB,5.0,0.587681513388694,0.5903903370487145,0.5868821883742618,0.5883180129372234
218,218,40668,None,KNeighborsClassifier,5.0,0.7329810382343799,0.7383986855544207,0.738443092499667,0.7366076054294893
219,219,40668,None,DecisionTreeClassifier,5.0,0.6684133398463521,0.6706336871086638,0.6700563968204627,0.6697011412584928
220,220,40668,VAE,LogisticRegression,10.0,0.6723655579732671,0.6743638705093477,0.6726764065899907,0.6731352783575351
221,221,40668,VAE,GaussianNB,10.0,0.6209423153781252,0.6320440516896842,0.6109063457524757,0.6212975709400951
222,222,40668,VAE,KNeighborsClassifier,10.0,0.6450108797015853,0.6425684977130424,0.6356410142546294,0.6410734638897523
223,223,40668,VAE,DecisionTreeClassifier,10.0,0.5683644922065811,0.561214974021937,0.5610817531861984,0.5635537398049055
224,224,40668,SAE,LogisticRegression,10.0,0.6861761179448466,0.6899063013455304,0.6841778054087659,0.6867534082330476
225,225,40668,SAE,GaussianNB,10.0,0.6724099649185132,0.6633065411430348,0.677427949731338,0.6710481519309619
226,226,40668,SAE,KNeighborsClassifier,10.0,0.6681913051201208,0.6634841689240197,0.6629068786358187,0.6648607842266531
227,227,40668,SAE,DecisionTreeClassifier,10.0,0.5863937119765531,0.5945201829566145,0.5875038856077089,0.5894725935136255
228,228,40668,DAE,LogisticRegression,10.0,0.6983880278875616,0.6928815666770283,0.6915493583196411,0.6942729842947437
229,229,40668,DAE,GaussianNB,10.0,0.6959456458990186,0.6878635818642036,0.6835561081753186,0.6891217786461804
230,230,40668,DAE,KNeighborsClassifier,10.0,0.6814245748034993,0.6814689817487455,0.6798259247746348,0.6809064937756265
231,231,40668,DAE,DecisionTreeClassifier,10.0,0.5830631910830854,0.5879479550601714,0.5828855633021004,0.5846322364817856
232,232,40668,AE,LogisticRegression,10.0,0.6967893778586971,0.6951907278298326,0.6935032639104756,0.6951611231996684
233,233,40668,AE,GaussianNB,10.0,0.696389715351481,0.6894178249478219,0.6909720680314401,0.6922598694435811
234,234,40668,AE,KNeighborsClassifier,10.0,0.6830232248323638,0.6816022025844842,0.6762733691549359,0.6802995988572613
235,235,40668,AE,DecisionTreeClassifier,10.0,0.5884364314578799,0.5831964119188241,0.5815089479994671,0.5843805971253905
236,236,40668,None,LogisticRegression,10.0,0.7098894267063369,0.7131311337093121,0.7116212975709401,0.7115472859955297
237,237,40668,None,GaussianNB,10.0,0.6415027310271326,0.6320884586349305,0.6340867711710112,0.6358926536110248
238,238,40668,None,KNeighborsClassifier,10.0,0.7162396198765487,0.7117101114614326,0.7110884142279853,0.7130127151886555
239,239,40668,None,DecisionTreeClassifier,10.0,0.6274257293840757,0.6314667614014832,0.624850126559794,0.6279142057817843
240,240,40668,VAE,LogisticRegression,15.000000000000002,0.6723211510280208,0.6672143523247036,0.6722767440827745,0.6706040824784997
241,241,40668,VAE,GaussianNB,15.000000000000002,0.6236511390381456,0.6031351303343843,0.6135707624672498,0.6134523439465932
242,242,40668,VAE,KNeighborsClassifier,15.000000000000002,0.6309338780585284,0.6247169057240552,0.6257826724099649,0.6271444853975162
243,243,40668,VAE,DecisionTreeClassifier,15.000000000000002,0.5539766419468005,0.5528220613703984,0.5525556196989209,0.5531181076720398
244,244,40668,SAE,LogisticRegression,15.000000000000002,0.6843998401349971,0.6840445845730272,0.6824459345441627,0.6836301197507291
245,245,40668,SAE,GaussianNB,15.000000000000002,0.5613481948576757,0.6555797326701897,0.6412806963009015,0.6194028746095889
246,246,40668,SAE,KNeighborsClassifier,15.000000000000002,0.6500732714596563,0.6591322882898886,0.6499844575691638,0.6530633391062363
247,247,40668,SAE,DecisionTreeClassifier,15.000000000000002,0.5748923131577779,0.5775123229273058,0.5720502686620187,0.5748183015823675
248,248,40668,DAE,LogisticRegression,15.000000000000002,0.6882188374261734,0.6883964652071584,0.6832896665038412,0.686634989712391
249,249,40668,DAE,GaussianNB,15.000000000000002,0.6869754429592788,0.6877303610284649,0.6816466095297304,0.6854508045058246
250,250,40668,DAE,KNeighborsClassifier,15.000000000000002,0.6606865313735069,0.6616190772236777,0.6548248146010036,0.6590434743993961
251,251,40668,DAE,DecisionTreeClassifier,15.000000000000002,0.5727163728407123,0.5711177228118478,0.5646343088058973,0.5694894681528191
252,252,40668,AE,LogisticRegression,15.000000000000002,0.6901727430170078,0.6905279985789777,0.6865757804520627,0.689092174016016
253,253,40668,AE,GaussianNB,15.000000000000002,0.6887517207691283,0.6834228873395799,0.6825347484346552,0.6849031188477878
254,254,40668,AE,KNeighborsClassifier,15.000000000000002,0.6622407744571251,0.6622851814023714,0.6641502731027132,0.6628920763207365
255,255,40668,AE,DecisionTreeClassifier,15.000000000000002,0.5735156978551446,0.5697411075092145,0.5655668546560683,0.5696078866734758
256,256,40668,None,LogisticRegression,15.000000000000002,0.6996314223544562,0.6989209112305165,0.6965229361872197,0.6983584232573974
257,257,40668,None,GaussianNB,15.000000000000002,0.6638838314312359,0.6585994049469337,0.6586882188374261,0.6603904850718653
258,258,40668,None,KNeighborsClassifier,15.000000000000002,0.6871974776855101,0.6867978151782939,0.6862649318353391,0.6867534082330476
259,259,40668,None,DecisionTreeClassifier,15.000000000000002,0.5919001731870864,0.5956303565877703,0.5894577911985435,0.5923294403244667
260,260,40668,VAE,LogisticRegression,20.0,0.6624628091833563,0.6663262134197788,0.6678360495581509,0.6655416907204287
261,261,40668,VAE,GaussianNB,20.0,0.6134375416315112,0.5823082730138994,0.6070873484612993,0.6009443877022367
262,262,40668,VAE,KNeighborsClassifier,20.0,0.6110839735334607,0.6171233180869488,0.6121497402193703,0.6134523439465932
263,263,40668,VAE,DecisionTreeClassifier,20.0,0.5360806430125672,0.5407877792086683,0.5436742306496736,0.540180884290303
264,264,40668,SAE,LogisticRegression,20.0,0.6815577956392379,0.6761401483191971,0.6767174386073982,0.6781384608552777
265,265,40668,SAE,GaussianNB,20.0,0.6645943425551756,0.6395488254362982,0.6256938585194725,0.6432790088369821
266,266,40668,SAE,KNeighborsClassifier,20.0,0.6334650739375638,0.6339535503352725,0.6418579865891025,0.6364255369539796
267,267,40668,SAE,DecisionTreeClassifier,20.0,0.5654780407655757,0.5641458324081886,0.5621475198721079,0.5639237976819574
268,268,40668,DAE,LogisticRegression,20.0,0.6831564456681025,0.6839557706825348,0.6844886540254896,0.6838669567920422
269,269,40668,DAE,GaussianNB,20.0,0.6780496469647853,0.6764509969359208,0.6758737066477197,0.6767914501828086
270,270,40668,DAE,KNeighborsClassifier,20.0,0.6388383143123585,0.6416359518628714,0.6449220658110929,0.6417987773287742
271,271,40668,DAE,DecisionTreeClassifier,20.0,0.5574403836760069,0.5551312225232027,0.5595275101025801,0.5573663721005965
272,272,40668,AE,LogisticRegression,20.0,0.6863981526710777,0.6816466095297304,0.6834228873395799,0.6838225498467959
273,273,40668,AE,GaussianNB,20.0,0.6832452595585949,0.6758292997024735,0.6811137261867756,0.680062761815948
274,274,40668,AE,KNeighborsClassifier,20.0,0.6518495492695058,0.6464763088947111,0.6390603490385897,0.6457954024009355
275,275,40668,AE,DecisionTreeClassifier,20.0,0.5619254851458768,0.5566854656068209,0.5632576935032639,0.5606228814186539
276,276,40668,None,LogisticRegression,20.0,0.6902615569075004,0.6907500333052089,0.6932368222389982,0.6914161374839024
277,277,40668,None,GaussianNB,20.0,0.6701452107109552,0.6704116523824326,0.6779608330742928,0.6728392320558935
278,278,40668,None,KNeighborsClassifier,20.0,0.6632621341977886,0.6638394244859896,0.6599316133043208,0.6623443906626997
279,279,40668,None,DecisionTreeClassifier,20.0,0.5789333451751854,0.5760024867889338,0.5700075491806919,0.5749811270482703
280,280,40668,VAE,LogisticRegression,25.0,0.6622407744571251,0.663173320307296,0.6617078911141703,0.6623739952928638
281,281,40668,VAE,GaussianNB,25.0,0.5644566810249123,0.5609929392957058,0.5940317065589058,0.5731604422931746
282,282,40668,VAE,KNeighborsClassifier,25.0,0.6022469914294596,0.6005151205648563,0.6028242817176607,0.6018621312373256
283,283,40668,VAE,DecisionTreeClassifier,25.0,0.5364803055197833,0.5265331497846263,0.5280429859229984,0.5303521470758027
284,284,40668,SAE,LogisticRegression,25.0,0.6796482969936498,0.6815133886939917,0.6825347484346552,0.6812321447074322
285,285,40668,SAE,GaussianNB,25.0,0.669345885696523,0.5553088503041875,0.6662373995292864,0.630297378509999
286,286,40668,SAE,KNeighborsClassifier,25.0,0.6290687863581864,0.6327545628136241,0.6290243794129402,0.6302825761949169
287,287,40668,SAE,DecisionTreeClassifier,25.0,0.5596607309383188,0.5585949642524091,0.5552200364136951,0.557825243868141
288,288,40668,DAE,LogisticRegression,25.0,0.6771171011146143,0.6836005151205649,0.6804032150628359,0.6803736104326715
289,289,40668,DAE,GaussianNB,25.0,0.6744970913450864,0.6754296371952574,0.6771171011146143,0.6756812765516527
290,290,40668,DAE,KNeighborsClassifier,25.0,0.6350637239664283,0.6355966073093832,0.6352857586926596,0.6353153633228237
291,291,40668,DAE,DecisionTreeClassifier,25.0,0.5504684932723478,0.5493139126959456,0.5569963142235446,0.5522595733972794
292,292,40668,AE,LogisticRegression,25.0,0.6801811803366047,0.6810249122962831,0.6843110262445047,0.6818390396257975
293,293,40668,AE,GaussianNB,25.0,0.6762289622096896,0.6767174386073982,0.6815577956392379,0.678168065485442
294,294,40668,AE,KNeighborsClassifier,25.0,0.6366623739952929,0.6324881211421466,0.6411918824104089,0.6367807925159495
295,295,40668,AE,DecisionTreeClassifier,25.0,0.5518007016297349,0.5504240863271016,0.5577068253474844,0.553310537768107
296,296,40668,None,LogisticRegression,25.0,0.68306763177761,0.6887961277143745,0.6869754429592788,0.6862797341504211
297,297,40668,None,GaussianNB,25.0,0.6600204271948132,0.6779164261290466,0.6756516719214886,0.6711961750817829
298,298,40668,None,KNeighborsClassifier,25.0,0.6494071672809627,0.6525600603934455,0.6514498867622897,0.6511390381455661
299,299,40668,None,DecisionTreeClassifier,25.0,0.5662773657800079,0.5665438074514854,0.5637461699009725,0.5655224477108219
300,300,40668,VAE,LogisticRegression,30.0,0.663350948088281,0.6630845064168036,0.6617967050046627,0.6627440531699158
301,301,40668,VAE,GaussianNB,30.0,0.5813757271637284,0.6067320928993295,0.6161019583462853,0.6014032594697811
302,302,40668,VAE,KNeighborsClassifier,30.0,0.5956747635330165,0.5984724010835295,0.5977174830143435,0.5972882158769631
303,303,40668,VAE,DecisionTreeClassifier,30.0,0.5295528220613704,0.5272436609085661,0.5285314623207069,0.5284426484302145
304,304,40668,SAE,LogisticRegression,30.0,0.6766286247169058,0.6762289622096896,0.6736533593854078,0.6755036487706678
305,305,40668,SAE,GaussianNB,30.0,0.6512722589813047,0.6559793951774058,0.6148141569341445,0.6406886036976184
306,306,40668,SAE,KNeighborsClassifier,30.0,0.6272036946578445,0.6283138682890004,0.6268928460411208,0.6274701363293219
307,307,40668,SAE,DecisionTreeClassifier,30.0,0.5576180114569919,0.5482037390647897,0.550690527998579,0.5521707595067868
308,308,40668,DAE,LogisticRegression,30.0,0.6776943914028154,0.6772947288955993,0.6705448732181714,0.6751779978388619
309,309,40668,DAE,GaussianNB,30.0,0.6747191260713176,0.6731648829876993,0.664105866157467,0.670663291738828
310,310,40668,DAE,KNeighborsClassifier,30.0,0.6265375904791509,0.6267152182601359,0.6266708113148897,0.6266412066847256
311,311,40668,DAE,DecisionTreeClassifier,30.0,0.5470935654336339,0.541675918113593,0.5434966028686886,0.5440886954719718
312,312,40668,AE,LogisticRegression,30.0,0.6798259247746348,0.6792930414316799,0.6762733691549359,0.6784641117870835
313,313,40668,AE,GaussianNB,30.0,0.6726319996447444,0.6709445357253875,0.6736533593854078,0.6724099649185132
314,314,40668,AE,KNeighborsClassifier,30.0,0.6287579377414627,0.6218304542830498,0.6224965584617435,0.6243616501620853
315,315,40668,AE,DecisionTreeClassifier,30.0,0.5486478085172521,0.5457169501310005,0.541320662551623,0.5452284737332921
316,316,40668,None,LogisticRegression,30.0,0.6812913539677605,0.6816910164749767,0.6784937164172476,0.6804920289533283
317,317,40668,None,GaussianNB,30.0,0.6776499844575692,0.6774723566765842,0.670500466272925,0.6752076024690261
318,318,40668,None,KNeighborsClassifier,30.0,0.6322216794706692,0.6312003197300058,0.6288911585772015,0.6307710525926254
319,319,40668,None,DecisionTreeClassifier,30.0,0.5529108752608908,0.5498912029841467,0.5484701807362672,0.5504240863271016
320,320,40668,VAE,LogisticRegression,35.0,0.6598427994138283,0.6627292508548337,0.6597539855233359,0.6607753452639993
321,321,40668,VAE,GaussianNB,35.0,0.5624583684888317,0.5669878769039478,0.5868377814290155,0.572094675607265
322,322,40668,VAE,KNeighborsClassifier,35.0,0.5877259203339402,0.5863048980860607,0.5947866246280918,0.5896058143493642
323,323,40668,VAE,DecisionTreeClassifier,35.0,0.5199609218881833,0.5165859940494694,0.520849060793108,0.519131992243587
324,324,40668,SAE,LogisticRegression,35.0,0.6720547093565433,0.6745859052355788,0.6743638705093477,0.6736681617004899
325,325,40668,SAE,GaussianNB,35.0,0.6083751498734402,0.6268484390958746,0.6282694613437542,0.6211643501043563
326,326,40668,SAE,KNeighborsClassifier,35.0,0.620897908432879,0.6181446778276123,0.6165460277987477,0.6185295380197463
327,327,40668,SAE,DecisionTreeClassifier,35.0,0.5419423597850704,0.5454061015142768,0.549580354367423,0.5456429385555901
328,328,40668,DAE,LogisticRegression,35.0,0.6707225009991563,0.6701452107109552,0.6689018162440605,0.6699231759847241
329,329,40668,DAE,GaussianNB,35.0,0.6682801190106132,0.6613970424974466,0.6645499356099294,0.6647423657059964
330,330,40668,DAE,KNeighborsClassifier,35.0,0.6152138194413607,0.6174341667036725,0.6148141569341445,0.6158207143597261
331,331,40668,DAE,DecisionTreeClassifier,35.0,0.5339491096407478,0.5367911541365069,0.5325280873928683,0.5344227837233744
332,332,40668,AE,LogisticRegression,35.0,0.6745414982903326,0.6770726941693681,0.6730760690972069,0.6748967538523024
333,333,40668,AE,GaussianNB,35.0,0.6716106399040811,0.6744526843998402,0.6679248634486433,0.6713293959175215
334,334,40668,AE,KNeighborsClassifier,35.0,0.6206314667614015,0.6183223056085971,0.6233402904214219,0.6207646875971401
335,335,40668,AE,DecisionTreeClassifier,35.0,0.5437186375949199,0.5397664194680047,0.5396776055775123,0.5410542208801457
336,336,40668,None,LogisticRegression,35.0,0.6759625205382122,0.6777387983480616,0.6751187885785337,0.6762733691549357
337,337,40668,None,GaussianNB,35.0,0.6707669079444025,0.6724543718637594,0.6657045161863315,0.6696419319981645
338,338,40668,None,KNeighborsClassifier,35.0,0.6152582263866069,0.6169900972512101,0.6121941471646165,0.6148141569341444
339,339,40668,None,DecisionTreeClassifier,35.0,0.5453172876237844,0.5426972778542564,0.5407877792086683,0.5429341148955696
340,340,40668,VAE,LogisticRegression,40.0,0.658466184111195,0.659221102180381,0.6586882188374261,0.6587918350430008
341,341,40668,VAE,GaussianNB,40.0,0.5879923620054176,0.5850615036191661,0.5690305963852746,0.5806948206699528
342,342,40668,VAE,KNeighborsClassifier,40.0,0.5790221590656779,0.5873262578267241,0.5820418313424219,0.5827967494116079
343,343,40668,VAE,DecisionTreeClassifier,40.0,0.514632088458635,0.5123229273058306,0.5123673342510768,0.5131074500051808
344,344,40668,SAE,LogisticRegression,40.0,0.6723655579732671,0.6716106399040811,0.6681913051201208,0.6707225009991563
345,345,40668,SAE,GaussianNB,40.0,0.6214307917758337,0.6523380256672143,0.6283138682890004,0.6340275619106828
346,346,40668,SAE,KNeighborsClassifier,40.0,0.6147697499888982,0.6059771748301435,0.6099737999023047,0.6102402415737821
347,347,40668,SAE,DecisionTreeClassifier,40.0,0.5371908166437229,0.5401216750299747,0.5326169012833607,0.5366431309856862
348,348,40668,DAE,LogisticRegression,40.0,0.6711665704516186,0.6729428482614681,0.6689462231893069,0.671018547300798
349,349,40668,DAE,GaussianNB,40.0,0.6672143523247036,0.6680580842843821,0.6578000799325014,0.6643575055138623
350,350,40668,DAE,KNeighborsClassifier,40.0,0.6060215817753897,0.6073537901327768,0.6070429415160531,0.6068061044747398
351,351,40668,DAE,DecisionTreeClassifier,40.0,0.5373240374794618,0.5324836804476221,0.5302633331853102,0.5333570170374646
352,352,40668,AE,LogisticRegression,40.0,0.6722767440827745,0.6756960788667348,0.6669923175984724,0.6716550468493273
353,353,40668,AE,GaussianNB,40.0,0.6660597717483014,0.6716550468493272,0.6617967050046627,0.6665038412007638
354,354,40668,AE,KNeighborsClassifier,40.0,0.6089524401616413,0.6089080332163951,0.6060659887206359,0.6079754873662241
355,355,40668,AE,DecisionTreeClassifier,40.0,0.5386562458368489,0.5327945290643457,0.5333274124073005,0.534926062436165
356,356,40668,None,LogisticRegression,40.0,0.6702784315466939,0.6721879301922821,0.6709001287801413,0.6711221635063724
357,357,40668,None,GaussianNB,40.0,0.6595319507971047,0.6658377370220703,0.673298103823438,0.6662225972142043
358,358,40668,None,KNeighborsClassifier,40.0,0.6073093831875306,0.6054886984324348,0.6077978595852391,0.6068653137350681
359,359,40668,None,DecisionTreeClassifier,40.0,0.5343487721479641,0.5295084151161241,0.530218926240064,0.531358704501384
360,360,40668,VAE,LogisticRegression,45.0,0.6573116035347928,0.6582441493849638,0.65828855633021,0.6579481030833222
361,361,40668,VAE,GaussianNB,45.0,0.5886584661841112,0.5482925529552822,0.5870598161552467,0.5746702784315467
362,362,40668,VAE,KNeighborsClassifier,45.0,0.5822194591234069,0.5758692659531951,0.5781340201607531,0.5787409150791184
363,363,40668,VAE,DecisionTreeClassifier,45.0,0.514632088458635,0.511257160619921,0.5130334384297704,0.512974229169442
364,364,40668,SAE,LogisticRegression,45.0,0.6693014787512767,0.6651272258981304,0.6659709578578089,0.6667998875024054
365,365,40668,SAE,GaussianNB,45.0,0.6565122785203605,0.6008703761268263,0.6280030196722768,0.6284618914398212
366,366,40668,SAE,KNeighborsClassifier,45.0,0.6089080332163951,0.5996269816599317,0.6006927483458413,0.603075921074056
367,367,40668,SAE,DecisionTreeClassifier,45.0,0.5309294373640038,0.5264443358941339,0.5338158888050091,0.5303965540210489
368,368,40668,DAE,LogisticRegression,45.0,0.6678360495581509,0.6646387495004219,0.6648163772814069,0.6657637254466598
369,369,40668,DAE,GaussianNB,45.0,0.6635729828145122,0.656956347972823,0.6587326257826724,0.6597539855233359
370,370,40668,DAE,KNeighborsClassifier,45.0,0.6030907233891379,0.5989608774812379,0.6005151205648563,0.6008555738117441
371,371,40668,DAE,DecisionTreeClassifier,45.0,0.5263555220036413,0.522536524712465,0.5243128025223145,0.524401616412807
372,372,40668,AE,LogisticRegression,45.0,0.6693014787512767,0.6693014787512767,0.6694346995870154,0.669345885696523
373,373,40668,AE,GaussianNB,45.0,0.6647719703361605,0.6558017673964208,0.6652604467338692,0.6619447281554834
374,374,40668,AE,KNeighborsClassifier,45.0,0.5981171455215596,0.6042453039655402,0.6008259691815799,0.6010628062228933
375,375,40668,AE,DecisionTreeClassifier,45.0,0.5263111150583951,0.5351480971623962,0.5228473733291887,0.5281021951833267
376,376,40668,None,LogisticRegression,45.0,0.6658821439673165,0.6684577467915982,0.6674363870509348,0.6672587592699498
377,377,40668,None,GaussianNB,45.0,0.6617522980594165,0.6733869177139304,0.6651716328433767,0.6667702828722413
378,378,40668,None,KNeighborsClassifier,45.0,0.6016252941960123,0.5961632399307252,0.5990052844264843,0.598931272851074
379,379,40668,None,DecisionTreeClassifier,45.0,0.527776544251521,0.5237355122341134,0.5184954926950575,0.5233358497268973
380,380,40668,VAE,LogisticRegression,50.0,0.65828855633021,0.6581997424397176,0.6586882188374261,0.6583921725357845
381,381,40668,VAE,GaussianNB,50.0,0.5638793907367112,0.6097073582308273,0.5520227363559661,0.5752031617745015
382,382,40668,VAE,KNeighborsClassifier,50.0,0.5735601048003908,0.573426883964652,0.5841289577689951,0.5770386488446793
383,383,40668,VAE,DecisionTreeClassifier,50.0,0.5111683467294285,0.5134331009369866,0.5163639593232382,0.5136551356632179
384,384,40668,SAE,LogisticRegression,50.0,0.6660153648030552,0.6670367245437187,0.6678360495581509,0.6669627129683082
385,385,40668,SAE,GaussianNB,50.0,0.6166792486344864,0.6211199431591101,0.6294240419201563,0.6224077445712509
386,386,40668,SAE,KNeighborsClassifier,50.0,0.5931879745992273,0.6001598650028864,0.5945201829566145,0.5959560075195761
387,387,40668,SAE,DecisionTreeClassifier,50.0,0.5309294373640038,0.5314623207069585,0.5301301123495715,0.5308406234735114
388,388,40668,DAE,LogisticRegression,50.0,0.6646387495004219,0.6632177272525422,0.6654824814601004,0.6644463194043548
389,389,40668,DAE,GaussianNB,50.0,0.6583329632754563,0.6560682090678982,0.6533593854078777,0.6559201859170773
390,390,40668,DAE,KNeighborsClassifier,50.0,0.5947866246280918,0.5935432301611973,0.5935432301611973,0.5939576949834954
391,391,40668,DAE,DecisionTreeClassifier,50.0,0.5235134775078822,0.5271992539633199,0.52684399840135,0.5258522432908507
392,392,40668,AE,LogisticRegression,50.0,0.6672587592699498,0.6642390869932058,0.6646831564456681,0.6653936675696079
393,393,40668,AE,GaussianNB,50.0,0.6603756827567832,0.6624628091833563,0.6602424619210444,0.6610269846203947
394,394,40668,AE,KNeighborsClassifier,50.0,0.6026022469914295,0.5960300190949864,0.5968293441094187,0.5984872033986116
395,395,40668,AE,DecisionTreeClassifier,50.0,0.5236911052888672,0.529108752608908,0.5256894178249478,0.5261630919075744
396,396,40668,None,LogisticRegression,50.0,0.6623739952928638,0.6649495981171455,0.6643279008836982,0.6638838314312359
397,397,40668,None,GaussianNB,50.0,0.6562014299036371,0.6694346995870154,0.6673919801056886,0.6643427031987802
398,398,40668,None,KNeighborsClassifier,50.0,0.5915449176251165,0.5952751010258004,0.5932323815444736,0.5933508000651301
399,399,40668,None,DecisionTreeClassifier,50.0,0.5198277010524446,0.5260002664416715,0.5220036413695102,0.5226105362878753
400,400,1492,VAE,LogisticRegression,5.0,0.08614232209737828,0.08067542213883677,0.06566604127579738,0.07749459517067081
401,401,1492,VAE,GaussianNB,5.0,0.13108614232209734,0.11632270168855535,0.11819887429643527,0.12186923943569601
402,402,1492,VAE,KNeighborsClassifier,5.0,0.11235955056179776,0.12570356472795494,0.11069418386491556,0.1162524330515561
403,403,1492,VAE,DecisionTreeClassifier,5.0,0.10674157303370786,0.0975609756097561,0.11444652908067543,0.10624969257471313
404,404,1492,SAE,LogisticRegression,5.0,0.08801498127340825,0.075046904315197,0.10881801125703564,0.0906266322818803
405,405,1492,SAE,GaussianNB,5.0,0.16853932584269662,0.21200750469043156,0.17636022514071295,0.1856356852246137
406,406,1492,SAE,KNeighborsClassifier,5.0,0.1704119850187266,0.19324577861163228,0.2176360225140713,0.19376459538147672
407,407,1492,SAE,DecisionTreeClassifier,5.0,0.11610486891385767,0.13320825515947468,0.17073170731707318,0.14001494379680185
408,408,1492,DAE,LogisticRegression,5.0,0.13108614232209734,0.1275797373358349,0.15384615384615385,0.1375040111680287
409,409,1492,DAE,GaussianNB,5.0,0.2265917602996255,0.2176360225140713,0.18761726078799248,0.2106150145338964
410,410,1492,DAE,KNeighborsClassifier,5.0,0.1853932584269663,0.2101313320825516,0.2401500938086304,0.2118915614393828
411,411,1492,DAE,DecisionTreeClassifier,5.0,0.1441947565543071,0.1350844277673546,0.150093808630394,0.14312433098401858
412,412,1492,AE,LogisticRegression,5.0,0.1441947565543071,0.13883677298311445,0.17448405253283306,0.1525051940234182
413,413,1492,AE,GaussianNB,5.0,0.20973782771535585,0.2045028142589118,0.1801125703564728,0.19811773744358016
414,414,1492,AE,KNeighborsClassifier,5.0,0.23220973782771534,0.2176360225140713,0.2326454033771107,0.2274970545729658
415,415,1492,AE,DecisionTreeClassifier,5.0,0.13108614232209734,0.1575984990619137,0.13696060037523453,0.14188174725308186
416,416,1492,None,LogisticRegression,5.0,0.1947565543071161,0.15572232645403378,0.19699812382739207,0.18249233486284733
417,417,1492,None,GaussianNB,5.0,0.18352059925093636,0.15196998123827393,0.17823639774859287,0.1712423260792677
418,418,1492,None,KNeighborsClassifier,5.0,0.1891385767790262,0.21200750469043156,0.22326454033771104,0.2081368739357229
419,419,1492,None,DecisionTreeClassifier,5.0,0.3595505617977528,0.3302063789868668,0.3208255159474672,0.3368608189106956
420,420,1492,VAE,LogisticRegression,10.0,0.03558052434456928,0.039399624765478425,0.04127579737335835,0.03875198216113535
421,421,1492,VAE,GaussianNB,10.0,0.06179775280898876,0.10318949343339588,0.06191369606003753,0.07563364743414072
422,422,1492,VAE,KNeighborsClassifier,10.0,0.06741573033707865,0.07317073170731707,0.08067542213883677,0.07375396139441083
423,423,1492,VAE,DecisionTreeClassifier,10.0,0.08426966292134831,0.06378986866791744,0.04690431519699812,0.06498794892875462
424,424,1492,SAE,LogisticRegression,10.0,0.05430711610486892,0.06378986866791744,0.0675422138836773,0.061879732885487884
425,425,1492,SAE,GaussianNB,10.0,0.11235955056179776,0.0900562851782364,0.10131332082551596,0.1012430521885167
426,426,1492,SAE,KNeighborsClassifier,10.0,0.10861423220973784,0.13883677298311445,0.1425891181988743,0.13001337446390884
427,427,1492,SAE,DecisionTreeClassifier,10.0,0.0749063670411985,0.07317073170731707,0.07129455909943715,0.07312388594931757
428,428,1492,DAE,LogisticRegression,10.0,0.10112359550561796,0.07692307692307693,0.09568480300187618,0.0912438251435237
429,429,1492,DAE,GaussianNB,10.0,0.12734082397003746,0.1050656660412758,0.12570356472795494,0.11937001824642275
430,430,1492,DAE,KNeighborsClassifier,10.0,0.12359550561797752,0.150093808630394,0.14071294559099434,0.13813408661312196
431,431,1492,DAE,DecisionTreeClassifier,10.0,0.08426966292134831,0.08818011257035648,0.075046904315197,0.08249889326896727
432,432,1492,AE,LogisticRegression,10.0,0.09550561797752807,0.0825515947467167,0.08442776735459663,0.0874949933596138
433,433,1492,AE,GaussianNB,10.0,0.1348314606741573,0.1125703564727955,0.11444652908067543,0.1206161154092094
434,434,1492,AE,KNeighborsClassifier,10.0,0.09925093632958802,0.12195121951219512,0.1275797373358349,0.11626063105920602
435,435,1492,AE,DecisionTreeClassifier,10.0,0.08801498127340825,0.07692307692307693,0.075046904315197,0.07999498750389405
436,436,1492,None,LogisticRegression,10.0,0.1104868913857678,0.0975609756097561,0.09380863039399624,0.10061883246317338
437,437,1492,None,GaussianNB,10.0,0.0898876404494382,0.10881801125703564,0.1050656660412758,0.10125710591591656
438,438,1492,None,KNeighborsClassifier,10.0,0.11797752808988765,0.1294559099437148,0.1294559099437148,0.12562978265910574
439,439,1492,None,DecisionTreeClassifier,10.0,0.26217228464419473,0.2626641651031895,0.2682926829268293,0.2643763775580712
440,440,1492,VAE,LogisticRegression,15.000000000000002,0.020599250936329583,0.02626641651031895,0.028142589118198873,0.025002752188282476
441,441,1492,VAE,GaussianNB,15.000000000000002,0.03558052434456928,0.06191369606003753,0.06566604127579738,0.05438675389346807
442,442,1492,VAE,KNeighborsClassifier,15.000000000000002,0.06554307116104867,0.0600375234521576,0.0900562851782364,0.07187895993048089
443,443,1492,VAE,DecisionTreeClassifier,15.000000000000002,0.07116104868913857,0.07129455909943715,0.075046904315197,0.07250083736792425
444,444,1492,SAE,LogisticRegression,15.000000000000002,0.0449438202247191,0.06191369606003753,0.07317073170731707,0.06000941599735789
445,445,1492,SAE,GaussianNB,15.000000000000002,0.058052434456928835,0.07879924953095685,0.06941838649155722,0.0687566901598143
446,446,1492,SAE,KNeighborsClassifier,15.000000000000002,0.07116104868913857,0.09568480300187618,0.11632270168855535,0.09438951779319003
447,447,1492,SAE,DecisionTreeClassifier,15.000000000000002,0.05617977528089888,0.04878048780487805,0.06191369606003753,0.05562465304860481
448,448,1492,DAE,LogisticRegression,15.000000000000002,0.041198501872659166,0.050656660412757966,0.06941838649155722,0.05375784959232479
449,449,1492,DAE,GaussianNB,15.000000000000002,0.06554307116104867,0.08067542213883677,0.0975609756097561,0.08125982296988052
450,450,1492,DAE,KNeighborsClassifier,15.000000000000002,0.10486891385767792,0.1200750469043152,0.10881801125703564,0.11125399067300958
451,451,1492,DAE,DecisionTreeClassifier,15.000000000000002,0.06741573033707865,0.0900562851782364,0.09568480300187618,0.08438560617239706
452,452,1492,AE,LogisticRegression,15.000000000000002,0.0599250936329588,0.050656660412757966,0.07879924953095685,0.06312700119222454
453,453,1492,AE,GaussianNB,15.000000000000002,0.058052434456928835,0.09568480300187618,0.07692307692307693,0.07688677146062732
454,454,1492,AE,KNeighborsClassifier,15.000000000000002,0.08426966292134831,0.10881801125703564,0.1200750469043152,0.10438757369423306
455,455,1492,AE,DecisionTreeClassifier,15.000000000000002,0.048689138576779034,0.06191369606003753,0.06378986866791744,0.058130901101578
456,456,1492,None,LogisticRegression,15.000000000000002,0.048689138576779034,0.058161350844277676,0.05628517823639775,0.054378555885818164
457,457,1492,None,GaussianNB,15.000000000000002,0.06928838951310863,0.11444652908067543,0.075046904315197,0.08626060763632702
458,458,1492,None,KNeighborsClassifier,15.000000000000002,0.06928838951310863,0.09943714821763602,0.1050656660412758,0.09126373459067348
459,459,1492,None,DecisionTreeClassifier,15.000000000000002,0.2340823970037453,0.2420262664165103,0.2101313320825516,0.2287466651676024
460,460,1492,VAE,LogisticRegression,20.0,0.005617977528089888,0.01876172607879925,0.016885553470919325,0.013755085692602824
461,461,1492,VAE,GaussianNB,20.0,0.0299625468164794,0.04690431519699812,0.0225140712945591,0.03312697776934554
462,462,1492,VAE,KNeighborsClassifier,20.0,0.06179775280898876,0.0525328330206379,0.0600375234521576,0.058122703093928085
463,463,1492,VAE,DecisionTreeClassifier,20.0,0.0599250936329588,0.054409005628517824,0.04127579737335835,0.051869965544945
464,464,1492,SAE,LogisticRegression,20.0,0.0449438202247191,0.04127579737335835,0.0450281425891182,0.04374925339573188
465,465,1492,SAE,GaussianNB,20.0,0.06367041198501873,0.054409005628517824,0.05628517823639775,0.0581215319499781
466,466,1492,SAE,KNeighborsClassifier,20.0,0.06179775280898876,0.06191369606003753,0.05628517823639775,0.059998875701808015
467,467,1492,SAE,DecisionTreeClassifier,20.0,0.05430711610486892,0.0600375234521576,0.0450281425891182,0.053124260715381566
468,468,1492,DAE,LogisticRegression,20.0,0.048689138576779034,0.050656660412757966,0.04690431519699812,0.04875003806217837
469,469,1492,DAE,GaussianNB,20.0,0.05617977528089888,0.0450281425891182,0.039399624765478425,0.0468691808784985
470,470,1492,DAE,KNeighborsClassifier,20.0,0.0749063670411985,0.08818011257035648,0.07129455909943715,0.07812701290366404
471,471,1492,DAE,DecisionTreeClassifier,20.0,0.05617977528089888,0.04878048780487805,0.04878048780487805,0.051246916963551666
472,472,1492,AE,LogisticRegression,20.0,0.05243445692883896,0.0675422138836773,0.04315196998123828,0.054376213597918166
473,473,1492,AE,GaussianNB,20.0,0.04681647940074907,0.06566604127579738,0.04878048780487805,0.053754336160474835
474,474,1492,AE,KNeighborsClassifier,20.0,0.05617977528089888,0.050656660412757966,0.0825515947467167,0.06312934348012451
475,475,1492,AE,DecisionTreeClassifier,20.0,0.041198501872659166,0.035647279549718566,0.0450281425891182,0.04062464133716531
476,476,1492,None,LogisticRegression,20.0,0.06554307116104867,0.050656660412757966,0.039399624765478425,0.05186645211309502
477,477,1492,None,GaussianNB,20.0,0.0749063670411985,0.08630393996247655,0.06378986866791744,0.0750000585571975
478,478,1492,None,KNeighborsClassifier,20.0,0.06367041198501873,0.0600375234521576,0.0525328330206379,0.058746922819271415
479,479,1492,None,DecisionTreeClassifier,20.0,0.17415730337078653,0.17636022514071295,0.15572232645403378,0.16874661832184445
480,480,1492,VAE,LogisticRegression,25.0,0.011235955056179777,0.0075046904315197,0.01125703564727955,0.009999227044993007
481,481,1492,VAE,GaussianNB,25.0,0.009363295880149813,0.024390243902439025,0.020637898686679174,0.018130479489756005
482,482,1492,VAE,KNeighborsClassifier,25.0,0.06741573033707865,0.07129455909943715,0.08442776735459663,0.07437935226370414
483,483,1492,VAE,DecisionTreeClassifier,25.0,0.05056179775280899,0.0600375234521576,0.08067542213883677,0.06375824778126778
484,484,1492,SAE,LogisticRegression,25.0,0.024344569288389517,0.035647279549718566,0.04127579737335835,0.03375588207048881
485,485,1492,SAE,GaussianNB,25.0,0.05056179775280899,0.039399624765478425,0.04690431519699812,0.04562191257176185
486,486,1492,SAE,KNeighborsClassifier,25.0,0.06179775280898876,0.050656660412757966,0.0825515947467167,0.06500200265615448
487,487,1492,SAE,DecisionTreeClassifier,25.0,0.05056179775280899,0.04878048780487805,0.035647279549718566,0.04499652170246854
488,488,1492,DAE,LogisticRegression,25.0,0.058052434456928835,0.039399624765478425,0.050656660412757966,0.04936957321172175
489,489,1492,DAE,GaussianNB,25.0,0.05056179775280899,0.035647279549718566,0.035647279549718566,0.04061878561741538
490,490,1492,DAE,KNeighborsClassifier,25.0,0.0898876404494382,0.06191369606003753,0.0900562851782364,0.08061920722923738
491,491,1492,DAE,DecisionTreeClassifier,25.0,0.05430711610486892,0.054409005628517824,0.075046904315197,0.06125434201619458
492,492,1492,AE,LogisticRegression,25.0,0.048689138576779034,0.03189493433395872,0.04315196998123828,0.041245347630658666
493,493,1492,AE,GaussianNB,25.0,0.06179775280898876,0.035647279549718566,0.050656660412757966,0.04936723092382176
494,494,1492,AE,KNeighborsClassifier,25.0,0.06928838951310863,0.058161350844277676,0.07129455909943715,0.06624809981894114
495,495,1492,AE,DecisionTreeClassifier,25.0,0.08052434456928839,0.04690431519699812,0.03189493433395872,0.05310786470008174
496,496,1492,None,LogisticRegression,25.0,0.05617977528089888,0.04315196998123828,0.058161350844277676,0.052497698702138273
497,497,1492,None,GaussianNB,25.0,0.0898876404494382,0.06191369606003753,0.07692307692307693,0.07624147114418421
498,498,1492,None,KNeighborsClassifier,25.0,0.041198501872659166,0.05628517823639775,0.0525328330206379,0.05000550437656495
499,499,1492,None,DecisionTreeClassifier,25.0,0.17790262172284646,0.150093808630394,0.17448405253283306,0.16749349429535784
500,500,1492,VAE,LogisticRegression,30.0,0.011235955056179777,0.009380863039399627,0.013133208255159477,0.011250008783579624
501,501,1492,VAE,GaussianNB,30.0,0.033707865168539325,0.016885553470919325,0.016885553470919325,0.022492990703459326
502,502,1492,VAE,KNeighborsClassifier,30.0,0.058052434456928835,0.054409005628517824,0.07317073170731707,0.06187739059758793
503,503,1492,VAE,DecisionTreeClassifier,30.0,0.06928838951310863,0.058161350844277676,0.05628517823639775,0.061244972864594675
504,504,1492,SAE,LogisticRegression,30.0,0.02247191011235955,0.03189493433395872,0.03377110694183865,0.029379317129385636
505,505,1492,SAE,GaussianNB,30.0,0.033707865168539325,0.03377110694183865,0.03189493433395872,0.03312463548144557
506,506,1492,SAE,KNeighborsClassifier,30.0,0.0449438202247191,0.04315196998123828,0.054409005628517824,0.04750159861149173
507,507,1492,SAE,DecisionTreeClassifier,30.0,0.018726591760299626,0.0450281425891182,0.050656660412757966,0.03813713158739193
508,508,1492,DAE,LogisticRegression,30.0,0.03745318352059925,0.028142589118198873,0.0450281425891182,0.03687463840930544
509,509,1492,DAE,GaussianNB,30.0,0.024344569288389517,0.03189493433395872,0.0375234521575985,0.03125431859331558
510,510,1492,DAE,KNeighborsClassifier,30.0,0.07116104868913857,0.07129455909943715,0.08630393996247655,0.07625318258368409
511,511,1492,DAE,DecisionTreeClassifier,30.0,0.05243445692883896,0.04690431519699812,0.05628517823639775,0.051874650120744936
512,512,1492,AE,LogisticRegression,30.0,0.0299625468164794,0.039399624765478425,0.04127579737335835,0.036879322985105385
513,513,1492,AE,GaussianNB,30.0,0.033707865168539325,0.03189493433395872,0.035647279549718566,0.03375002635073887
514,514,1492,AE,KNeighborsClassifier,30.0,0.058052434456928835,0.0525328330206379,0.054409005628517824,0.054998091035361525
515,515,1492,AE,DecisionTreeClassifier,30.0,0.05243445692883896,0.0375234521575985,0.04127579737335835,0.04374456881993194
516,516,1492,None,LogisticRegression,30.0,0.031835205992509365,0.04127579737335835,0.0525328330206379,0.041881278795501874
517,517,1492,None,GaussianNB,30.0,0.041198501872659166,0.05628517823639775,0.050656660412757966,0.04938011350727164
518,518,1492,None,KNeighborsClassifier,30.0,0.03558052434456928,0.03189493433395872,0.0450281425891182,0.03750120042254873
519,519,1492,None,DecisionTreeClassifier,30.0,0.1404494382022472,0.1275797373358349,0.13696060037523453,0.13499659197110556
520,520,1492,VAE,LogisticRegression,35.0,0.005617977528089888,0.009380863039399627,0.009380863039399627,0.008126567868963047
521,521,1492,VAE,GaussianNB,35.0,0.009363295880149813,0.03189493433395872,0.013133208255159477,0.018130479489756005
522,522,1492,VAE,KNeighborsClassifier,35.0,0.041198501872659166,0.075046904315197,0.06941838649155722,0.0618879308931378
523,523,1492,VAE,DecisionTreeClassifier,35.0,0.033707865168539325,0.07879924953095685,0.05628517823639775,0.05626409764529797
524,524,1492,SAE,LogisticRegression,35.0,0.02808988764044944,0.0225140712945591,0.03377110694183865,0.02812502195894906
525,525,1492,SAE,GaussianNB,35.0,0.02247191011235955,0.0450281425891182,0.01125703564727955,0.026252362782919092
526,526,1492,SAE,KNeighborsClassifier,35.0,0.06179775280898876,0.04315196998123828,0.05628517823639775,0.05374496700887493
527,527,1492,SAE,DecisionTreeClassifier,35.0,0.05056179775280899,0.0300187617260788,0.0450281425891182,0.041869567356002
528,528,1492,DAE,LogisticRegression,35.0,0.031835205992509365,0.02626641651031895,0.04127579737335835,0.033125806625395555
529,529,1492,DAE,GaussianNB,35.0,0.02621722846441948,0.024390243902439025,0.03189493433395872,0.02750080223360574
530,530,1492,DAE,KNeighborsClassifier,35.0,0.05243445692883896,0.050656660412757966,0.06191369606003753,0.05500160446721148
531,531,1492,DAE,DecisionTreeClassifier,35.0,0.03932584269662921,0.05628517823639775,0.050656660412757966,0.048755893781928315
532,532,1492,AE,LogisticRegression,35.0,0.020599250936329583,0.02626641651031895,0.04127579737335835,0.029380488273335625
533,533,1492,AE,GaussianNB,35.0,0.0149812734082397,0.03189493433395872,0.02626641651031895,0.024380874750839124
534,534,1492,AE,KNeighborsClassifier,35.0,0.05056179775280899,0.04315196998123828,0.04315196998123828,0.04562191257176185
535,535,1492,AE,DecisionTreeClassifier,35.0,0.04681647940074907,0.04315196998123828,0.04690431519699812,0.04562425485966182
536,536,1492,None,LogisticRegression,35.0,0.020599250936329583,0.0300187617260788,0.0525328330206379,0.034383615227682095
537,537,1492,None,GaussianNB,35.0,0.03745318352059925,0.04127579737335835,0.03377110694183865,0.03750002927859875
538,538,1492,None,KNeighborsClassifier,35.0,0.03932584269662921,0.03189493433395872,0.04315196998123828,0.03812424900394207
539,539,1492,None,DecisionTreeClassifier,35.0,0.09737827715355804,0.1050656660412758,0.09943714821763602,0.10062703047082328
540,540,1492,VAE,LogisticRegression,40.0,0.011235955056179777,0.016885553470919325,0.013133208255159477,0.013751572260752859
541,541,1492,VAE,GaussianNB,40.0,0.016853932584269662,0.028142589118198873,0.024390243902439025,0.02312892186830252
542,542,1492,VAE,KNeighborsClassifier,40.0,0.06554307116104867,0.06941838649155722,0.0450281425891182,0.05999653341390804
543,543,1492,VAE,DecisionTreeClassifier,40.0,0.03932584269662921,0.06378986866791744,0.06378986866791744,0.0556351933441547
544,544,1492,SAE,LogisticRegression,40.0,0.011235955056179777,0.028142589118198873,0.035647279549718566,0.0250086079080324
545,545,1492,SAE,GaussianNB,40.0,0.020599250936329583,0.02626641651031895,0.020637898686679174,0.02250118871110924
546,546,1492,SAE,KNeighborsClassifier,40.0,0.0299625468164794,0.04878048780487805,0.06191369606003753,0.046885576893798325
547,547,1492,SAE,DecisionTreeClassifier,40.0,0.048689138576779034,0.035647279549718566,0.04315196998123828,0.042496129369245295
548,548,1492,DAE,LogisticRegression,40.0,0.016853932584269662,0.03377110694183865,0.035647279549718566,0.028757439691942294
549,549,1492,DAE,GaussianNB,40.0,0.02621722846441948,0.0225140712945591,0.02626641651031895,0.02499923875643251
550,550,1492,DAE,KNeighborsClassifier,40.0,0.031835205992509365,0.0525328330206379,0.054409005628517824,0.04625901488055503
551,551,1492,DAE,DecisionTreeClassifier,40.0,0.041198501872659166,0.0600375234521576,0.0525328330206379,0.05125628611515156
552,552,1492,AE,LogisticRegression,40.0,0.020599250936329583,0.04127579737335835,0.04315196998123828,0.0350090060969754
553,553,1492,AE,GaussianNB,40.0,0.02808988764044944,0.03377110694183865,0.02626641651031895,0.02937580369753568
554,554,1492,AE,KNeighborsClassifier,40.0,0.03558052434456928,0.04878048780487805,0.050656660412757966,0.04500589085406844
555,555,1492,AE,DecisionTreeClassifier,40.0,0.05243445692883896,0.04878048780487805,0.0375234521575985,0.04624613229710517
556,556,1492,None,LogisticRegression,40.0,0.018726591760299626,0.03189493433395872,0.03377110694183865,0.028130877678699
557,557,1492,None,GaussianNB,40.0,0.020599250936329583,0.035647279549718566,0.0225140712945591,0.026253533926869087
558,558,1492,None,KNeighborsClassifier,40.0,0.024344569288389517,0.04127579737335835,0.024390243902439025,0.030003536854728962
559,559,1492,None,DecisionTreeClassifier,40.0,0.09737827715355804,0.13696060037523453,0.10318949343339588,0.11250945698739616
560,560,1492,VAE,LogisticRegression,45.0,0.016853932584269662,0.0075046904315197,0.013133208255159477,0.012497277090316278
561,561,1492,VAE,GaussianNB,45.0,0.016853932584269662,0.01876172607879925,0.0225140712945591,0.01937657665254267
562,562,1492,VAE,KNeighborsClassifier,45.0,0.05617977528089888,0.0450281425891182,0.058161350844277676,0.05312308957143158
563,563,1492,VAE,DecisionTreeClassifier,45.0,0.041198501872659166,0.050656660412757966,0.0600375234521576,0.05063089524585825
564,564,1492,SAE,LogisticRegression,45.0,0.02621722846441948,0.013133208255159477,0.01876172607879925,0.019370720932792736
565,565,1492,SAE,GaussianNB,45.0,0.02247191011235955,0.0225140712945591,0.01876172607879925,0.021249235828572632
566,566,1492,SAE,KNeighborsClassifier,45.0,0.048689138576779034,0.035647279549718566,0.03377110694183865,0.03936917502277875
567,567,1492,SAE,DecisionTreeClassifier,45.0,0.033707865168539325,0.024390243902439025,0.0225140712945591,0.02687072678851249
568,568,1492,DAE,LogisticRegression,45.0,0.0299625468164794,0.02626641651031895,0.028142589118198873,0.028123850814999074
569,569,1492,DAE,GaussianNB,45.0,0.02247191011235955,0.024390243902439025,0.0300187617260788,0.0256269719136258
570,570,1492,DAE,KNeighborsClassifier,45.0,0.0599250936329588,0.0525328330206379,0.039399624765478425,0.05061918380635838
571,571,1492,DAE,DecisionTreeClassifier,45.0,0.05056179775280899,0.04690431519699812,0.0225140712945591,0.039993394748122066
572,572,1492,AE,LogisticRegression,45.0,0.0299625468164794,0.0225140712945591,0.02626641651031895,0.02624767820711915
573,573,1492,AE,GaussianNB,45.0,0.0299625468164794,0.028142589118198873,0.03189493433395872,0.030000023422879
574,574,1492,AE,KNeighborsClassifier,45.0,0.02808988764044944,0.03189493433395872,0.03377110694183865,0.0312519763054156
575,575,1492,AE,DecisionTreeClassifier,45.0,0.03745318352059925,0.04127579737335835,0.02626641651031895,0.034998465801425516
576,576,1492,None,LogisticRegression,45.0,0.02808988764044944,0.01876172607879925,0.03377110694183865,0.026874240220362444
577,577,1492,None,GaussianNB,45.0,0.02621722846441948,0.0225140712945591,0.035647279549718566,0.028126193102899055
578,578,1492,None,KNeighborsClassifier,45.0,0.033707865168539325,0.02626641651031895,0.020637898686679174,0.02687072678851249
579,579,1492,None,DecisionTreeClassifier,45.0,0.09925093632958802,0.08818011257035648,0.07317073170731707,0.08686726020242053
580,580,1492,VAE,LogisticRegression,50.0,0.016853932584269662,0.005628517823639775,0.013133208255159477,0.01187188622102297
581,581,1492,VAE,GaussianNB,50.0,0.024344569288389517,0.0150093808630394,0.02626641651031895,0.021873455553915955
582,582,1492,VAE,KNeighborsClassifier,50.0,0.048689138576779034,0.058161350844277676,0.06378986866791744,0.05688011936299139
583,583,1492,VAE,DecisionTreeClassifier,50.0,0.04681647940074907,0.0450281425891182,0.050656660412757966,0.04750042746754174
584,584,1492,SAE,LogisticRegression,50.0,0.01310861423220974,0.03189493433395872,0.0225140712945591,0.022505873286909187
585,585,1492,SAE,GaussianNB,50.0,0.024344569288389517,0.01876172607879925,0.024390243902439025,0.022498846423209262
586,586,1492,SAE,KNeighborsClassifier,50.0,0.048689138576779034,0.04127579737335835,0.028142589118198873,0.03936917502277875
587,587,1492,SAE,DecisionTreeClassifier,50.0,0.04307116104868914,0.02626641651031895,0.0300187617260788,0.03311877976169563
588,588,1492,DAE,LogisticRegression,50.0,0.02247191011235955,0.01876172607879925,0.0225140712945591,0.021249235828572632
589,589,1492,DAE,GaussianNB,50.0,0.024344569288389517,0.0300187617260788,0.03377110694183865,0.02937814598543565
590,590,1492,DAE,KNeighborsClassifier,50.0,0.05430711610486892,0.028142589118198873,0.04315196998123828,0.041867225068102025
591,591,1492,DAE,DecisionTreeClassifier,50.0,0.04307116104868914,0.03189493433395872,0.0525328330206379,0.042499642801095264
592,592,1492,AE,LogisticRegression,50.0,0.02621722846441948,0.028142589118198873,0.0225140712945591,0.02562462962572581
593,593,1492,AE,GaussianNB,50.0,0.016853932584269662,0.02626641651031895,0.016885553470919325,0.020001967521835983
594,594,1492,AE,KNeighborsClassifier,50.0,0.031835205992509365,0.03189493433395872,0.035647279549718566,0.033125806625395555
595,595,1492,AE,DecisionTreeClassifier,50.0,0.020599250936329583,0.0225140712945591,0.04690431519699812,0.03000587914262894
596,596,1492,None,LogisticRegression,50.0,0.018726591760299626,0.020637898686679174,0.03189493433395872,0.023753141593645843
597,597,1492,None,GaussianNB,50.0,0.016853932584269662,0.0225140712945591,0.013133208255159477,0.017500404044662746
598,598,1492,None,KNeighborsClassifier,50.0,0.02808988764044944,0.02626641651031895,0.020637898686679174,0.02499806761248252
599,599,1492,None,DecisionTreeClassifier,50.0,0.05430711610486892,0.08442776735459663,0.06378986866791744,0.06750825070912765
600,600,44,VAE,LogisticRegression,5.0,0.6043024771838331,0.6166883963494133,0.6040443574690151,0.6083450770007538
601,601,44,VAE,GaussianNB,5.0,0.5971316818774446,0.5645371577574967,0.6086105675146771,0.5900931357165394
602,602,44,VAE,KNeighborsClassifier,5.0,0.6864406779661016,0.7170795306388527,0.7090671885192433,0.7041957990413992
603,603,44,VAE,DecisionTreeClassifier,5.0,0.6160365058670143,0.6740547588005215,0.6562296151337247,0.6487736266004202
604,604,44,SAE,LogisticRegression,5.0,0.7164276401564538,0.7320730117340287,0.7377690802348337,0.7287565773751054
605,605,44,SAE,GaussianNB,5.0,0.6414602346805737,0.6427640156453716,0.6634050880626223,0.6492097794628559
606,606,44,SAE,KNeighborsClassifier,5.0,0.7359843546284224,0.7496740547588006,0.7358121330724069,0.7404901808198767
607,607,44,SAE,DecisionTreeClassifier,5.0,0.6792698826597132,0.7007822685788787,0.6797129810828441,0.6865883774404787
608,608,44,DAE,LogisticRegression,5.0,0.7268578878748371,0.7372881355932204,0.7423352902804957,0.7354937712495176
609,609,44,DAE,GaussianNB,5.0,0.7209908735332464,0.7444589308996089,0.7345075016307893,0.7333191020212149
610,610,44,DAE,KNeighborsClassifier,5.0,0.7398956975228161,0.7398956975228161,0.7266797129810828,0.7354903693422384
611,611,44,DAE,DecisionTreeClassifier,5.0,0.6897001303780965,0.6890482398956975,0.6947162426614482,0.6911548709784142
612,612,44,AE,LogisticRegression,5.0,0.7216427640156454,0.7405475880052151,0.7423352902804957,0.7348418807671188
613,613,44,AE,GaussianNB,5.0,0.7229465449804433,0.7503259452411994,0.7429876060013046,0.7387533654076491
614,614,44,AE,KNeighborsClassifier,5.0,0.7327249022164276,0.7157757496740548,0.726027397260274,0.7248426830502521
615,615,44,AE,DecisionTreeClassifier,5.0,0.6707953063885267,0.6792698826597132,0.7038486627527724,0.6846379506003375
616,616,44,None,LogisticRegression,5.0,0.6942633637548892,0.7040417209908736,0.6823222439660795,0.6935424429039475
617,617,44,None,GaussianNB,5.0,0.5221642764015645,0.5814863102998696,0.5179386823222439,0.540529756341226
618,618,44,None,KNeighborsClassifier,5.0,0.7451108213820078,0.7359843546284224,0.7221135029354208,0.7344028929819503
619,619,44,None,DecisionTreeClassifier,5.0,0.8761408083441982,0.8735332464146024,0.8551859099804305,0.8682866549130771
620,620,44,VAE,LogisticRegression,10.0,0.6088657105606258,0.5984354628422425,0.6040443574690151,0.603781843623961
621,621,44,VAE,GaussianNB,10.0,0.5123859191655802,0.6310299869621904,0.6118721461187214,0.5850960174154974
622,622,44,VAE,KNeighborsClassifier,10.0,0.6473272490221643,0.6642764015645372,0.7175472928897586,0.6763836478254867
623,623,44,VAE,DecisionTreeClassifier,10.0,0.6251629726205997,0.6408083441981747,0.6640574037834311,0.6433429068674018
624,624,44,SAE,LogisticRegression,10.0,0.7196870925684485,0.7027379400260756,0.7025440313111546,0.7083230213018928
625,625,44,SAE,GaussianNB,10.0,0.621903520208605,0.6962190352020861,0.6868884540117417,0.6683370031408109
626,626,44,SAE,KNeighborsClassifier,10.0,0.7157757496740548,0.7092568448500652,0.7168949771689498,0.7139758572310232
627,627,44,SAE,DecisionTreeClassifier,10.0,0.6610169491525424,0.6688396349413298,0.6712328767123288,0.6670298202687337
628,628,44,DAE,LogisticRegression,10.0,0.7079530638852672,0.7183833116036505,0.7221135029354208,0.7161499594747794
629,629,44,DAE,GaussianNB,10.0,0.7144719687092569,0.7294654498044328,0.7475538160469667,0.7304970781868855
630,630,44,DAE,KNeighborsClassifier,10.0,0.7086049543676662,0.7157757496740548,0.7273320287018917,0.7172375775812042
631,631,44,DAE,DecisionTreeClassifier,10.0,0.6740547588005215,0.6701434159061278,0.7051532941943901,0.6831171563003465
632,632,44,AE,LogisticRegression,10.0,0.6981747066492829,0.711212516297262,0.7071102413568167,0.7054991547677872
633,633,44,AE,GaussianNB,10.0,0.7079530638852672,0.7151238591916558,0.7110241356816699,0.7113670195861976
634,634,44,AE,KNeighborsClassifier,10.0,0.7086049543676662,0.7040417209908736,0.7181996086105675,0.7102820946563692
635,635,44,AE,DecisionTreeClassifier,10.0,0.6766623207301173,0.6903520208604954,0.6836268754076973,0.6835470723327701
636,636,44,None,LogisticRegression,10.0,0.6486310299869622,0.6342894393741851,0.6314416177429876,0.6381206957013783
637,637,44,None,GaussianNB,10.0,0.499348109517601,0.6453715775749674,0.6405740378343118,0.5950979083089599
638,638,44,None,KNeighborsClassifier,10.0,0.7073011734028684,0.6962190352020861,0.7058056099151989,0.7031086061733846
639,639,44,None,DecisionTreeClassifier,10.0,0.8383311603650587,0.8578878748370273,0.8414872798434442,0.8459021050151767
640,640,44,VAE,LogisticRegression,15.000000000000002,0.6114732724902217,0.605606258148631,0.6053489889106327,0.6074761731831618
641,641,44,VAE,GaussianNB,15.000000000000002,0.560625814863103,0.5749674054758801,0.58382257012394,0.5731385968209745
642,642,44,VAE,KNeighborsClassifier,15.000000000000002,0.6577574967405476,0.6668839634941329,0.6594911937377691,0.6613775513241499
643,643,44,VAE,DecisionTreeClassifier,15.000000000000002,0.6284224250325945,0.6434159061277706,0.6549249836921069,0.6422544382841574
644,644,44,SAE,LogisticRegression,15.000000000000002,0.7027379400260756,0.6766623207301173,0.6862361382909328,0.6885454663490419
645,645,44,SAE,GaussianNB,15.000000000000002,0.71251629726206,0.7014341590612777,0.6947162426614482,0.7028888996615953
646,646,44,SAE,KNeighborsClassifier,15.000000000000002,0.6975228161668839,0.7040417209908736,0.6914546640574037,0.6976730670717203
647,647,44,SAE,DecisionTreeClassifier,15.000000000000002,0.6694915254237288,0.7020860495436767,0.6686236138290933,0.6800670629321663
648,648,44,DAE,LogisticRegression,15.000000000000002,0.7053455019556715,0.7053455019556715,0.685583822570124,0.6987582754938223
649,649,44,DAE,GaussianNB,15.000000000000002,0.7190352020860495,0.7222946544980443,0.700587084148728,0.7139723135776074
650,650,44,DAE,KNeighborsClassifier,15.000000000000002,0.7170795306388527,0.7164276401564538,0.7058056099151989,0.7131042602368352
651,651,44,DAE,DecisionTreeClassifier,15.000000000000002,0.6760104302477183,0.6668839634941329,0.6660143509458578,0.6696362482292364
652,652,44,AE,LogisticRegression,15.000000000000002,0.6890482398956975,0.6949152542372882,0.7058056099151989,0.6965897013493949
653,653,44,AE,GaussianNB,15.000000000000002,0.7073011734028684,0.7118644067796609,0.7162426614481409,0.7118027472102234
654,654,44,AE,KNeighborsClassifier,15.000000000000002,0.7046936114732725,0.7190352020860495,0.7110241356816699,0.7115843164136639
655,655,44,AE,DecisionTreeClassifier,15.000000000000002,0.6590612777053455,0.6681877444589309,0.6764514024787998,0.6679001415476921
656,656,44,None,LogisticRegression,15.000000000000002,0.6179921773142112,0.6140808344198174,0.5962165688193085,0.6094298601844458
657,657,44,None,GaussianNB,15.000000000000002,0.6981747066492829,0.6890482398956975,0.6744944553163731,0.6872391339537846
658,658,44,None,KNeighborsClassifier,15.000000000000002,0.6962190352020861,0.7086049543676662,0.6823222439660795,0.6957154111786106
659,659,44,None,DecisionTreeClassifier,15.000000000000002,0.8155149934810951,0.8409387222946545,0.8493150684931506,0.8352562614229667
660,660,44,VAE,LogisticRegression,20.0,0.6016949152542372,0.6069100391134289,0.6066536203522505,0.6050861915733056
661,661,44,VAE,GaussianNB,20.0,0.6114732724902217,0.5945241199478487,0.4964122635355512,0.5674698853245406
662,662,44,VAE,KNeighborsClassifier,20.0,0.6538461538461539,0.6707953063885267,0.6797129810828441,0.6681181471058415
663,663,44,VAE,DecisionTreeClassifier,20.0,0.6427640156453716,0.651238591916558,0.6470971950424005,0.6470332675347766
664,664,44,SAE,LogisticRegression,20.0,0.6968709256844849,0.6766623207301173,0.7240704500978473,0.6992012321708166
665,665,44,SAE,GaussianNB,20.0,0.6310299869621904,0.6505867014341591,0.7012393998695369,0.6609520294219621
666,666,44,SAE,KNeighborsClassifier,20.0,0.6897001303780965,0.7105606258148631,0.7012393998695369,0.7005000520208321
667,667,44,SAE,DecisionTreeClassifier,20.0,0.6505867014341591,0.6603650586701434,0.6686236138290933,0.6598584579777985
668,668,44,DAE,LogisticRegression,20.0,0.6942633637548892,0.6903520208604954,0.7168949771689498,0.7005034539281114
669,669,44,DAE,GaussianNB,20.0,0.6551499348109517,0.6694915254237288,0.6621004566210046,0.6622473056185617
670,670,44,DAE,KNeighborsClassifier,20.0,0.7177314211212517,0.71251629726206,0.7318982387475538,0.7207153190436218
671,671,44,DAE,DecisionTreeClassifier,20.0,0.681877444589309,0.6812255541069101,0.6784083496412263,0.6805037827791485
672,672,44,AE,LogisticRegression,20.0,0.681877444589309,0.7118644067796609,0.7162426614481409,0.7033281709390371
673,673,44,AE,GaussianNB,20.0,0.6623207301173403,0.7131681877444589,0.7077625570776256,0.6944171583131417
674,674,44,AE,KNeighborsClassifier,20.0,0.6910039113428944,0.7144719687092569,0.7123287671232876,0.7059348823918129
675,675,44,AE,DecisionTreeClassifier,20.0,0.6479791395045632,0.666232073011734,0.6575342465753424,0.6572484863638799
676,676,44,None,LogisticRegression,20.0,0.5886571056062582,0.6049543676662321,0.6138290932811481,0.6024801888512128
677,677,44,None,GaussianNB,20.0,0.5612777053455019,0.6382007822685789,0.4859752120026093,0.56181789987223
678,678,44,None,KNeighborsClassifier,20.0,0.6916558018252934,0.7040417209908736,0.7077625570776256,0.7011533599645975
679,679,44,None,DecisionTreeClassifier,20.0,0.8018252933507171,0.8252933507170795,0.8238747553816047,0.8169977998164671
680,680,44,VAE,LogisticRegression,25.0,0.6029986962190352,0.6036505867014341,0.6066536203522505,0.6044343010909067
681,681,44,VAE,GaussianNB,25.0,0.6088657105606258,0.5945241199478487,0.6379647749510763,0.6137848684865169
682,682,44,VAE,KNeighborsClassifier,25.0,0.6636245110821382,0.6531942633637549,0.6516634050880626,0.6561607265113185
683,683,44,VAE,DecisionTreeClassifier,25.0,0.636897001303781,0.6127770534550195,0.6236138290932811,0.6244292946173605
684,684,44,SAE,LogisticRegression,25.0,0.6760104302477183,0.6929595827900913,0.7221135029354208,0.6970278386577434
685,685,44,SAE,GaussianNB,25.0,0.6245110821382008,0.6942633637548892,0.6842791911285062,0.6676845456738653
686,686,44,SAE,KNeighborsClassifier,25.0,0.6844850065189049,0.6851368970013038,0.6888454011741683,0.6861557682314589
687,687,44,SAE,DecisionTreeClassifier,25.0,0.6401564537157758,0.6564537157757496,0.6764514024787998,0.6576871906567751
688,688,44,DAE,LogisticRegression,25.0,0.6955671447196871,0.7131681877444589,0.6868884540117417,0.6985412621586292
689,689,44,DAE,GaussianNB,25.0,0.6910039113428944,0.7183833116036505,0.7064579256360078,0.7052817161941842
690,690,44,DAE,KNeighborsClassifier,25.0,0.6779661016949152,0.711212516297262,0.6862361382909328,0.6918049187610368
691,691,44,DAE,DecisionTreeClassifier,25.0,0.6603650586701434,0.6838331160365059,0.6621004566210046,0.6687662104425512
692,692,44,AE,LogisticRegression,25.0,0.6720990873533247,0.7040417209908736,0.6810176125244618,0.6857194736228868
693,693,44,AE,GaussianNB,25.0,0.6720990873533247,0.6551499348109517,0.7084148727984344,0.6785546316542369
694,694,44,AE,KNeighborsClassifier,25.0,0.6988265971316818,0.7196870925684485,0.6927592954990215,0.7037576617330505
695,695,44,AE,DecisionTreeClassifier,25.0,0.6655801825293349,0.6786179921773142,0.6686236138290933,0.6709405961785807
696,696,44,None,LogisticRegression,25.0,0.5912646675358539,0.5990873533246415,0.6040443574690151,0.5981321261098368
697,697,44,None,GaussianNB,25.0,0.5110821382007823,0.500651890482399,0.5120678408349641,0.5079339565060484
698,698,44,None,KNeighborsClassifier,25.0,0.6831812255541069,0.7138200782268579,0.6888454011741683,0.6952822349850444
699,699,44,None,DecisionTreeClassifier,25.0,0.8200782268578879,0.8265971316818774,0.8003913894324853,0.8156889159907502
700,700,44,VAE,LogisticRegression,30.0,0.6049543676662321,0.5984354628422425,0.6086105675146771,0.6040001326743839
701,701,44,VAE,GaussianNB,30.0,0.5182529335071708,0.5769230769230769,0.512720156555773,0.5359653889953403
702,702,44,VAE,KNeighborsClassifier,30.0,0.6558018252933507,0.6766623207301173,0.6673189823874756,0.6665943761369811
703,703,44,VAE,DecisionTreeClassifier,30.0,0.6179921773142112,0.6460234680573663,0.6066536203522505,0.6235564219079427
704,704,44,SAE,LogisticRegression,30.0,0.6844850065189049,0.7040417209908736,0.7071102413568167,0.6985456562888649
705,705,44,SAE,GaussianNB,30.0,0.6649282920469362,0.6694915254237288,0.6862361382909328,0.6735519852538658
706,706,44,SAE,KNeighborsClassifier,30.0,0.6668839634941329,0.6649282920469362,0.6673189823874756,0.6663770793095148
707,707,44,SAE,DecisionTreeClassifier,30.0,0.6564537157757496,0.6499348109517601,0.6464448793215917,0.6509444686830338
708,708,44,DAE,LogisticRegression,30.0,0.6838331160365059,0.6714471968709257,0.7018917155903457,0.685724009499259
709,709,44,DAE,GaussianNB,30.0,0.6447196870925684,0.6923076923076923,0.6066536203522505,0.6478936665841704
710,710,44,DAE,KNeighborsClassifier,30.0,0.7092568448500652,0.6786179921773142,0.6927592954990215,0.6935447108421336
711,711,44,DAE,DecisionTreeClassifier,30.0,0.6558018252933507,0.6349413298565841,0.6562296151337247,0.6489909234278866
712,712,44,AE,LogisticRegression,30.0,0.6975228161668839,0.6799217731421121,0.690150032615786,0.6891982073082606
713,713,44,AE,GaussianNB,30.0,0.6577574967405476,0.6968709256844849,0.6040443574690151,0.6528909266313492
714,714,44,AE,KNeighborsClassifier,30.0,0.6864406779661016,0.6916558018252934,0.6986301369863014,0.6922422055925654
715,715,44,AE,DecisionTreeClassifier,30.0,0.6603650586701434,0.651238591916558,0.6627527723418134,0.6581188076428383
716,716,44,None,LogisticRegression,30.0,0.6029986962190352,0.5697522816166884,0.6027397260273972,0.5918302346210403
717,717,44,None,GaussianNB,30.0,0.5065189048239895,0.530638852672751,0.5146771037181996,0.5172782870716467
718,718,44,None,KNeighborsClassifier,30.0,0.6766623207301173,0.6786179921773142,0.6960208741030659,0.6837670623368325
719,719,44,None,DecisionTreeClassifier,30.0,0.8024771838331161,0.7868318122555411,0.7984344422700587,0.7959144794529053
720,720,44,VAE,LogisticRegression,35.0,0.5945241199478487,0.6036505867014341,0.6073059360730594,0.6018268809074474
721,721,44,VAE,GaussianNB,35.0,0.576271186440678,0.5684485006518905,0.5818656229615133,0.5755284366846939
722,722,44,VAE,KNeighborsClassifier,35.0,0.6623207301173403,0.6297262059973925,0.6373124592302675,0.6431197984483334
723,723,44,VAE,DecisionTreeClassifier,35.0,0.6127770534550195,0.6153846153846154,0.5981735159817352,0.6087783949404567
724,724,44,SAE,LogisticRegression,35.0,0.6688396349413298,0.6805736636245111,0.6653620352250489,0.6715917779302966
725,725,44,SAE,GaussianNB,35.0,0.5482398956975228,0.5691003911342895,0.5779517286366601,0.5650973384894908
726,726,44,SAE,KNeighborsClassifier,35.0,0.6505867014341591,0.6747066492829205,0.685583822570124,0.6702923910957345
727,727,44,SAE,DecisionTreeClassifier,35.0,0.6258148631029987,0.6486310299869622,0.6516634050880626,0.6420364327260079
728,728,44,DAE,LogisticRegression,35.0,0.6303780964797914,0.6760104302477183,0.6777560339204175,0.6613815202159757
729,729,44,DAE,GaussianNB,35.0,0.5475880052151239,0.5827900912646675,0.634703196347032,0.5883604309422744
730,730,44,DAE,KNeighborsClassifier,35.0,0.6584093872229465,0.6564537157757496,0.680365296803653,0.6650761332674496
731,731,44,DAE,DecisionTreeClassifier,35.0,0.6199478487614081,0.6447196870925684,0.6627527723418134,0.6424734360652633
732,732,44,AE,LogisticRegression,35.0,0.6538461538461539,0.6792698826597132,0.6940639269406392,0.6757266544821688
733,733,44,AE,GaussianNB,35.0,0.5671447196870926,0.6701434159061278,0.6477495107632094,0.6283458821188099
734,734,44,AE,KNeighborsClassifier,35.0,0.6720990873533247,0.6584093872229465,0.6764514024787998,0.6689866256850237
735,735,44,AE,DecisionTreeClassifier,35.0,0.6395045632333768,0.6290743155149935,0.6386170906718852,0.6357319898067518
736,736,44,None,LogisticRegression,35.0,0.5860495436766623,0.5893089960886571,0.5962165688193085,0.590525036194876
737,737,44,None,GaussianNB,35.0,0.545632333767927,0.5475880052151239,0.5929549902152642,0.562058443066105
738,738,44,None,KNeighborsClassifier,35.0,0.666232073011734,0.651238591916558,0.6744944553163731,0.6639883734148885
739,739,44,None,DecisionTreeClassifier,35.0,0.7881355932203391,0.78748370273794,0.7984344422700587,0.7913512460761125
740,740,44,VAE,LogisticRegression,40.0,0.5932203389830508,0.6075619295958279,0.593607305936073,0.5981298581716507
741,741,44,VAE,GaussianNB,40.0,0.6460234680573663,0.5130378096479792,0.6092628832354859,0.5894413869802771
742,742,44,VAE,KNeighborsClassifier,40.0,0.6225554106910041,0.6421121251629727,0.6568819308545336,0.6405164889028367
743,743,44,VAE,DecisionTreeClassifier,40.0,0.5958279009126467,0.6088657105606258,0.6020874103065884,0.6022603405932869
744,744,44,SAE,LogisticRegression,40.0,0.7046936114732725,0.6883963494132985,0.669928245270711,0.6876727353857607
745,745,44,SAE,GaussianNB,40.0,0.6994784876140808,0.6766623207301173,0.6040443574690151,0.6600617219377377
746,746,44,SAE,KNeighborsClassifier,40.0,0.6694915254237288,0.6479791395045632,0.6679712981082844,0.6618139876788588
747,747,44,SAE,DecisionTreeClassifier,40.0,0.6538461538461539,0.6277705345501956,0.6392694063926939,0.6402953649296811
748,748,44,DAE,LogisticRegression,40.0,0.7020860495436767,0.6857887874837028,0.6614481409001957,0.6831076593091917
749,749,44,DAE,GaussianNB,40.0,0.6897001303780965,0.5436766623207301,0.680365296803653,0.6379140298341599
750,750,44,DAE,KNeighborsClassifier,40.0,0.6734028683181226,0.6851368970013038,0.6816699282452707,0.6800698978548989
751,751,44,DAE,DecisionTreeClassifier,40.0,0.6486310299869622,0.6323337679269883,0.6288323548597521,0.6365990509245675
752,752,44,AE,LogisticRegression,40.0,0.6864406779661016,0.6786179921773142,0.6894977168949772,0.6848521290127977
753,753,44,AE,GaussianNB,40.0,0.7020860495436767,0.6701434159061278,0.6842791911285062,0.6855028855261036
754,754,44,AE,KNeighborsClassifier,40.0,0.6923076923076923,0.6831812255541069,0.7018917155903457,0.6924602111507149
755,755,44,AE,DecisionTreeClassifier,40.0,0.6342894393741851,0.6166883963494133,0.6307893020221788,0.6272557125819258
756,756,44,None,LogisticRegression,40.0,0.5951760104302477,0.589960886571056,0.5825179386823223,0.5892182785612087
757,757,44,None,GaussianNB,40.0,0.5208604954367666,0.500651890482399,0.5179386823222439,0.5131503560804699
758,758,44,None,KNeighborsClassifier,40.0,0.666232073011734,0.6694915254237288,0.6503587736464449,0.6620274573606358
759,759,44,None,DecisionTreeClassifier,40.0,0.7496740547588006,0.7529335071707953,0.781474233529028,0.7613605984862081
760,760,44,VAE,LogisticRegression,45.0,0.6049543676662321,0.6029986962190352,0.5916503587736465,0.5998678075529713
761,761,44,VAE,GaussianNB,45.0,0.5078226857887875,0.5052151238591917,0.639921722113503,0.5509865105871606
762,762,44,VAE,KNeighborsClassifier,45.0,0.6316818774445893,0.6382007822685789,0.6568819308545336,0.6422548635225672
763,763,44,VAE,DecisionTreeClassifier,45.0,0.5736636245110821,0.6382007822685789,0.629484670580561,0.6137830257867406
764,764,44,SAE,LogisticRegression,45.0,0.6877444589308996,0.6910039113428944,0.7110241356816699,0.6965908353184881
765,765,44,SAE,GaussianNB,45.0,0.6753585397653195,0.6655801825293349,0.6262230919765166,0.6557206047570571
766,766,44,SAE,KNeighborsClassifier,45.0,0.6603650586701434,0.651238591916558,0.6581865622961514,0.6565967376276175
767,767,44,SAE,DecisionTreeClassifier,45.0,0.6075619295958279,0.6316818774445893,0.6386170906718852,0.6259536325707674
768,768,44,DAE,LogisticRegression,45.0,0.7020860495436767,0.6473272490221643,0.6679712981082844,0.6724615322247085
769,769,44,DAE,GaussianNB,45.0,0.5501955671447197,0.5475880052151239,0.6894977168949772,0.5957604297516069
770,770,44,DAE,KNeighborsClassifier,45.0,0.6916558018252934,0.6603650586701434,0.6849315068493149,0.6789841224482506
771,771,44,DAE,DecisionTreeClassifier,45.0,0.6284224250325945,0.6205997392438071,0.6490541422048272,0.6326921021604095
772,772,44,AE,LogisticRegression,45.0,0.7079530638852672,0.6747066492829205,0.6862361382909328,0.6896319504863735
773,773,44,AE,GaussianNB,45.0,0.6636245110821382,0.6655801825293349,0.6425309849967384,0.6572452262027372
774,774,44,AE,KNeighborsClassifier,45.0,0.6727509778357236,0.6786179921773142,0.6634050880626223,0.6715913526918866
775,775,44,AE,DecisionTreeClassifier,45.0,0.6584093872229465,0.651238591916558,0.6196999347684279,0.6431159713026441
776,776,44,None,LogisticRegression,45.0,0.6016949152542372,0.589960886571056,0.5981735159817352,0.5966097726023428
777,777,44,None,GaussianNB,45.0,0.5078226857887875,0.5254237288135594,0.5296803652968036,0.5209755932997168
778,778,44,None,KNeighborsClassifier,45.0,0.6486310299869622,0.6655801825293349,0.6634050880626223,0.6592054335263066
779,779,44,None,DecisionTreeClassifier,45.0,0.7711864406779662,0.7614080834419817,0.7566862361382909,0.7630935867527463
780,780,44,VAE,LogisticRegression,50.0,0.6036505867014341,0.5977835723598436,0.6046966731898239,0.6020436107503673
781,781,44,VAE,GaussianNB,50.0,0.5795306388526728,0.6303780964797914,0.5923026744944553,0.6007371366089732
782,782,44,VAE,KNeighborsClassifier,50.0,0.6336375488917861,0.6421121251629727,0.6314416177429876,0.6357304305992488
783,783,44,VAE,DecisionTreeClassifier,50.0,0.6284224250325945,0.6212516297262061,0.5694716242661448,0.606381893008315
784,784,44,SAE,LogisticRegression,50.0,0.6655801825293349,0.6714471968709257,0.6562296151337247,0.6644189981779952
785,785,44,SAE,GaussianNB,50.0,0.559973924380704,0.5495436766623207,0.6320939334637965,0.5805371781689405
786,786,44,SAE,KNeighborsClassifier,50.0,0.6440677966101694,0.6558018252933507,0.634703196347032,0.6448576060835174
787,787,44,SAE,DecisionTreeClassifier,50.0,0.6316818774445893,0.6029986962190352,0.6196999347684279,0.6181268361440174
788,788,44,DAE,LogisticRegression,50.0,0.6649282920469362,0.6942633637548892,0.6601435094585779,0.6731117217534678
789,789,44,DAE,GaussianNB,50.0,0.5951760104302477,0.636897001303781,0.634703196347032,0.6222587360270202
790,790,44,DAE,KNeighborsClassifier,50.0,0.6551499348109517,0.6668839634941329,0.6555772994129159,0.6592037325726668
791,791,44,DAE,DecisionTreeClassifier,50.0,0.6186440677966102,0.6401564537157758,0.6353555120678408,0.6313853445267422
792,792,44,AE,LogisticRegression,50.0,0.6610169491525424,0.6838331160365059,0.6960208741030659,0.6802903130973714
793,793,44,AE,GaussianNB,50.0,0.6192959582790091,0.6473272490221643,0.6607958251793868,0.6424730108268534
794,794,44,AE,KNeighborsClassifier,50.0,0.6753585397653195,0.6753585397653195,0.6627527723418134,0.6711566172908174
795,795,44,AE,DecisionTreeClassifier,50.0,0.6290743155149935,0.6271186440677966,0.6386170906718852,0.6316033500848918
796,796,44,None,LogisticRegression,50.0,0.5912646675358539,0.5723598435462842,0.5851272015655578,0.582917237549232
797,797,44,None,GaussianNB,50.0,0.5782268578878749,0.5208604954367666,0.4911937377690802,0.5300936970312405
798,798,44,None,KNeighborsClassifier,50.0,0.6531942633637549,0.6571056062581486,0.6536203522504892,0.6546400739574643
799,799,44,None,DecisionTreeClassifier,50.0,0.7627118644067796,0.7653194263363755,0.7475538160469667,0.7585283689300407
